superficie_m2,ocupantes,anio_construccion,calefaccion,aislamiento,temp_media_c,consumo_kwh
219,4,2015,electrica,medio,6.9,767.4
52,6,1972,bomba_calor,bajo,17.1,344.3
194,2,1999,bomba_calor,alto,9.3,360.1
122,6,2001,bomba_calor,medio,4.4,521.2
160,2,1991,electrica,alto,6.2,420.1
124,6,1986,gas,bajo,9.3,449.2
86,2,2005,bomba_calor,alto,12.9,191.2
120,2,1987,electrica,bajo,21.3,232.2
116,5,1996,gas,medio,12.6,399.9
177,5,1995,bomba_calor,bajo,4.7,594
120,3,1977,electrica,alto,11.6,367.1
191,5,2000,gas,alto,22.9,389.3
109,2,2013,electrica,alto,7.8,322.4
220,3,2016,bomba_calor,medio,20.8,427.1
155,4,1987,electrica,bajo,11.4,584.7
79,2,1976,bomba_calor,medio,2.7,268.9
136,2,2015,bomba_calor,medio,9,308.6
66,5,1980,electrica,bajo,17,354
192,1,1999,gas,bajo,16.6,300.5
160,2,1991,bomba_calor,alto,4.9,307.4
87,3,2005,gas,alto,6.1,274.9
136,5,2007,electrica,alto,18,382.8
130,4,1986,gas,medio,3.1,346.5
78,3,1965,electrica,bajo,21.2,232.6
49,3,1975,electrica,alto,5.6,278.9
112,4,1997,bomba_calor,alto,13.7,339.1
132,4,1993,bomba_calor,alto,20.1,350.6
137,6,1966,bomba_calor,alto,20.8,454.7
153,1,1980,gas,alto,6.9,233
128,2,2002,bomba_calor,alto,5.2,315.6
126,4,1986,electrica,medio,6.5,512
70,4,1965,gas,bajo,3.5,285.4
170,2,2021,electrica,bajo,17.4,335.3
187,4,2020,gas,alto,20.1,406.6
138,3,1999,bomba_calor,medio,6.9,354.9
207,3,1997,gas,bajo,12.5,362.5
120,4,1979,electrica,medio,4.5,528.3
54,6,2015,electrica,alto,4.1,406.6
83,1,2000,electrica,alto,20.6,141.3
189,5,1997,bomba_calor,alto,8.5,495.5
67,3,1967,gas,alto,22.3,269.4
136,3,2004,electrica,alto,9.1,344.7
41,6,2004,gas,bajo,6.3,380.5
63,3,1976,electrica,alto,9.5,299.2
133,5,2018,gas,medio,18.2,392.2
86,6,2010,electrica,bajo,7.7,594.8
211,2,2002,electrica,bajo,2.9,794.4
101,1,2005,electrica,medio,3.8,329.1
108,3,1998,gas,medio,16.9,296.3
185,2,1975,bomba_calor,alto,21.9,279.1
213,5,2017,bomba_calor,medio,13.3,521.2
176,2,1977,gas,alto,24,272.3
102,3,2012,electrica,bajo,20.5,323.8
90,4,1968,electrica,alto,3,405.2
48,5,2018,gas,bajo,9,335.6
149,4,2014,gas,bajo,9,350.1
54,4,1983,gas,alto,15,271.1
92,3,2010,bomba_calor,alto,23.7,288.9
45,1,1969,electrica,medio,5.1,218.6
166,1,2008,electrica,alto,13.8,300.5
204,2,1966,gas,medio,15.3,304.1
137,6,2016,electrica,medio,8.7,598.1
50,1,1964,electrica,bajo,8.8,223.7
144,2,2012,gas,bajo,19.5,283.7
134,3,1966,gas,bajo,7.8,296.6
122,1,2007,bomba_calor,medio,4.9,254.2
170,4,1997,electrica,medio,6.4,620.4
142,5,1982,bomba_calor,alto,13.5,389.7
77,1,1984,bomba_calor,bajo,7.4,221.8
153,1,2011,gas,bajo,2.7,241.9
131,5,2001,gas,alto,23.2,364.4
151,3,1965,gas,alto,13.7,358.3
219,4,1972,electrica,alto,2.7,726.1
78,5,2011,gas,bajo,15.1,319.5
47,3,1973,bomba_calor,alto,23.7,244.5
220,5,2021,bomba_calor,medio,20.4,437.4
104,1,1989,electrica,bajo,23.7,178
132,2,2019,electrica,medio,9.8,386.9
179,2,1991,gas,medio,5.2,296.5
129,5,1968,electrica,bajo,4.6,771.5
132,6,2000,gas,bajo,6.7,494
216,5,1989,bomba_calor,bajo,5.9,586.3
134,6,1987,electrica,medio,17.7,427.5
184,5,1965,bomba_calor,bajo,5.5,566.7
152,2,2012,gas,bajo,20.9,256.4
104,1,1996,gas,alto,3.5,168.8
187,3,1989,gas,bajo,10.9,383.2
65,1,2020,gas,medio,15.3,161.6
163,5,2018,gas,medio,15,394.8
187,1,1988,electrica,medio,13.2,381.3
66,5,1975,bomba_calor,bajo,10.9,330
148,1,2017,gas,bajo,9.9,246.1
66,5,2019,bomba_calor,medio,20.2,313.3
154,3,2021,bomba_calor,alto,10,352.8
178,6,1965,bomba_calor,alto,22,448.2
76,5,1977,bomba_calor,alto,6.6,373.5
70,5,1964,electrica,bajo,10,401.8
135,5,1997,gas,medio,18.2,385.1
147,4,1986,bomba_calor,bajo,7.8,409.9
147,6,1966,gas,alto,12.6,486.6
195,3,1997,electrica,alto,10.1,425
215,1,2017,electrica,medio,23.1,270.2
110,6,2015,bomba_calor,alto,12,434.8
104,4,1970,gas,medio,10.1,322.2
97,4,2002,electrica,medio,23.7,299.4
136,1,1973,bomba_calor,medio,5.5,298.6
196,5,2003,electrica,bajo,14.9,563.2
112,3,2001,gas,medio,18.2,285.5
203,4,2009,bomba_calor,alto,5.7,492.3
203,5,2015,bomba_calor,medio,17.8,499.6
48,6,2012,gas,medio,5.6,379.6
191,3,1993,electrica,medio,18.3,358.8
127,3,1973,bomba_calor,alto,7.7,303.6
72,2,1995,gas,bajo,16.8,214.1
41,2,2015,bomba_calor,alto,9.7,201.7
69,4,1992,bomba_calor,bajo,11.7,291.9
122,6,1974,gas,medio,7.7,428.5
107,6,1969,electrica,alto,20,427.1
172,4,1971,gas,alto,12.8,371.5
70,6,2001,bomba_calor,medio,10.7,408.2
48,2,1961,electrica,alto,9.9,186
206,4,1981,bomba_calor,alto,5,491.7
104,1,1962,electrica,medio,5.6,416.5
130,3,1960,bomba_calor,alto,15.9,300.9
139,3,1964,bomba_calor,bajo,13.9,304.1
95,4,2012,electrica,bajo,19.3,298.8
146,5,1991,bomba_calor,bajo,17.9,412.8
58,4,1979,gas,alto,19.5,275.2
146,1,2013,bomba_calor,alto,11.8,238.3
72,3,2009,gas,bajo,13.5,282.6
43,5,2011,gas,medio,18.2,334.3
111,6,1985,gas,bajo,8.3,499.7
157,4,1976,bomba_calor,medio,23.7,353.3
94,1,1979,electrica,bajo,18,188.2
45,6,2017,bomba_calor,alto,11,395.5
147,2,1961,gas,medio,7,306.5
211,5,2006,electrica,medio,3.8,802.3
154,6,1987,bomba_calor,alto,5.8,454.6
136,1,1975,gas,medio,16.8,191.3
75,6,1998,gas,medio,6.3,400.6
203,2,1975,gas,medio,5.9,333.4
123,5,2007,gas,alto,3.8,382.2
80,6,1965,gas,medio,14.1,415.3
142,1,1965,bomba_calor,medio,18.8,234.6
51,4,2009,bomba_calor,alto,18.5,309.2
133,5,2009,gas,alto,5,358.1
82,2,1980,gas,medio,2.8,260.2
147,2,1979,bomba_calor,medio,20.3,262.2
123,3,1967,gas,alto,10.2,290.1
212,5,2016,electrica,medio,11.4,637.3
151,6,2009,gas,alto,12.7,408.1
123,1,1988,gas,alto,9.4,182.1
127,2,1998,gas,medio,22.4,261.7
108,3,1962,gas,bajo,13,325.8
114,1,1965,electrica,medio,22.7,206.6
207,3,1974,electrica,bajo,8.6,703.2
82,3,1970,electrica,medio,11.9,353.3
73,5,1961,gas,bajo,3,351.4
192,2,1988,gas,bajo,16.4,326.1
56,4,1977,electrica,alto,6.9,338.8
160,1,2010,gas,alto,8.5,246.9
118,2,1983,bomba_calor,alto,7,300
103,1,1979,gas,alto,17,214.7
127,3,1978,bomba_calor,medio,19.8,290.8
98,2,1960,bomba_calor,bajo,5.6,331.6
98,5,2014,electrica,alto,6.7,452
117,6,1984,electrica,medio,14.1,454.8
57,6,1978,gas,medio,19.5,376.5
54,6,1984,bomba_calor,medio,16.2,400.7
196,3,1979,electrica,bajo,22.6,362.5
68,6,2008,gas,bajo,2.7,427.2
82,2,1986,gas,bajo,22.4,214.7
182,4,1961,gas,medio,6.1,391.4
73,4,1965,gas,bajo,7.4,297.8
112,3,1981,electrica,alto,16.2,306.2
162,5,1997,bomba_calor,bajo,3.3,523.9
150,4,1992,gas,bajo,14.9,396.8
196,1,2003,electrica,medio,22.6,228.4
75,1,1962,bomba_calor,medio,17.5,161.1
95,1,1972,electrica,alto,8.7,264.3
173,4,1983,electrica,alto,12.5,440.4
153,6,2002,gas,alto,23.5,444.1
59,2,1980,gas,alto,21.4,175
75,2,1986,bomba_calor,bajo,11.8,218.3
141,5,1976,electrica,medio,2.2,746.9
142,6,1964,electrica,medio,7.9,660.4
125,6,1969,gas,bajo,5,462.9
196,2,1993,gas,bajo,11.8,306.8
192,1,2019,gas,medio,23.8,255.2
90,6,2020,bomba_calor,alto,9.7,384.3
43,3,1967,electrica,medio,6.6,308.2
187,6,1962,gas,bajo,15.4,479.9
118,4,2015,bomba_calor,bajo,8,386
87,4,1962,gas,alto,5.9,321
112,5,2009,electrica,alto,6.9,498
155,3,1964,electrica,alto,12.3,355.6
107,2,2002,gas,bajo,3.3,224.4
173,2,1967,bomba_calor,medio,10.3,331.7
158,2,1982,electrica,alto,9.4,422.9
74,5,2020,gas,alto,21.8,336.7
118,6,1983,electrica,alto,13.2,532.4
81,1,2002,electrica,bajo,14.8,213.2
66,4,1963,bomba_calor,alto,5.2,327.1
149,4,1965,gas,medio,2.5,383.4
122,5,2011,gas,medio,20.8,389.7
185,3,1964,electrica,bajo,2.8,928.8
212,5,2004,gas,medio,20,441.9
159,3,2000,electrica,bajo,19.1,355.6
147,1,1974,electrica,bajo,4.6,552.6
89,6,2022,bomba_calor,medio,10.5,462.3
213,5,1991,gas,alto,7.3,479.9
50,1,1969,bomba_calor,bajo,3.5,179.4
208,6,1963,gas,alto,12,499.7
69,5,1976,bomba_calor,alto,6.9,384.3
50,2,1974,electrica,bajo,10.5,244.7
136,1,1988,gas,medio,6.1,214.6
130,3,1972,bomba_calor,medio,14.1,336.9
218,4,1982,bomba_calor,alto,10.9,465.6
100,3,1994,electrica,bajo,23.8,258
154,3,1968,bomba_calor,medio,23.8,298.1
208,1,1997,electrica,medio,8.5,447.8
63,1,2008,electrica,bajo,22.5,136.2
51,2,1994,gas,alto,12.2,177.3
137,1,2011,gas,alto,2.7,232.3
135,1,2012,gas,alto,22.7,233.7
179,2,1999,gas,bajo,23.6,290.2
135,6,1997,gas,medio,13.3,414.8
100,6,1979,gas,medio,5.6,442.6
69,6,1969,bomba_calor,medio,20.5,415
150,5,2001,electrica,bajo,20.3,384.4
111,2,1962,gas,bajo,5.2,268.2
86,1,2016,bomba_calor,alto,13.1,155.9
92,2,1982,electrica,alto,20.6,237.5
204,5,2002,gas,medio,8.1,419.9
157,6,2017,electrica,alto,22,464.2
124,4,1989,electrica,medio,18.7,356
89,1,1977,electrica,medio,21.1,194.6
159,3,2007,electrica,bajo,6.4,688.8
195,5,1962,bomba_calor,medio,22.8,410.9
189,3,2010,electrica,bajo,9.6,631.5
61,3,1988,gas,bajo,4.8,260.8
140,5,1970,gas,bajo,11.2,394
93,5,2005,electrica,alto,3.7,445.9
167,1,2020,electrica,medio,20.1,248.7
213,3,1993,electrica,alto,4.4,610.6
215,5,2011,bomba_calor,bajo,4.5,612.7
186,6,2018,bomba_calor,medio,16.9,456.9
77,6,1973,gas,bajo,13,435.5
145,3,1977,gas,bajo,7.8,326.4
187,1,1960,bomba_calor,bajo,6.7,406.1
110,4,1991,gas,medio,16.9,299.2
106,1,1971,electrica,bajo,21,154.5
175,6,1973,gas,bajo,3.7,468.1
196,3,1974,bomba_calor,bajo,4.8,484.6
57,2,1970,gas,medio,16.2,205.4
143,3,1984,bomba_calor,bajo,7.8,364.1
59,5,1974,bomba_calor,medio,21.3,337.3
207,2,1981,bomba_calor,bajo,15.8,330.2
64,4,1987,electrica,alto,13.1,311
206,2,1985,bomba_calor,bajo,5.8,508.2
44,6,1996,gas,medio,7.3,377.5
58,3,2017,electrica,alto,3.7,350.7
206,1,1972,electrica,medio,15,344.7
142,6,1961,gas,alto,2,431.7
70,4,1977,bomba_calor,medio,2.9,351.7
115,6,1967,electrica,medio,2.8,606.1
194,1,2018,bomba_calor,bajo,7,369.3
72,3,2021,gas,medio,19.1,227.6
116,5,1985,electrica,medio,3.6,620.5
73,2,2013,bomba_calor,bajo,21.4,204.5
154,4,1999,bomba_calor,alto,4.4,391.7
42,6,2006,bomba_calor,medio,17.5,390.9
118,4,2010,electrica,alto,3.7,463.4
107,2,1970,bomba_calor,medio,4.1,290.2
128,5,1970,gas,medio,3.5,402.6
129,3,2020,gas,medio,8.7,300.7
153,1,1982,electrica,bajo,16.6,284.9
215,6,2010,electrica,alto,2.8,746.6
164,1,2009,gas,alto,2.1,226.8
182,4,1977,electrica,alto,13.6,388.3
116,5,1977,bomba_calor,alto,23.3,359.8
200,3,2015,gas,bajo,6.2,378.8
90,2,2013,electrica,bajo,18.3,228
72,5,1965,bomba_calor,medio,23.1,333.8
219,4,2011,electrica,bajo,13.4,563.6
207,3,2020,gas,alto,20.5,404.8
110,5,1966,bomba_calor,alto,22.9,346.5
73,1,1989,bomba_calor,alto,7.9,190.9
136,5,1991,gas,alto,10.5,361.1
216,3,1961,bomba_calor,bajo,13.2,445.6
198,3,2003,bomba_calor,bajo,3.4,479.7
77,6,2015,gas,medio,9.1,412.9
207,3,1990,gas,bajo,8.7,428.6
166,2,1997,bomba_calor,alto,7.8,309.1
197,5,1977,gas,alto,23.4,409.9
86,5,2002,bomba_calor,alto,6.2,385.8
46,2,1990,electrica,alto,13.1,189.1
137,5,1963,gas,medio,20.6,356.2
217,6,2003,gas,bajo,5.8,585.6
187,1,2016,gas,bajo,13.4,269.2
107,4,1984,electrica,alto,2.3,462.5
95,5,2005,gas,medio,21.5,356
49,4,1988,electrica,medio,18.9,270.9
170,6,2003,bomba_calor,bajo,13.4,465.6
73,6,1965,electrica,medio,22.4,422.1
131,3,1964,electrica,medio,8.3,454.4
204,5,1973,bomba_calor,medio,16.5,479.6
184,6,1990,electrica,medio,10.2,647.7
172,3,1992,electrica,alto,10.6,415.7
68,4,2001,gas,bajo,2.1,321.6
107,1,1987,bomba_calor,alto,3.3,233.5
200,2,1977,electrica,bajo,12,511.4
60,5,1964,electrica,bajo,4.5,515.4
49,1,2014,bomba_calor,medio,20.7,149.8
154,1,1987,gas,alto,21.1,200.3
41,3,1971,gas,medio,4.1,220
89,2,1994,gas,alto,23.1,241.6
108,1,1993,gas,medio,8.8,228.6
184,2,2000,electrica,alto,15.9,315
70,4,2021,gas,bajo,20.3,285.1
75,5,1971,gas,bajo,7.1,353
47,1,1960,bomba_calor,bajo,2.1,206.5
101,4,1964,gas,alto,7,306.4
163,5,2009,electrica,bajo,4.9,743.7
66,1,1963,bomba_calor,alto,23.7,156.9
151,3,1977,electrica,alto,14.1,324.7
183,6,1961,bomba_calor,bajo,21,524.4
134,1,1968,gas,bajo,22.1,240.5
149,3,2001,bomba_calor,alto,11.8,326.3
180,4,1995,bomba_calor,alto,18.2,413.2
110,3,2021,electrica,alto,19,274.8
111,5,2018,electrica,bajo,18.4,360
59,2,2002,bomba_calor,bajo,2.4,258.2
128,5,1970,bomba_calor,medio,2.3,472
61,2,1972,electrica,alto,9.7,216.7
116,1,2018,gas,alto,22,205.7
90,2,2016,electrica,alto,9.8,274
126,5,2007,bomba_calor,bajo,12.6,462.9
205,2,2009,gas,bajo,14.5,333.6
41,3,2000,bomba_calor,medio,21.8,227.4
144,4,1980,electrica,bajo,19.1,338.3
83,6,1997,bomba_calor,alto,11.5,452.3
201,1,2017,gas,bajo,22.3,319.5
190,5,2022,gas,medio,2.6,413.7
215,5,2021,bomba_calor,alto,13.8,485.5
82,1,2004,bomba_calor,bajo,23.6,152.3
156,4,1986,bomba_calor,alto,15.8,365.7
92,3,2007,gas,bajo,18.4,258.8
174,4,1972,electrica,bajo,21.5,375.3
54,2,1977,bomba_calor,alto,8.1,194.3
118,5,1984,electrica,bajo,4.7,654.7
85,3,1973,bomba_calor,bajo,4.8,319.6
65,5,1968,electrica,medio,14.1,319.1
187,1,2012,electrica,bajo,19.4,243.9
216,6,1996,bomba_calor,medio,21.9,550.8
139,6,1978,bomba_calor,bajo,4.8,530.3
118,6,1979,electrica,medio,10.2,597.4
157,5,2016,gas,alto,19,433.3
201,6,1984,gas,alto,4.5,553.3
134,6,2005,electrica,alto,4.7,564.1
143,1,1999,bomba_calor,medio,2.8,322.8
100,4,1979,electrica,medio,22.5,298.9
135,5,1963,bomba_calor,medio,8.1,476.7
196,5,1988,gas,alto,7.9,473.6
196,2,1996,electrica,alto,3.3,515.5
191,6,1998,electrica,bajo,10.2,705.8
82,3,2014,electrica,medio,4.1,413.1
97,4,1965,bomba_calor,medio,19.2,333.2
103,2,1998,bomba_calor,alto,15.5,229.9
200,6,2007,bomba_calor,alto,5.8,525.7
196,3,1972,gas,bajo,12.3,396.7
139,2,2011,bomba_calor,alto,3.8,312.5
178,3,1996,gas,alto,15.6,308.7
199,2,1979,electrica,bajo,10,561.2
110,3,1968,electrica,bajo,16.7,330.7
129,5,1988,electrica,medio,23.8,405.6
47,4,1982,bomba_calor,bajo,18.5,266.1
59,3,1966,electrica,alto,5.7,322.4
122,6,2019,electrica,bajo,8,667
52,1,1994,bomba_calor,alto,5.6,183.8
207,4,1982,gas,medio,20.3,397.9
44,4,2018,electrica,medio,7.4,300.1
85,2,2013,electrica,alto,22.2,236
206,5,2010,gas,alto,17.3,449.6
169,3,1965,bomba_calor,bajo,18.6,295.7
86,6,2013,electrica,alto,9.1,454.2
147,6,1995,gas,bajo,10.1,519.6
66,5,1963,electrica,bajo,17.8,370.6
90,6,1996,bomba_calor,alto,5.2,449.5
175,2,1976,gas,alto,4.5,300.4
87,4,1993,bomba_calor,medio,5.3,387.8
79,6,2005,bomba_calor,bajo,10.8,409.4
127,1,1961,electrica,medio,20.8,186.9
85,5,2000,electrica,alto,16.8,356.1
183,3,1971,bomba_calor,alto,10.3,380.5
194,1,1995,bomba_calor,medio,15.1,317.9
219,5,1998,electrica,alto,19.7,487.1
158,1,1980,electrica,medio,14.2,317.8
160,1,1988,bomba_calor,medio,16,242.5
70,2,1968,bomba_calor,bajo,18.9,190.3
91,1,1996,electrica,medio,17.3,176.7
78,2,1984,bomba_calor,medio,22.4,225.7
56,2,2012,gas,bajo,20.7,216.1
89,6,2010,gas,medio,14.7,431.2
131,4,1986,gas,alto,19.9,318.7
123,2,1987,electrica,bajo,2.6,619.2
161,2,1965,electrica,medio,4.6,609.4
140,4,2000,electrica,alto,18.9,351.2
129,5,1969,gas,medio,15.1,423.3
116,1,2013,electrica,medio,15.3,200
202,3,2009,gas,bajo,23.4,360.9
170,1,1982,electrica,alto,4.8,470
68,3,1962,bomba_calor,bajo,16.2,261.6
155,1,1964,bomba_calor,medio,23.4,229.4
70,5,1989,electrica,medio,7,454.2
204,6,1990,bomba_calor,bajo,14.1,553.2
57,4,1993,bomba_calor,bajo,2.3,357.7
178,5,1990,electrica,medio,3.2,794.8
62,1,1973,bomba_calor,bajo,18.4,166.8
111,4,2012,gas,medio,19.1,301.5
80,5,1986,gas,medio,7,383
207,4,2009,electrica,alto,17.2,417.5
175,6,2001,gas,bajo,7.7,448.6
123,6,1983,bomba_calor,alto,15.3,461.9
153,1,1998,gas,alto,13.5,242.6
163,2,2017,electrica,bajo,11.4,426.6
101,2,1965,electrica,alto,17.8,198.9
97,5,2014,electrica,bajo,19.2,365.7
100,2,1968,bomba_calor,medio,9.5,237
117,1,2005,gas,alto,15.1,215.3
192,6,1984,electrica,medio,23.2,473.5
187,6,2000,gas,alto,10.7,537.3
125,3,2008,electrica,medio,3.6,506.7
75,4,1960,bomba_calor,bajo,23,272.5
186,3,1977,gas,alto,12.4,370.2
64,6,2006,bomba_calor,bajo,7.4,443
42,6,2018,bomba_calor,bajo,15,400.7
87,3,1995,gas,bajo,15.8,287.3
80,5,1986,electrica,bajo,12.1,405.8
154,3,2017,bomba_calor,bajo,11.6,357.5
58,2,1996,gas,bajo,17.4,194.4
159,4,2018,bomba_calor,medio,16.4,410.9
81,4,1973,electrica,bajo,21,319.6
71,1,1964,gas,medio,15.9,171.6
184,1,1990,bomba_calor,alto,11.8,312.4
60,1,1989,gas,alto,11.3,154
119,1,2001,electrica,medio,20.6,228.6
135,3,2015,electrica,medio,21.9,282.3
169,3,2007,electrica,alto,14.7,345.5
42,1,2007,electrica,bajo,18.5,155.8
174,6,1970,bomba_calor,medio,7.3,513.9
180,4,1973,gas,alto,12.6,444.5
107,2,1966,electrica,alto,19.3,238.2
189,3,2017,bomba_calor,medio,7.8,424.7
83,2,1993,electrica,medio,23.5,193.7
163,6,1971,electrica,alto,18,458.2
162,4,2011,gas,medio,9.6,379.3
124,6,1978,gas,medio,6.4,449.3
57,6,1968,bomba_calor,bajo,14.9,421.4
176,3,1964,electrica,medio,6.4,615.9
136,3,2006,electrica,bajo,3.1,668.1
150,2,2022,bomba_calor,medio,10.8,316.5
53,1,2002,bomba_calor,alto,15.6,163.4
207,1,1979,gas,medio,4.5,348.8
147,5,2007,bomba_calor,bajo,18.2,403.8
87,1,1995,electrica,medio,5.8,332.4
81,1,2005,bomba_calor,alto,6.1,161.4
85,6,1971,gas,alto,3.2,422.8
199,5,2007,bomba_calor,medio,12.3,437.8
98,6,1996,bomba_calor,medio,5.2,479.9
71,1,1992,gas,alto,6.4,152.2
50,2,1960,bomba_calor,bajo,15.9,180.4
169,4,1994,bomba_calor,bajo,21.2,359.9
182,3,2013,electrica,medio,8,525.1
125,5,2013,electrica,alto,2.5,497.7
52,5,1960,electrica,bajo,7.5,463.5
199,5,2007,bomba_calor,bajo,17.5,455.6
117,3,2021,electrica,alto,3.9,379.2
130,1,1992,bomba_calor,medio,11.6,233.1
175,6,2019,gas,bajo,18.4,459.9
119,4,1987,gas,alto,12.6,315.8
40,3,2001,gas,alto,17.5,221.1
154,4,1979,gas,bajo,21,401.6
151,4,1993,bomba_calor,alto,20.9,332.8
195,6,1990,gas,bajo,21.4,509.4
190,2,1995,electrica,bajo,13.5,405.4
69,3,2013,gas,alto,5.1,233.9
191,2,1994,electrica,medio,6.9,505.5
141,2,2007,electrica,medio,14.9,294.6
77,1,1963,bomba_calor,alto,20.5,176
42,1,1963,bomba_calor,alto,15.5,147.8
185,3,2015,gas,medio,8.5,340
68,6,1981,gas,medio,20.4,385.1
202,5,2013,bomba_calor,alto,18,451.9
101,2,2014,gas,medio,16.2,222.9
152,1,1967,bomba_calor,alto,7.5,242.9
116,5,1999,gas,bajo,10.4,370.8
81,1,2009,bomba_calor,medio,19.9,153.9
95,6,1960,electrica,medio,5.4,566.9
207,3,1998,bomba_calor,alto,4.7,400.1
123,1,1967,bomba_calor,medio,18.2,205.2
149,3,2007,electrica,medio,12.2,396.9
146,4,1991,bomba_calor,bajo,8.2,436
69,5,2015,bomba_calor,bajo,6.7,377.4
130,1,1981,electrica,medio,5.7,391.8
64,2,1972,bomba_calor,medio,16.7,237.6
148,6,1997,electrica,bajo,10.2,693.7
81,5,1961,electrica,alto,3.8,423.5
75,1,1963,electrica,alto,4.9,247.8
135,4,1982,gas,alto,2.3,357.6
174,4,1997,bomba_calor,medio,2.3,453.8
77,4,1988,bomba_calor,alto,23.4,305.3
132,5,1996,electrica,medio,21.3,387.9
56,2,1978,bomba_calor,alto,22,195.3
215,4,1976,electrica,medio,21.4,459.2
74,3,2014,bomba_calor,bajo,6.8,332.8
220,5,1979,electrica,alto,6.9,634.3
116,6,2000,electrica,alto,6.5,549.3
122,2,1965,electrica,bajo,2.5,619.2
132,2,1979,bomba_calor,alto,10.7,308.1
136,6,1980,gas,medio,2.7,481.1
157,6,1983,gas,bajo,11.4,439.6
118,3,2008,bomba_calor,bajo,5.7,348.4
135,1,1976,gas,bajo,17.1,234.5
81,6,2012,gas,bajo,4,438.2
80,3,2000,electrica,medio,18.3,249.8
208,2,2011,electrica,medio,12,496.6
167,3,1985,electrica,bajo,11.4,574.9
87,4,2008,electrica,alto,19,332.7
166,2,1977,gas,bajo,14.1,283.8
72,3,1973,gas,alto,14.4,267.1
117,3,2019,bomba_calor,alto,14.1,304.3
65,3,1974,bomba_calor,bajo,6.5,330.2
91,6,2012,electrica,medio,7.9,570.1
91,4,2001,bomba_calor,medio,11.8,333.2
130,3,2010,gas,medio,2.5,340.6
207,3,1984,electrica,alto,8.3,564.7
66,6,1968,gas,medio,15.9,365.2
178,4,2020,gas,medio,2.1,397.6
123,6,1986,gas,alto,11.9,399.7
149,4,1968,bomba_calor,bajo,5.3,472.3
65,4,1975,bomba_calor,medio,9.2,329.8
168,4,1969,electrica,alto,22.6,424.6
197,3,1983,electrica,alto,11.4,451.7
210,6,2015,gas,medio,11.9,498.1
97,1,1968,gas,alto,22.7,198.7
117,6,2019,electrica,medio,3.8,665.1
74,1,1960,gas,medio,18.7,167
147,1,1993,electrica,medio,13,312.8
192,5,1997,electrica,medio,3.6,730.2
94,4,1968,gas,alto,9.1,304.8
114,4,2021,gas,medio,22.1,318.8
107,5,1994,gas,medio,6.8,382.1
118,6,1991,electrica,bajo,14,530.7
116,6,1967,gas,alto,12.7,390.7
72,1,1990,bomba_calor,medio,12.6,165.6
74,5,1972,electrica,bajo,10.2,452.3
193,3,2002,gas,bajo,13.2,316.2
128,6,2014,bomba_calor,bajo,9.1,472.4
163,6,1971,bomba_calor,alto,17.3,462.1
209,2,1963,electrica,bajo,21.2,320
103,4,2017,gas,medio,6.1,288.3
176,1,2018,gas,alto,15.2,249.6
77,3,2015,electrica,medio,12,302.1
81,4,2005,gas,alto,3.2,315.6
91,5,2019,electrica,alto,17.1,366
69,1,1984,bomba_calor,alto,3.7,186.9
76,4,1985,electrica,medio,13,317.9
211,2,2010,gas,medio,10.1,376.1
140,5,2008,gas,bajo,8.7,450.4
182,3,1962,gas,bajo,16.2,316.4
147,3,1968,bomba_calor,medio,4.9,373
49,2,1978,electrica,alto,13.9,233.9
59,1,1971,gas,alto,23.1,169.3
190,6,2013,gas,bajo,3,444.1
93,3,2011,bomba_calor,bajo,15.9,265.1
84,3,1965,bomba_calor,bajo,22.7,235
88,2,1987,bomba_calor,medio,21.6,222
92,4,1966,gas,bajo,2.9,373.6
206,4,1972,bomba_calor,alto,23.3,439.2
169,6,2019,bomba_calor,bajo,10.9,507.1
40,3,1983,gas,bajo,13.7,229.5
71,2,2016,bomba_calor,bajo,5.1,259.2
135,6,1971,gas,alto,10.6,495.1
191,2,1966,electrica,bajo,21.8,309.1
174,2,1997,electrica,alto,8.8,401
66,5,1995,gas,medio,6.2,358
143,4,1968,electrica,alto,2.4,553.7
159,5,2005,gas,bajo,17.3,390
163,6,1964,bomba_calor,bajo,22.1,465
191,4,1979,electrica,medio,11.5,607.5
210,5,1975,bomba_calor,bajo,23,423.4
171,4,1990,electrica,bajo,11.5,602.9
44,5,1973,electrica,bajo,17.6,305.5
41,3,2020,electrica,medio,12.1,229.4
134,3,1980,bomba_calor,alto,20.6,324.3
118,5,1998,electrica,medio,18.7,356.3
45,1,1970,bomba_calor,alto,15.9,143.6
53,3,2016,gas,alto,14.4,265.8
189,3,2003,gas,bajo,7.9,350.1
85,6,1984,electrica,medio,5.3,581.3
157,4,1973,gas,bajo,17.2,358.4
55,4,1999,bomba_calor,bajo,22.7,313.2
92,6,1991,gas,alto,11.4,379.1
166,6,1984,bomba_calor,alto,8.1,502.6
135,5,2008,electrica,medio,11.6,495.2
161,2,1966,gas,alto,13.5,314.3
171,1,1981,electrica,alto,2.7,462.5
113,3,2022,gas,alto,17.2,326.8
165,2,1974,gas,alto,17,313.2
210,1,1969,gas,medio,18.7,299.8
73,4,2008,bomba_calor,medio,14.3,291.4
175,5,2015,gas,bajo,16.6,387.9
98,2,1979,gas,bajo,16.4,230.2
211,5,2019,electrica,bajo,12.6,697.7
179,1,1985,bomba_calor,medio,2.3,380.5
123,5,2012,gas,medio,11.2,419.2
169,4,1992,gas,medio,4.5,372.2
165,3,1992,bomba_calor,bajo,13.3,351.9
50,4,2014,bomba_calor,medio,20.3,300.1
155,5,1971,gas,bajo,9.4,408.7
138,1,2005,electrica,medio,17.1,231.2
62,3,2004,gas,alto,17.1,246.2
98,1,2020,gas,bajo,14.9,176.1
68,6,1999,electrica,medio,13.5,395.8
142,4,1969,electrica,alto,13,425.9
76,3,2021,gas,bajo,11.1,270.1
206,3,2000,gas,alto,10.1,362
94,5,1965,electrica,medio,20.6,392.8
127,2,1964,electrica,bajo,17.5,270.3
113,5,2008,bomba_calor,alto,12.2,368
135,6,2021,electrica,bajo,19.5,457.9
93,4,1977,bomba_calor,bajo,10.9,347.1
138,1,2013,electrica,alto,21.6,200.1
127,2,1962,electrica,bajo,11.9,433.4
107,5,1964,bomba_calor,bajo,23,386.6
142,1,2007,bomba_calor,bajo,4.7,294
56,3,1988,gas,alto,11.2,238.4
143,1,2009,gas,bajo,11.9,212.3
142,6,1969,gas,alto,18.3,441.1
93,1,2010,electrica,alto,8.1,272.4
83,1,1988,electrica,bajo,2.4,404.7
218,3,1971,electrica,medio,3.7,852.4
190,1,1984,bomba_calor,alto,14,262.2
169,1,1979,bomba_calor,bajo,3.4,385.6
81,3,2003,gas,bajo,23.6,243.3
111,4,1999,gas,medio,13,328.9
204,1,1977,bomba_calor,alto,10.3,305.8
178,6,2000,bomba_calor,medio,11.8,498.4
70,5,1973,electrica,alto,11.9,393.4
205,1,1995,bomba_calor,medio,11.3,346.7
141,4,2018,gas,bajo,20.6,355.6
171,5,1992,gas,bajo,6.9,408.9
201,2,1974,bomba_calor,medio,11.2,378.5
78,5,1974,bomba_calor,alto,11.4,329.5
156,6,1971,gas,bajo,15.5,496.9
128,5,1995,gas,bajo,14.6,358.5
209,3,1983,electrica,medio,21.1,356.3
198,1,2021,bomba_calor,alto,15.7,292.9
163,1,1990,bomba_calor,alto,8.3,309.8
43,6,1978,gas,bajo,21.5,358.8
116,5,1992,bomba_calor,alto,17.1,362.7
102,3,2001,bomba_calor,alto,21,269.5
110,1,1974,gas,bajo,8.1,246.2
141,1,2015,bomba_calor,alto,12.3,225.1
151,2,1999,gas,alto,7.4,245.6
193,1,2018,electrica,alto,20.2,262.8
100,5,1989,gas,bajo,12.8,356
179,2,1989,bomba_calor,medio,5.1,372.2
79,1,1975,bomba_calor,alto,10.2,182.4
94,1,1970,gas,alto,3.1,157.3
219,6,1984,gas,bajo,23.1,496.8
94,6,2020,bomba_calor,alto,6.5,394.8
134,1,2004,electrica,alto,15.1,215.3
205,2,1993,electrica,bajo,21.3,306.6
144,1,2002,gas,medio,13.8,236.9
91,5,1995,gas,bajo,15.7,350.1
218,3,2011,gas,alto,7.3,410.5
174,2,1961,gas,medio,18.4,282.5
157,6,1986,electrica,bajo,14,521.9
167,3,1996,electrica,alto,23.7,315.3
135,3,1965,gas,bajo,6.5,322.3
58,4,1964,bomba_calor,medio,22.2,284.6
180,2,2006,electrica,bajo,7.2,550.6
206,2,2020,electrica,medio,10,472.1
87,6,2010,gas,alto,10.5,377.7
185,4,1966,electrica,alto,14.6,454.4
150,2,1970,gas,medio,16.9,275.5
199,6,2012,electrica,alto,12.3,560.6
216,5,1971,bomba_calor,bajo,12.2,502.8
150,4,1977,bomba_calor,medio,10.6,352.5
74,2,1999,gas,medio,5.9,214
58,5,1968,bomba_calor,bajo,15.7,318.7
47,6,2017,electrica,medio,15,355.1
194,4,1983,bomba_calor,bajo,16.8,458.6
187,2,1987,electrica,medio,14.2,416.4
192,4,1997,gas,medio,16,407.8
169,1,2015,gas,alto,16.8,216.3
218,3,1976,bomba_calor,alto,14.5,382.3
83,6,1990,bomba_calor,medio,13.4,401
159,5,1991,bomba_calor,bajo,23.5,432.5
84,5,1979,bomba_calor,alto,22.7,357.6
165,2,1965,electrica,bajo,4.6,701.3
148,2,1978,gas,bajo,19.4,266.3
163,6,1992,electrica,medio,6.7,694.1
87,4,1987,electrica,medio,2.8,531.6
186,5,1991,electrica,bajo,13.4,506.7
109,2,2011,electrica,alto,18.9,244.3
59,1,1964,bomba_calor,bajo,19.8,159.9
63,3,2020,gas,bajo,19.4,236.1
131,4,1998,electrica,medio,21.8,389
196,2,2017,gas,medio,5.2,383.2
201,5,1978,bomba_calor,bajo,22.7,421.7
191,1,2013,bomba_calor,medio,14.3,257.6
153,1,2020,bomba_calor,medio,20.9,241.6
211,2,2010,gas,bajo,10.6,380.5
167,2,1998,electrica,bajo,23.5,281.2
177,4,2009,electrica,alto,8.5,495.2
162,2,1982,gas,alto,16.7,303.4
109,6,2002,bomba_calor,bajo,2.5,469.2
141,2,1973,electrica,bajo,17,296.4
121,1,1970,gas,medio,17.6,199.4
106,4,1988,electrica,bajo,8,539.8
208,1,1978,gas,alto,14.3,258.2
117,4,2018,bomba_calor,bajo,6,436.5
152,2,1968,electrica,medio,21.8,293.7
205,6,2012,bomba_calor,alto,5.3,510.2
73,6,1998,gas,medio,3.8,392.1
56,5,1992,bomba_calor,medio,4.5,371.5
119,2,2004,gas,medio,13.7,243.9
173,3,2006,bomba_calor,medio,16.6,347.7
41,3,1969,gas,medio,19.6,220.2
62,6,1964,gas,alto,4.4,392.4
80,2,1970,electrica,medio,10,290.3
92,6,2014,gas,medio,19.1,403.6
207,1,1970,electrica,alto,8.4,435.3
191,1,2006,bomba_calor,medio,16.7,289.1
103,2,2007,bomba_calor,bajo,11.1,301.4
68,4,2005,gas,bajo,13,312.7
56,4,2015,electrica,alto,14,278.3
75,5,1990,electrica,medio,24,349.6
133,3,1979,gas,bajo,8.6,348.7
132,1,1998,bomba_calor,bajo,13.8,231.3
43,6,2006,electrica,alto,17.8,380.2
146,5,2000,gas,medio,5,425.8
131,3,1981,gas,bajo,15.9,297.1
168,2,1988,electrica,bajo,5.9,676.6
109,1,1989,gas,alto,5.7,189.2
101,5,1976,bomba_calor,alto,11.1,402.1
202,2,1991,gas,alto,16.8,281.4
107,1,1998,gas,medio,3.7,188
60,3,1993,gas,medio,9.8,262.8
200,3,1965,gas,alto,15.8,373.6
207,1,1982,bomba_calor,bajo,6,404.9
46,5,1989,bomba_calor,medio,19.7,285.9
210,5,2020,bomba_calor,bajo,12.7,520.9
148,4,2003,gas,alto,20.8,342.3
177,5,1964,electrica,medio,19.7,398.5
203,4,1968,electrica,bajo,21.6,379.9
163,6,1978,electrica,bajo,6.8,815
164,3,2004,bomba_calor,alto,18.5,338.1
147,5,1985,electrica,medio,12.4,521.4
57,3,2008,gas,alto,7.7,236
63,3,1974,electrica,bajo,4.2,403.8
217,3,2003,electrica,bajo,6.1,766.6
155,5,1989,electrica,alto,6.6,534.6
111,2,2011,bomba_calor,bajo,13.6,241.5
195,1,1997,gas,medio,11.2,278.4
116,6,1976,gas,alto,19,416.3
187,2,1973,electrica,bajo,10.5,543.5
157,6,2003,bomba_calor,medio,9.3,478.3
97,5,1968,gas,bajo,16.3,379.3
144,2,2001,gas,bajo,9.6,277.3
67,2,1976,gas,bajo,7.5,225.4
70,6,1973,electrica,alto,13.2,411.2
49,5,1975,electrica,medio,16.9,334
84,6,2004,bomba_calor,alto,20.6,349.9
193,6,1995,gas,bajo,7.5,506.9
73,4,1968,bomba_calor,alto,2.7,372.4
62,1,2016,gas,bajo,12.8,127.3
72,3,1976,gas,medio,7.9,277.4
49,2,1982,gas,alto,9.2,185.9
190,3,1979,electrica,medio,12.4,463.2
125,1,1992,electrica,medio,17,196.3
113,4,1963,electrica,alto,3.4,508.5
95,6,1993,electrica,medio,23,465.7
111,5,1985,bomba_calor,bajo,22.3,373.1
111,5,1961,bomba_calor,alto,20.1,392.8
172,4,1979,bomba_calor,medio,5.3,491.9
177,6,2006,electrica,bajo,21.9,497.5
187,3,1983,bomba_calor,bajo,6.3,490.1
128,2,2015,gas,medio,2.8,258.3
186,5,2010,gas,bajo,20.8,407.8
141,1,1960,electrica,bajo,17.6,234.4
40,4,1995,electrica,alto,18.5,312.9
114,4,1983,bomba_calor,medio,3.2,445.1
214,2,1971,electrica,bajo,7.6,790.2
86,1,1974,gas,alto,10.2,159.7
177,6,2011,electrica,medio,20.1,522.9
194,5,2018,gas,medio,9.7,400.4
48,3,1982,electrica,medio,20.6,265.8
202,3,1961,bomba_calor,medio,8.9,471.7
73,3,1969,bomba_calor,alto,17.9,276.4
129,4,1967,bomba_calor,alto,16.5,387
169,2,2000,electrica,alto,4.8,413
202,1,1991,gas,medio,7.4,267
158,2,1969,bomba_calor,bajo,19.9,259.3
215,6,1992,electrica,bajo,3.7,990
209,2,2007,bomba_calor,alto,20,345.2
202,2,2015,gas,bajo,18.3,265.7
83,1,2022,electrica,bajo,22.2,163.4
64,1,1981,electrica,medio,3.7,265.6
126,2,2005,gas,bajo,6.8,308.6
152,4,2002,bomba_calor,medio,13.9,392.7
202,6,1962,bomba_calor,bajo,2.9,607
168,6,1985,bomba_calor,alto,18,425.6
140,3,1977,bomba_calor,bajo,19.7,286.9
139,1,1982,electrica,bajo,4.5,558.2
122,4,1968,electrica,alto,22.2,351
78,4,2012,electrica,bajo,15.2,377
134,5,1986,gas,medio,23.6,390.5
99,1,1993,electrica,alto,10.9,253.2
188,3,1966,bomba_calor,bajo,14.4,353.6
133,2,1994,electrica,alto,9.6,297.6
119,3,2021,gas,alto,18.6,287.5
128,6,1996,electrica,medio,18.6,442.4
125,4,2009,bomba_calor,medio,5.9,418.1
153,2,2002,gas,medio,7.1,275.2
213,4,2021,gas,bajo,17.2,405.2
75,2,2013,bomba_calor,alto,20.6,197.4
193,5,1965,electrica,bajo,11.4,738.4
115,3,1989,electrica,alto,11.9,340.9
56,3,1975,bomba_calor,medio,20.4,237
69,3,1961,electrica,bajo,13,361.1
65,1,1995,bomba_calor,medio,11,176.3
46,2,1977,electrica,medio,21.5,205.3
205,3,1964,electrica,medio,2.6,712.5
96,3,1973,bomba_calor,alto,3.4,298
94,5,2020,electrica,medio,2.4,574.5
143,6,2022,electrica,bajo,19.9,415.5
131,5,2004,electrica,alto,10.2,485.6
206,5,2019,gas,alto,6.5,448.8
43,4,2012,gas,bajo,11.9,248.6
45,1,1961,bomba_calor,alto,4.2,151.3
178,6,2011,gas,bajo,9.6,460.1
206,2,2000,electrica,bajo,6,741.6
198,1,1982,bomba_calor,medio,14.5,264.3
175,1,2017,bomba_calor,medio,8.1,327.7
71,4,2006,electrica,bajo,21,295.4
68,2,1995,bomba_calor,alto,19.2,206.1
141,3,1979,gas,bajo,18.6,316.6
170,2,2006,electrica,medio,6.6,494.2
151,5,1997,electrica,alto,2.7,591.9
77,2,1974,gas,bajo,24,239.2
139,4,1992,bomba_calor,alto,4.1,382.2
154,2,1999,bomba_calor,alto,14.6,318.3
100,3,1964,gas,medio,20.7,232.7
58,3,1976,gas,bajo,10.3,261.7
85,2,2010,gas,medio,15.3,202
85,6,1975,gas,alto,13.3,416
47,3,2018,gas,alto,15.7,254.8
196,3,1995,bomba_calor,medio,7.1,406.5
105,6,1971,bomba_calor,alto,19.2,410.8
80,3,1966,bomba_calor,bajo,15.7,276.5
62,1,1989,electrica,medio,22,144.8
125,1,1980,gas,alto,7.5,205.4
99,5,1983,electrica,bajo,17.7,416.6
57,4,1980,bomba_calor,medio,3.1,310
196,5,2012,electrica,bajo,9.5,773.5
218,2,1967,gas,medio,14.8,350.8
158,3,2017,electrica,medio,13.5,428.5
101,4,1980,electrica,bajo,7,572.1
198,1,1972,electrica,medio,7.5,528
164,3,1967,bomba_calor,medio,15.3,397.3
93,4,2007,gas,alto,19.9,289.1
50,3,2001,electrica,alto,9.3,285.7
72,4,2014,gas,medio,5.4,316.4
85,6,1963,bomba_calor,alto,22.5,363
210,6,1979,bomba_calor,bajo,8.9,657.5
199,4,1983,electrica,medio,22.9,375.1
162,3,1991,gas,medio,14,324.2
100,2,1979,gas,alto,7.5,258.3
93,5,2019,electrica,bajo,8.4,495.4
117,3,2002,gas,alto,8,290
66,3,2012,bomba_calor,medio,21.4,248.8
177,2,2021,bomba_calor,bajo,15.9,330.9
138,2,2013,electrica,medio,15.3,356.1
141,1,2016,electrica,alto,6.2,373.3
115,3,1962,electrica,alto,5.9,376.1
172,4,1990,gas,medio,13.8,401.1
146,6,1991,bomba_calor,bajo,4.1,589.8
165,5,1968,bomba_calor,bajo,19.9,417.4
78,3,1976,gas,bajo,10.1,274.8
101,2,2013,electrica,alto,15.4,240.6
126,1,1975,bomba_calor,bajo,4.7,280.2
80,4,2017,electrica,bajo,3,539.4
180,2,1980,electrica,alto,6.4,495.8
189,2,1971,bomba_calor,alto,4.4,409
62,4,2020,electrica,alto,4.7,356.9
138,4,2004,electrica,bajo,21.8,404.2
60,5,2008,electrica,medio,3.5,429.6
185,1,1975,electrica,alto,16.7,245.6
59,1,2010,electrica,medio,3.2,282.4
146,4,2001,electrica,alto,13.2,424.5
122,2,1974,bomba_calor,bajo,16.7,277.8
127,2,1988,bomba_calor,medio,3.2,320.2
77,6,1990,gas,medio,5.7,370.9
111,6,1982,gas,alto,5.9,418.7
148,2,1980,gas,medio,10.7,291.7
179,2,2003,gas,medio,19.2,285.9
120,1,1997,electrica,alto,13.7,244.6
153,4,1979,bomba_calor,medio,10.2,383.3
50,2,1996,electrica,alto,20.4,193.4
193,6,2017,gas,alto,23.7,435.1
166,1,1989,electrica,medio,6.6,526.1
164,6,1997,gas,bajo,20.9,488.2
160,4,1973,bomba_calor,bajo,4.7,518.4
66,5,2011,bomba_calor,medio,21.7,353.6
54,1,2007,bomba_calor,alto,13.7,125.5
185,2,2017,electrica,medio,18.8,277
92,3,2006,bomba_calor,bajo,10.2,303.2
162,4,1967,gas,medio,15,381.7
52,1,2013,electrica,bajo,18.7,110.1
102,1,1963,bomba_calor,bajo,21.1,211.6
85,2,1966,electrica,bajo,14.7,302.6
110,4,2004,gas,medio,6.8,330.4
183,3,2019,electrica,bajo,9.2,558.3
144,3,2005,electrica,alto,2.7,531.2
95,2,2009,gas,bajo,10,220.1
196,3,1982,gas,medio,11.9,382.7
44,6,1963,bomba_calor,alto,16.6,381.6
115,6,1979,bomba_calor,medio,12.7,440.6
143,4,1986,bomba_calor,alto,23.5,320.8
56,3,1974,electrica,alto,8.9,281.9
148,3,1988,bomba_calor,medio,13.4,334.5
181,2,1991,bomba_calor,alto,19.5,286.6
56,1,2007,gas,alto,15.4,152.8
180,1,1991,electrica,alto,12.7,301
54,6,1999,gas,bajo,8.8,387.9
172,2,1985,electrica,medio,19.5,306.6
99,5,1993,bomba_calor,medio,24,374.2
78,2,2004,bomba_calor,bajo,17.1,209.3
73,3,1998,bomba_calor,medio,9.6,309.3
189,5,1985,gas,alto,13.1,467
110,1,1963,bomba_calor,medio,22,175.8
71,2,1964,bomba_calor,bajo,2.1,307.4
81,3,1985,electrica,alto,7.9,321.7
83,6,2022,bomba_calor,bajo,20,411.3
187,5,2008,electrica,alto,20.2,461.9
115,5,1975,electrica,bajo,20.8,385.1
173,3,1987,electrica,bajo,16.1,364.3
172,5,1972,gas,medio,10.1,418.2
133,5,2005,bomba_calor,bajo,8.6,492
84,4,2017,bomba_calor,medio,2.3,316.8
91,4,2004,bomba_calor,bajo,16.8,335.3
139,1,1995,electrica,medio,18.3,201.4
41,4,2014,gas,medio,2.4,249.6
71,3,2016,bomba_calor,bajo,3.2,288.7
156,3,1973,electrica,alto,18.9,309.7
64,6,2008,electrica,alto,20.2,382.7
215,4,2010,electrica,alto,19.6,445
172,6,1968,electrica,bajo,10.9,696.6
204,6,1961,bomba_calor,medio,23.2,530.6
119,1,1982,gas,bajo,3.3,248.5
216,1,2011,electrica,medio,7.4,521.6
185,6,1972,bomba_calor,alto,3,598
78,4,1993,bomba_calor,alto,16.2,329.6
58,4,2013,electrica,alto,3.5,328.3
208,1,1966,bomba_calor,alto,8.5,304.9
210,2,1973,electrica,alto,7.1,536.8
90,5,1988,gas,medio,15.4,360.4
121,6,1963,gas,medio,6,497.5
200,1,2000,electrica,medio,19.1,234.5
109,5,1996,electrica,medio,6.9,516.3
143,1,2005,bomba_calor,medio,22.7,204.4
130,2,1975,bomba_calor,bajo,16.1,230.9
125,5,2001,electrica,alto,10,438.6
58,6,1969,bomba_calor,bajo,4.5,449.8
60,6,2010,electrica,bajo,8.5,493.8
147,4,1982,gas,alto,10,365.5
69,3,1961,bomba_calor,alto,4.9,255.2
51,1,1989,bomba_calor,alto,2.3,154.8
45,5,1977,bomba_calor,alto,15.8,309.6
202,6,1990,gas,alto,16.7,470.3
167,2,1962,electrica,medio,21,244.8
86,5,1998,electrica,alto,22,332
191,2,1966,gas,medio,15.2,292.8
185,2,1962,gas,medio,16.7,327.8
150,5,2002,electrica,alto,2.8,576.4
125,1,2017,gas,medio,18.6,204.4
64,5,2003,gas,medio,7.7,310.8
203,4,2022,bomba_calor,bajo,3.2,531.2
167,4,2022,gas,bajo,19,391.1
43,2,1992,bomba_calor,alto,12.9,215.6
53,6,1982,electrica,medio,18.2,394.4
148,1,2000,gas,bajo,2.7,252.6
190,5,2000,bomba_calor,bajo,23.2,444.8
130,6,2000,bomba_calor,bajo,20.5,467.6
130,2,1995,bomba_calor,bajo,3.8,376.6
52,1,2019,gas,medio,11.9,180.7
42,4,1987,electrica,medio,9.9,322.2
156,5,1985,bomba_calor,medio,19,450.2
168,4,1996,electrica,medio,9.4,513.1
81,2,2018,bomba_calor,medio,22.7,244.4
205,5,2013,bomba_calor,bajo,2,641.1
96,1,1990,electrica,bajo,10,323.8
206,6,2010,gas,medio,2.5,559.2
190,1,2006,gas,alto,23.7,252.7
170,3,1996,gas,alto,10.7,349
167,4,2019,gas,alto,13.4,391.4
164,2,2016,electrica,medio,4.6,555.7
63,1,1977,bomba_calor,bajo,12.5,156.2
131,1,2004,bomba_calor,alto,20.1,188.5
103,4,1993,bomba_calor,medio,18.7,335.8
81,1,1999,electrica,alto,10.3,194.9
96,2,2002,gas,alto,23,243.3
47,5,2013,gas,medio,9.5,306.1
220,1,1969,bomba_calor,alto,15.9,275.6
96,1,1980,electrica,alto,19.9,198.4
92,1,2018,bomba_calor,medio,7.9,203.7
148,4,1987,gas,alto,4.9,381.7
45,1,1993,bomba_calor,medio,2.3,177.1
180,4,1994,bomba_calor,bajo,17.1,436.6
85,6,1983,bomba_calor,bajo,14.8,383
207,1,2003,gas,bajo,13.7,314.2
118,6,2006,electrica,bajo,22,397.2
203,5,1975,gas,bajo,12.9,489.5
201,6,1971,bomba_calor,medio,6.1,589.4
57,2,2019,electrica,alto,6,258.6
81,2,1970,electrica,medio,19.5,212.8
102,3,2006,electrica,medio,15,328.3
107,4,1963,gas,bajo,22.5,346.6
167,1,1983,bomba_calor,bajo,2.2,423.9
192,4,1997,bomba_calor,bajo,21.8,403.9
117,3,1995,bomba_calor,alto,2.8,320.5
202,1,2006,gas,medio,9,294.8
77,5,1973,gas,alto,12.6,369.9
193,4,2006,gas,alto,22.1,361.5
188,5,1995,gas,medio,5.5,489.7
133,6,2012,electrica,alto,2.7,588
53,1,1990,bomba_calor,bajo,22.2,154
76,3,2001,gas,alto,15,256.7
73,5,1994,electrica,alto,13.1,336.4
191,2,1986,gas,bajo,12.7,319.8
123,1,2019,electrica,medio,18.5,201.3
86,3,2011,gas,alto,17.5,250.9
160,2,1985,gas,alto,22.8,298.9
130,4,1979,gas,medio,23.8,365.3
195,6,1987,gas,medio,13.1,509.1
93,6,1961,electrica,alto,17.7,438.6
89,6,1970,electrica,alto,14.9,380.7
81,6,2016,gas,bajo,19.6,366.8
150,2,2017,bomba_calor,bajo,9.8,339.4
94,6,1998,electrica,medio,4,618.3
176,5,1965,bomba_calor,alto,4.4,457.7
157,3,1971,electrica,alto,23.4,313.8
187,2,1973,bomba_calor,medio,19.3,292.7
127,4,1999,electrica,bajo,21.9,281.1
84,2,1991,electrica,medio,13.8,271.7
147,5,2006,gas,alto,20.3,405.1
49,2,1982,gas,alto,10.1,197
74,3,2002,electrica,alto,2.6,342
143,5,2001,electrica,alto,23,361.4
206,4,1984,electrica,medio,10.7,561.5
128,3,1982,gas,alto,7.7,311.9
131,4,1976,gas,medio,20.9,318.1
199,2,1973,bomba_calor,alto,15.7,308.4
111,1,1976,gas,bajo,22.3,204.5
130,4,1993,gas,medio,10.8,356.5
207,3,1983,electrica,medio,18.4,376
56,6,1976,bomba_calor,bajo,3.7,437.1
180,1,2008,electrica,bajo,9.6,479.5
99,5,2011,gas,bajo,11.2,386.7
199,4,2005,gas,bajo,20.3,392.5
202,4,2012,electrica,alto,2.4,617.1
95,2,1977,gas,medio,20,199.6
175,5,1997,gas,bajo,3.2,495.3
209,4,1989,bomba_calor,alto,17.4,389.8
203,6,1989,bomba_calor,medio,17.9,472.8
174,4,1964,bomba_calor,bajo,16.3,427.9
89,6,1982,bomba_calor,bajo,21.7,355.9
56,4,1985,gas,bajo,18.9,335.9
142,6,1999,bomba_calor,medio,9.5,464.4
62,6,2001,gas,alto,9.7,382.4
208,1,1963,bomba_calor,medio,11.1,332.6
160,3,2004,bomba_calor,medio,13.4,353.4
153,5,1968,electrica,medio,20,420.1
59,4,1990,gas,alto,3.8,278.9
106,2,1991,gas,alto,18.5,202.7
82,3,2022,bomba_calor,medio,11.9,270.9
82,2,1972,bomba_calor,bajo,6.9,247.9
42,6,1983,electrica,medio,22.3,378.4
128,1,1963,electrica,alto,10.8,251
117,1,1971,gas,alto,13.3,224.1
68,2,2022,electrica,alto,16.8,188.2
181,6,1996,bomba_calor,medio,23,498.1
157,2,1986,gas,medio,8.1,293
119,1,2002,electrica,bajo,3.8,534.1
112,3,2006,electrica,bajo,19.7,272.8
220,2,2013,bomba_calor,bajo,20.9,356.3
173,5,2005,electrica,alto,2.6,653.7
170,4,2015,bomba_calor,alto,2.4,471.9
65,5,1964,gas,medio,15.2,306.4
41,4,2018,electrica,medio,15.8,323.4
95,6,1993,bomba_calor,bajo,11.1,409.4
165,4,1990,gas,medio,19.4,355.2
134,5,1972,electrica,bajo,5.3,671.1
215,4,1978,gas,alto,5.1,433.9
88,4,1970,gas,alto,19.2,287.7
192,6,1968,bomba_calor,bajo,4.2,724.3
217,1,1989,bomba_calor,medio,10.6,345.1
50,1,1990,electrica,bajo,5.2,279.6
197,1,1999,electrica,bajo,2.6,853
163,3,2008,electrica,alto,11.6,382.2
84,5,1965,electrica,medio,7.6,429.9
40,4,1996,bomba_calor,medio,18.9,285.4
138,4,1989,gas,bajo,13.8,351.5
201,4,1968,gas,bajo,10.1,372.7
81,1,1978,gas,medio,4.1,158.1
55,2,1983,electrica,bajo,10.3,315.8
187,3,1994,bomba_calor,medio,17.9,340.8
50,2,1978,bomba_calor,alto,20.1,197.7
71,2,2000,electrica,medio,16.2,202.7
125,5,2009,electrica,alto,8.8,465.2
154,3,2003,electrica,bajo,17.3,346
211,4,1968,gas,bajo,2.4,454.3
113,6,1979,bomba_calor,alto,13.3,478.7
113,4,1966,electrica,medio,16,384.9
180,6,1972,gas,medio,11.4,502.5
115,6,2013,bomba_calor,medio,21.6,448.8
175,4,2008,electrica,bajo,8,715.9
211,1,1965,electrica,bajo,17.1,334.3
57,3,2001,electrica,bajo,2.8,356.6
54,6,1985,electrica,medio,18.5,352.2
117,2,2007,gas,bajo,22.4,269.1
149,2,2008,electrica,bajo,18.8,273.7
41,6,2004,gas,alto,18.7,396.8
67,1,2015,electrica,alto,19.9,152.7
42,1,1969,gas,alto,2.5,151.4
175,5,1970,electrica,alto,10.2,485.4
155,6,1976,bomba_calor,alto,16.5,484.8
205,6,1964,gas,bajo,23.2,448.7
152,5,1976,gas,bajo,21.1,417.9
217,5,1973,gas,bajo,7.7,466
48,1,1989,bomba_calor,alto,4.7,143.9
192,3,1983,bomba_calor,bajo,14.5,391.1
68,4,1999,gas,alto,21.6,329
119,4,1970,gas,bajo,6.7,382.8
194,1,1976,electrica,medio,12.8,372
75,4,1961,bomba_calor,bajo,3.9,387.8
217,2,2010,electrica,alto,21.2,335.8
144,5,1975,bomba_calor,bajo,12.8,410.5
163,2,2022,gas,alto,9,273.6
185,6,1998,gas,medio,9.7,547.1
91,5,1983,bomba_calor,alto,13.7,394.4
112,4,1979,gas,bajo,8.4,318.8
71,2,1998,electrica,medio,3.2,319.5
48,6,2014,gas,bajo,11.4,383.1
85,3,1973,electrica,bajo,14.1,361
218,4,1992,electrica,medio,15.7,472.4
83,2,1985,bomba_calor,bajo,21.7,216.6
46,6,1994,bomba_calor,alto,14.8,374.6
188,1,2008,bomba_calor,medio,7.3,359
79,3,2018,bomba_calor,alto,4.3,320.8
138,1,1998,bomba_calor,medio,19.2,236.2
114,4,1979,bomba_calor,medio,12,339.7
92,1,2007,bomba_calor,medio,16.9,198.8
197,4,1995,gas,bajo,2.4,462.4
145,4,1978,gas,medio,2.1,343.7
126,1,2015,gas,bajo,6,230.5
194,1,2014,electrica,alto,22.5,275.6
201,5,2020,electrica,alto,7.9,526.7
73,4,1971,bomba_calor,medio,5,379.9
92,3,2000,gas,alto,19.5,272.9
152,3,2002,gas,bajo,17.1,353.5
138,5,1988,bomba_calor,medio,23.4,371.6
160,3,2004,gas,medio,13.6,311.6
161,6,2008,electrica,medio,13.6,587.7
192,5,2020,bomba_calor,bajo,3.1,553.8
123,1,1993,bomba_calor,alto,8.6,235.8
203,5,1981,electrica,bajo,17.3,490.7
59,6,1987,gas,medio,12.2,373.7
125,1,1972,bomba_calor,medio,9.3,246.5
74,6,2016,gas,alto,7.2,367.4
182,2,1980,electrica,alto,10.8,402.5
161,3,2018,electrica,alto,6.2,496
86,3,1999,bomba_calor,alto,14.4,272.7
68,2,2018,electrica,bajo,12.4,271.9
56,1,1970,gas,medio,9.4,146.3
150,1,2020,gas,bajo,15.3,239
162,5,1986,electrica,alto,23.4,465.7
113,3,1975,bomba_calor,medio,13.2,338.1
195,4,2019,gas,alto,19.9,376
122,6,1973,bomba_calor,medio,13.2,426.3
116,4,1990,bomba_calor,alto,16.1,348.7
165,3,1989,bomba_calor,alto,13.8,353.3
88,5,1984,electrica,bajo,10.1,526.3
216,6,2014,bomba_calor,alto,18.4,478.6
122,1,1962,bomba_calor,alto,9.4,193.5
192,5,2022,electrica,bajo,12.1,601.8
202,6,2001,electrica,alto,23.6,540.9
122,1,1977,electrica,bajo,12.1,318.6
84,1,1984,electrica,medio,7.6,244.4
45,6,2012,bomba_calor,medio,7.2,417.8
220,2,1986,bomba_calor,bajo,15.6,361.2
171,2,1966,gas,bajo,23.7,273.5
49,1,1977,electrica,medio,14.8,177.4
121,1,1980,bomba_calor,medio,10.8,260.3
169,2,1990,electrica,bajo,13.2,467.4
150,3,1991,gas,bajo,7.1,302.4
42,5,2007,bomba_calor,medio,9.4,347.4
148,6,1975,gas,bajo,2.5,448.9
186,1,2011,electrica,bajo,21.6,246
189,2,2000,electrica,bajo,17.4,322.1
41,6,1970,electrica,alto,6.4,381
80,2,2014,electrica,bajo,22.9,215.6
42,5,1990,bomba_calor,alto,16,296.4
121,1,1980,gas,alto,3.9,180.1
108,1,1963,gas,bajo,22.2,205.9
85,2,1963,gas,medio,23.8,191.5
149,5,1996,electrica,bajo,13.2,568.1
165,6,1991,electrica,medio,9.2,612.1
196,1,1971,electrica,alto,22.9,254.1
83,6,2012,electrica,medio,13.7,431.3
48,2,1996,gas,bajo,5.6,188.9
84,3,1985,bomba_calor,bajo,13.1,274.7
126,2,1973,gas,medio,12.3,246.3
211,5,1989,electrica,medio,12.6,586.2
103,4,1987,electrica,alto,2.2,471.7
84,6,1963,gas,alto,16.5,400.9
60,5,2019,bomba_calor,alto,13.3,376
102,2,1980,bomba_calor,bajo,21.4,200.3
216,6,2020,gas,bajo,20.8,505.8
189,2,1981,electrica,bajo,7.4,642.6
116,1,1995,gas,medio,19.7,174.4
96,3,1976,bomba_calor,alto,5.3,332.7
218,3,1986,gas,bajo,6.1,432.8
93,4,1962,electrica,bajo,20.9,341.3
51,1,2006,electrica,medio,3.2,239.5
212,3,1969,electrica,alto,4.9,550.2
132,6,1996,bomba_calor,bajo,4.5,563.4
92,2,1970,electrica,bajo,4.7,436.3
164,6,1979,gas,medio,6.1,510.4
168,3,1974,electrica,bajo,19.2,362
99,6,1998,electrica,medio,19.4,440.4
155,1,1992,bomba_calor,medio,16,252.3
189,4,2012,bomba_calor,alto,12.3,388.1
77,1,1975,electrica,bajo,21.5,157.1
52,4,2008,bomba_calor,medio,2.2,278.7
40,1,1967,electrica,medio,2.2,210.1
188,4,2010,gas,alto,18.4,392.5
106,6,1966,bomba_calor,alto,20.2,410.6
133,3,1992,electrica,alto,10.3,339
195,3,1960,gas,alto,17.7,306.5
156,2,1988,bomba_calor,alto,11.1,308
48,4,1997,bomba_calor,alto,4.9,267.6
169,1,1984,bomba_calor,bajo,23.9,232.6
68,4,2014,bomba_calor,medio,2.1,362.3
182,2,1979,bomba_calor,medio,8.1,396.9
188,5,1975,gas,bajo,5.8,448.5
110,1,1969,gas,medio,9.7,226.7
103,3,1995,electrica,medio,18.9,280.9
130,5,1980,bomba_calor,alto,23.8,351
75,5,1961,gas,alto,11.4,325.2
138,3,1973,gas,alto,22.3,303.5
114,3,1998,gas,alto,11,315.7
55,4,1973,bomba_calor,alto,7.6,285.7
157,2,1982,bomba_calor,medio,7.4,325.1
192,6,2020,electrica,bajo,16.9,533.7
111,4,1997,gas,bajo,12.4,384.3
68,2,1979,bomba_calor,medio,22.1,185.8
87,2,1968,gas,medio,17.1,202.7
136,6,1974,gas,bajo,9.5,467.7
109,2,1968,bomba_calor,bajo,8.2,345.3
69,5,2018,gas,bajo,20.3,332.6
75,2,1990,gas,bajo,22.9,169
186,6,2006,gas,medio,22.4,479.7
125,6,2002,electrica,alto,4.7,575.2
197,2,2011,gas,bajo,19.5,276.3
59,5,1973,electrica,medio,18,344.5
70,2,2010,bomba_calor,bajo,12,210.7
112,3,2013,gas,bajo,4.1,306.5
137,5,1984,electrica,alto,11.6,402.6
78,2,1996,electrica,alto,5.1,316
167,1,2001,electrica,alto,12.7,296.8
66,6,1998,gas,bajo,21.2,383.2
116,5,2020,gas,medio,21,414.1
45,5,1962,electrica,medio,7,416.8
71,5,2016,electrica,bajo,5.3,478.6
61,6,1968,electrica,medio,7.4,451.6
214,6,1993,electrica,medio,13.7,603.2
128,5,2005,bomba_calor,alto,4,425.7
62,3,1970,electrica,medio,4.1,358.5
50,3,2004,electrica,alto,21.6,223.7
114,5,1960,gas,alto,2.2,374.1
47,5,2021,bomba_calor,bajo,5.4,317.3
58,3,2011,bomba_calor,alto,11.4,276.6
149,1,1984,bomba_calor,medio,12.6,249
201,3,2021,bomba_calor,bajo,14.5,413.6
145,6,1971,electrica,alto,18,465.7
123,6,2020,bomba_calor,bajo,10.1,485.4
60,3,1967,gas,medio,4.8,224.9
61,5,2012,bomba_calor,medio,21.5,362.7
42,3,2022,bomba_calor,bajo,23,253.5
174,5,2002,gas,bajo,2.6,468.1
78,3,1996,gas,bajo,8.3,283.1
198,6,1994,bomba_calor,bajo,2.6,649.5
164,2,2000,bomba_calor,medio,5.7,372.9
74,3,1980,electrica,alto,3.7,360.3
150,4,1966,gas,alto,3.4,363.2
133,5,1972,gas,medio,22,379.6
52,5,1962,bomba_calor,bajo,19.7,341.7
140,6,1977,electrica,medio,9.3,634.1
137,3,1989,electrica,medio,6.5,506.4
78,2,2022,gas,alto,9.2,266.7
126,5,1985,electrica,medio,20.1,403.3
66,6,1988,bomba_calor,medio,6.5,385.1
155,6,2005,electrica,bajo,13.1,501.6
156,5,1965,gas,bajo,8.4,471.9
44,2,2019,electrica,medio,3.5,267.9
70,6,1960,electrica,medio,13.5,456.1
112,1,2022,electrica,medio,14.7,261.4
40,6,1999,electrica,alto,13.8,346.1
80,1,1971,electrica,bajo,15.7,213.8
98,5,1988,gas,medio,11.2,377.1
53,3,2016,bomba_calor,medio,9.7,285.2
210,1,2000,electrica,medio,13.2,352.5
110,1,2003,electrica,medio,14.1,250.7
59,4,1974,bomba_calor,bajo,5.9,337.4
40,5,1988,gas,alto,9.3,311.7
72,6,2013,gas,bajo,10,367.9
208,4,1971,gas,bajo,7.3,458.2
175,6,2019,gas,medio,11.3,456.4
132,6,2012,bomba_calor,alto,18.4,466.7
179,4,1996,electrica,bajo,21.7,353.2
199,2,2009,bomba_calor,medio,3.8,443.8
180,3,1993,bomba_calor,bajo,19.5,367.3
41,5,1967,bomba_calor,bajo,5.5,371.3
114,4,1991,electrica,bajo,12.9,426
157,3,1975,electrica,medio,20.6,311.1
183,2,1995,bomba_calor,alto,18,283.6
199,2,1999,electrica,alto,12.2,395.7
170,6,1975,gas,bajo,5.9,479.9
66,6,2012,electrica,alto,15.5,367.2
187,2,2014,electrica,alto,23.9,291.4
159,4,1989,electrica,medio,14.6,452.4
54,2,2001,gas,medio,7.8,202.2
165,6,1984,electrica,alto,17.2,444.9
144,6,1985,gas,medio,10.4,483
216,1,1973,bomba_calor,alto,4.1,334.5
206,4,2005,electrica,bajo,21.4,369
204,1,1995,bomba_calor,bajo,20.7,277.5
176,1,1995,bomba_calor,alto,9.7,305.1
177,2,2002,electrica,medio,18.7,291.4
220,1,1973,gas,alto,3.1,286.5
218,4,2012,electrica,bajo,21.6,436.5
120,4,1982,electrica,alto,4.5,500.3
127,2,2016,bomba_calor,alto,6.1,291.9
170,6,2013,electrica,medio,5.9,741.9
202,2,1965,gas,bajo,21.9,336.6
165,6,1993,electrica,bajo,2.1,904.6
69,6,1995,bomba_calor,medio,9.8,412.1
169,3,2015,bomba_calor,bajo,3.5,462.9
164,6,1986,electrica,bajo,18.1,435.9
115,4,1969,bomba_calor,alto,3.7,394.2
173,4,2006,electrica,medio,21.4,355.9
58,3,1983,electrica,medio,18.6,242.2
76,1,2006,electrica,bajo,12.9,231.2
200,4,1995,gas,bajo,14.3,412.8
85,4,1979,gas,medio,4.4,291.3
73,1,1994,bomba_calor,medio,2.2,194.1
63,1,1970,bomba_calor,alto,11.2,173.8
173,1,1997,electrica,bajo,7.7,523.2
49,3,1965,electrica,bajo,18.4,233.4
190,5,1999,bomba_calor,medio,10.6,482.3
97,5,1978,gas,medio,20.7,371.5
66,2,1968,electrica,alto,10.6,223
150,5,2017,gas,bajo,9.5,442.7
44,2,2017,bomba_calor,bajo,3.9,211.1
103,1,2000,bomba_calor,bajo,15.5,188.6
64,3,1997,bomba_calor,alto,21.9,266.4
109,4,1984,electrica,medio,16,388.1
183,6,1995,gas,bajo,3.3,558.2
183,2,1975,gas,alto,13.2,316.8
44,2,1967,gas,medio,12.4,196.5
98,3,1992,gas,medio,7.8,316.2
134,3,2022,bomba_calor,alto,7.1,354.9
200,5,2006,electrica,medio,23,425.7
96,4,1971,electrica,alto,14.2,341.1
190,1,1998,electrica,bajo,23.3,250.3
99,2,2018,gas,alto,7.2,227.4
125,1,1967,gas,medio,8.6,238.9
157,1,1990,electrica,bajo,6.4,530.1
180,5,2018,gas,bajo,2.5,490.3
121,3,1990,electrica,bajo,16.9,329.7
129,4,2014,gas,medio,15.7,333.8
208,6,1985,electrica,alto,10.5,629.9
106,3,1989,bomba_calor,medio,11.6,308.8
115,4,1968,gas,medio,8,329.5
190,1,1989,electrica,bajo,16.1,329.4
71,1,1995,electrica,alto,11.5,182.1
210,3,2019,electrica,bajo,17.3,390.6
176,6,2018,electrica,bajo,20.9,485.1
203,3,1967,gas,alto,8.9,365.1
101,1,1990,electrica,bajo,14,221.8
185,4,2018,electrica,alto,21.5,397.2
47,1,1977,gas,bajo,6.6,174.6
210,5,1974,gas,bajo,22.3,413.3
93,3,1976,electrica,bajo,10.7,357.5
123,1,1972,electrica,alto,18.9,176.8
187,6,1993,bomba_calor,medio,14.8,524.9
70,4,2015,electrica,bajo,6.8,445.9
149,4,1980,gas,medio,16.4,384.7
209,1,1974,bomba_calor,alto,14,287.4
111,4,1994,electrica,alto,12.4,357.6
184,3,2020,gas,medio,10.4,340.5
77,5,1976,electrica,alto,4.5,447.8
55,2,1969,gas,alto,21.1,160.4
116,2,1998,electrica,medio,13.6,305.4
220,6,1966,gas,bajo,13.8,553.4
108,5,1968,electrica,alto,11.4,459.7
198,1,2002,electrica,medio,5.6,516.5
69,3,2009,electrica,medio,12.6,293.2
92,4,1969,gas,bajo,17.3,317.6
163,5,1981,bomba_calor,alto,20.8,438.3
198,3,1975,electrica,medio,12.3,515.3
167,1,1971,gas,alto,9,219.3
50,1,1995,gas,alto,12.2,175.2
78,2,2010,gas,medio,6.4,195.4
195,1,2006,bomba_calor,medio,16.2,281.1
157,5,2013,gas,medio,9.5,409.9
46,2,1965,electrica,alto,15.9,164.3
42,4,1999,bomba_calor,alto,6.6,265
185,1,2020,gas,bajo,7,282.6
159,3,2002,bomba_calor,medio,12.7,365.5
185,6,2003,gas,bajo,22.7,460.3
141,2,1993,gas,bajo,13.1,300.5
109,4,2011,electrica,alto,17,346.1
122,4,1986,gas,bajo,20.4,304.6
88,4,1990,gas,alto,24,346.1
90,4,2011,gas,medio,4.8,320.9
189,4,2014,gas,bajo,3.7,427.9
123,1,1974,bomba_calor,bajo,23.8,211.3
171,2,1993,gas,alto,20.7,311
108,5,2003,gas,medio,8.4,376
182,2,2009,bomba_calor,bajo,18,313.3
135,4,1996,electrica,bajo,20.4,333.7
139,6,2010,gas,alto,7.5,436.8
86,6,1978,electrica,alto,8.7,453
94,6,1983,gas,bajo,10.5,384.1
143,4,2006,electrica,bajo,21.1,328.1
191,6,2016,electrica,alto,2.1,660.7
55,6,1968,electrica,bajo,3.7,518.6
65,2,1987,bomba_calor,bajo,22,192.4
46,5,1998,gas,alto,2.8,329.2
73,4,1960,electrica,bajo,21.2,271.6
175,5,2010,bomba_calor,medio,3.1,581.3
170,5,1999,gas,alto,14.5,434.7
94,4,1977,bomba_calor,bajo,5.4,371
171,1,1982,electrica,bajo,8.9,571.6
139,2,2013,gas,medio,3.2,306.2
186,3,1985,gas,bajo,3.8,388.5
182,1,2005,electrica,bajo,22.5,234.5
49,1,1989,bomba_calor,medio,7.8,175.1
115,5,1971,gas,alto,22.2,354.8
64,1,1972,bomba_calor,bajo,3.5,244.1
178,5,2004,gas,medio,11.2,421.2
79,6,2013,gas,bajo,19.4,391.4
104,1,2005,electrica,alto,23.8,200.1
115,2,1975,electrica,alto,19.9,272.8
165,2,1992,gas,medio,2.9,299.4
208,6,1992,electrica,alto,14.4,517.9
165,1,2008,gas,bajo,15.9,263.5
96,6,1982,bomba_calor,bajo,11.9,393.3
154,1,2003,bomba_calor,alto,21.5,238.8
164,6,1970,gas,bajo,15.6,507.3
111,6,2000,electrica,alto,21.2,374
47,1,1993,gas,medio,4.7,136.9
133,3,2004,electrica,bajo,7.7,498.8
111,4,2020,gas,medio,17.3,324.8
201,4,1963,bomba_calor,bajo,15.6,441.4
148,5,2015,gas,alto,20.1,425.5
41,4,2006,bomba_calor,alto,7,281.5
157,4,1976,bomba_calor,alto,24,368.7
70,6,1975,electrica,bajo,16.3,436.7
137,6,1961,electrica,medio,17.2,502.9
191,6,2007,electrica,medio,5.4,855.8
106,4,2002,electrica,alto,4.5,377.3
104,5,1998,electrica,bajo,3,623.6
69,1,1991,gas,medio,7.9,156.7
150,4,2014,bomba_calor,bajo,19.7,362.7
210,5,2007,gas,alto,18,491.8
170,3,1975,gas,alto,4.7,311.6
109,3,2018,bomba_calor,bajo,19.4,304.2
167,2,1987,electrica,alto,12.2,393.9
146,4,2013,bomba_calor,alto,6.3,414
188,3,1986,bomba_calor,medio,19.1,332.2
43,6,1968,electrica,alto,13.6,368
200,6,1960,electrica,alto,20.9,518.2
214,6,2012,gas,alto,22.9,500.1
56,4,1974,bomba_calor,alto,11.6,292.9
187,2,2021,bomba_calor,bajo,19.4,272.2
75,5,1963,electrica,alto,23.3,345.6
198,1,1981,gas,alto,2.3,291.1
162,1,2008,gas,bajo,9.3,245.5
216,3,1976,electrica,bajo,11.5,615.7
196,2,1970,electrica,alto,19.2,325.9
60,4,1962,electrica,bajo,20,263.2
71,1,1974,gas,medio,3.2,139.1
53,5,2000,bomba_calor,bajo,2.6,378.5
137,4,1970,bomba_calor,medio,22.2,333.4
133,4,2017,bomba_calor,alto,20.2,336.8
197,3,1994,bomba_calor,alto,8.8,403.8
79,4,1979,bomba_calor,medio,17.3,324.3
138,3,2011,electrica,medio,19.3,323.6
208,2,1991,bomba_calor,bajo,6.6,462.9
82,1,1986,gas,bajo,5.5,163
170,1,1987,bomba_calor,medio,7.9,292.4
200,4,2001,gas,medio,17.3,370.9
116,4,2014,electrica,medio,12.6,401.1
62,1,1965,gas,medio,17.9,150.9
80,6,1963,gas,medio,16.7,379.1
43,4,1979,gas,medio,10.8,270.8
133,6,2014,electrica,alto,4.6,534.9
171,2,1963,electrica,alto,7.3,438.3
147,2,1967,bomba_calor,medio,20.3,255.6
133,1,1989,electrica,alto,17.5,214.6
155,6,1980,gas,bajo,12,502.1
46,1,2015,electrica,bajo,21.3,164.1
97,4,1975,electrica,bajo,14.4,384.3
176,2,1964,electrica,bajo,6.7,647
65,5,1962,gas,medio,23.7,313.2
95,2,1965,gas,bajo,18.5,241.6
91,5,1992,electrica,alto,9.7,426.4
84,3,2019,bomba_calor,alto,22.5,292.9
41,6,1994,gas,bajo,4.8,370.4
196,3,1968,bomba_calor,alto,21.7,352.8
146,1,2012,gas,bajo,9.9,225.1
127,4,2015,gas,alto,21.1,322
130,2,1984,bomba_calor,bajo,20.3,293.4
130,4,1980,gas,bajo,20.4,362.9
194,3,1995,electrica,medio,11.4,456.1
198,6,2009,bomba_calor,alto,21,555.6
134,1,1967,electrica,medio,16.3,277.8
175,2,1998,electrica,medio,22,264.8
69,6,1977,bomba_calor,alto,20.8,414.2
146,2,2015,gas,bajo,23.5,264.3
85,2,1981,gas,alto,16.3,229.3
204,3,1961,electrica,bajo,15.2,517.7
115,2,1999,bomba_calor,alto,6.5,272.7
79,5,2004,bomba_calor,bajo,11.1,425.9
66,3,1970,electrica,alto,7.3,262.1
96,6,1968,bomba_calor,bajo,12.4,442
58,4,1972,gas,medio,19.9,287.2
46,3,1988,electrica,medio,20.9,234.7
82,5,1974,bomba_calor,medio,15.7,320.9
182,6,1968,gas,medio,12.1,496.9
74,4,1965,gas,alto,14.2,282.6
186,3,1965,bomba_calor,alto,17.1,332.1
50,5,1985,gas,medio,18.8,333.5
219,5,1982,bomba_calor,alto,11.7,516.4
169,2,1981,bomba_calor,alto,20.8,301
172,3,2000,electrica,medio,22.9,317.5
113,3,1991,bomba_calor,alto,9.3,287.6
191,5,2007,gas,medio,21.9,435.3
214,3,1962,electrica,bajo,6,838.3
204,5,1979,gas,alto,12.8,519.8
51,6,2002,electrica,alto,5,464.1
69,2,2021,bomba_calor,alto,4,239.7
184,4,2022,bomba_calor,alto,4,420.6
114,1,1974,gas,bajo,11.5,210.5
160,1,1995,electrica,bajo,9.6,476.1
196,3,1972,bomba_calor,bajo,20.4,289.2
77,4,2022,electrica,bajo,23.8,287.9
81,1,2019,gas,alto,23.2,184.6
103,2,1969,electrica,bajo,20.2,212.2
135,2,1983,bomba_calor,alto,20.7,279.7
103,2,1963,electrica,alto,20.7,256.5
155,3,1974,electrica,medio,20.6,355.3
138,4,1965,gas,medio,12.2,390.6
137,1,1977,electrica,medio,13,326.9
138,4,2009,electrica,bajo,5.6,595.7
124,1,2015,bomba_calor,bajo,21.9,222.6
73,2,1989,gas,alto,18,193.1
203,4,1967,gas,bajo,12.8,387.5
104,2,2004,electrica,medio,18.7,247.5
191,2,1997,gas,bajo,10,294.3
151,5,1989,electrica,bajo,19.9,356
44,6,1963,bomba_calor,alto,12.4,394.7
201,3,1982,electrica,medio,12.9,543.6
139,4,1987,gas,medio,19.9,334.4
66,4,2012,gas,alto,17.4,308.4
106,6,1965,bomba_calor,medio,8.9,410.9
61,2,1969,gas,alto,10.6,195.3
127,2,1996,electrica,alto,15.3,280.3
102,2,1997,electrica,medio,13.4,292.8
60,1,2017,electrica,alto,6.7,183.9
139,4,2022,electrica,bajo,11,498.6
153,1,1981,electrica,alto,2.4,415.6
190,2,2010,electrica,alto,22.9,269.4
100,1,1982,gas,medio,10.6,189.2
50,5,2021,bomba_calor,bajo,9.6,385.2
202,1,2017,electrica,bajo,15.5,353.1
186,6,1974,bomba_calor,alto,14.6,533.4
152,2,2015,bomba_calor,medio,9.9,327.7
133,4,1996,gas,alto,2.3,393.8
142,4,1966,bomba_calor,bajo,6.3,469.8
85,6,2020,bomba_calor,bajo,20.6,424.3
65,4,1971,gas,bajo,5.4,321.2
124,3,1965,bomba_calor,medio,11.6,338.1
57,5,1970,gas,medio,2.7,325.1
149,4,1993,gas,bajo,10.9,401.1
171,1,2014,gas,bajo,7.3,263.3
93,2,1989,bomba_calor,alto,4.5,265
116,4,1970,bomba_calor,bajo,18.1,319.9
147,4,2008,bomba_calor,medio,13.2,355.1
125,3,1997,bomba_calor,medio,18.8,286.6
157,5,1970,bomba_calor,bajo,12.9,479
127,5,1997,electrica,bajo,19.9,436.6
120,1,2016,gas,bajo,5.5,239.8
60,3,2011,gas,bajo,8.7,225.6
152,4,1991,bomba_calor,alto,7.6,446.9
196,3,2007,bomba_calor,alto,10.6,367.9
107,6,2017,gas,alto,17.5,408.2
107,4,2002,gas,bajo,21.6,320.8
195,1,1994,electrica,medio,8.6,506.3
174,1,1985,electrica,bajo,11.2,502.3
137,6,1977,gas,alto,10,449.9
215,6,1993,gas,alto,7.4,485
64,3,1996,electrica,bajo,4.4,360.4
118,3,1999,electrica,bajo,3.3,595.1
200,5,1988,bomba_calor,alto,20.2,471.9
168,3,1969,gas,medio,11.4,312.3
198,6,1967,bomba_calor,bajo,10.2,568
172,5,1989,electrica,medio,12,602.4
202,2,2009,electrica,medio,17.8,311.1
44,5,2020,gas,medio,15.7,343.6
185,6,2020,electrica,bajo,13.9,554
146,3,1991,bomba_calor,bajo,8.6,435.1
152,2,1974,bomba_calor,medio,14.7,313.2
137,2,2015,electrica,medio,10,367.4
143,1,1999,gas,alto,19.9,207.9
77,4,1971,electrica,medio,15.3,362.2
46,3,1969,electrica,alto,18.3,225.3
147,6,1966,electrica,medio,21.4,460.8
208,3,2017,electrica,bajo,8.5,685.8
195,3,2012,bomba_calor,medio,17.6,391.6
101,1,1984,electrica,alto,23.5,162.4
84,6,1966,bomba_calor,bajo,9.2,405.1
62,2,2004,gas,alto,6.8,225.8
90,1,2005,gas,alto,7.5,184.6
171,4,1966,bomba_calor,medio,19.2,361.8
199,3,2005,bomba_calor,medio,11.5,447.5
179,5,2013,gas,alto,18.3,459.2
88,5,2011,electrica,medio,10.2,416.6
193,2,1996,gas,alto,13.2,306.1
128,4,1976,gas,alto,2.1,314.6
133,3,1970,electrica,bajo,3.9,676.8
47,5,1976,gas,medio,15.9,300.5
41,2,2016,bomba_calor,alto,15.5,165.2
113,6,1997,electrica,bajo,2.1,764.1
145,1,2000,bomba_calor,medio,5.6,301.3
205,6,1989,bomba_calor,alto,8.4,511.1
188,1,1998,bomba_calor,alto,5.6,302.2
162,6,2012,electrica,alto,7.6,518.3
214,6,1993,bomba_calor,alto,6.1,617.4
171,4,1985,electrica,alto,3.5,599.6
149,5,1967,bomba_calor,medio,13.6,411.7
86,6,2006,bomba_calor,alto,5.9,411
139,6,1966,gas,alto,5.4,513.1
45,6,1970,gas,bajo,16.1,390.6
51,6,2008,bomba_calor,bajo,2.1,378.8
188,1,2015,gas,alto,17.9,265.9
73,1,1969,bomba_calor,medio,4.5,206.6
151,1,1973,electrica,alto,18.2,226.7
50,6,2020,electrica,alto,9.1,363.4
195,1,1966,gas,medio,21.5,251.8
155,2,2016,bomba_calor,alto,6.7,324.5
129,2,1968,gas,medio,5,285.6
190,5,1991,bomba_calor,alto,20.4,401.1
53,6,1981,gas,medio,10.2,337.9
110,2,2009,gas,alto,3.2,247.5
159,1,1995,gas,medio,15.2,204
165,4,2001,bomba_calor,medio,13.3,398.6
151,4,1960,gas,bajo,13.4,351
158,4,1987,bomba_calor,medio,18.6,354.1
101,1,1999,gas,medio,5.8,217.6
129,3,1965,gas,medio,15.3,309.7
188,6,1961,electrica,bajo,4.9,953
143,1,1997,bomba_calor,alto,21.3,227.3
143,2,1973,bomba_calor,alto,19.3,256
199,5,1988,electrica,bajo,7.9,786.8
203,2,2011,bomba_calor,alto,15.7,354.4
70,1,1963,bomba_calor,alto,13.4,157.5
93,1,1982,gas,alto,9,198.3
212,1,1999,electrica,alto,16.1,332.4
113,1,1966,gas,alto,7.5,188.2
207,2,2020,bomba_calor,alto,11.3,350.9
126,6,1993,gas,bajo,19.1,469.5
209,6,1989,bomba_calor,medio,21.7,448.9
178,3,1973,bomba_calor,medio,17.8,351.9
67,5,1969,gas,alto,12.7,355.7
109,4,2014,electrica,medio,20.8,337
199,5,1983,electrica,alto,15.1,452.2
144,6,1962,electrica,bajo,3.9,825.1
97,4,1980,gas,bajo,4.4,383.2
105,3,1972,gas,bajo,8.5,254
165,6,1965,gas,alto,21.3,424.5
58,4,2001,bomba_calor,alto,7.7,296.3
44,2,1993,gas,medio,5.5,195.3
159,5,1971,bomba_calor,bajo,14.5,512.2
105,5,1997,bomba_calor,medio,18.9,393.9
198,4,1977,electrica,bajo,19.4,379.7
166,3,1993,bomba_calor,bajo,22.5,358.5
51,6,2009,electrica,medio,4.9,442.7
133,3,2022,gas,medio,13.6,361.8
86,2,2005,gas,bajo,23.1,217.7
119,4,1969,gas,bajo,2.9,426.7
109,2,1979,bomba_calor,medio,13.3,266.2
133,1,1967,electrica,alto,11.3,264.3
211,4,2012,gas,medio,10.1,424.6
107,3,2014,electrica,medio,10.8,352.9
147,2,1999,bomba_calor,alto,19.3,276.1
66,3,1967,electrica,medio,21.5,232.5
159,3,1987,gas,alto,4.3,298.1
149,5,1984,electrica,bajo,20.6,410.1
186,6,1968,gas,bajo,18,469.4
100,5,1984,gas,alto,9.4,381.4
78,6,2019,gas,medio,9,431.3
216,6,1997,electrica,bajo,17.6,517.7
69,1,1963,electrica,alto,21.4,147.4
48,2,1984,bomba_calor,medio,5.5,191.4
97,1,1997,electrica,bajo,14.9,208
184,1,1974,electrica,medio,11.6,383.5
72,5,2001,electrica,alto,4.4,407.7
56,3,1999,electrica,medio,10.3,300.2
218,2,1989,electrica,bajo,7.3,673.4
79,2,1969,electrica,medio,19.2,189.2
193,2,2007,electrica,medio,10.4,530.5
187,5,2015,electrica,alto,9.1,504.9
91,4,1998,gas,bajo,17.9,320.1
204,4,1999,gas,bajo,22.8,419.6
116,1,1974,bomba_calor,medio,16.8,206
79,2,1967,gas,medio,22.2,220.3
77,4,1960,gas,bajo,15.2,291.6
128,5,2000,electrica,medio,6.2,507
51,6,2017,bomba_calor,medio,20.1,372
174,2,1961,gas,bajo,8.3,344.2
135,3,1984,electrica,medio,5.8,477.5
209,4,2002,bomba_calor,medio,5.1,550.8
204,5,1979,electrica,bajo,22.7,467.9
178,4,1976,electrica,bajo,12.8,621
82,3,1988,bomba_calor,medio,10.4,265.6
181,5,2018,bomba_calor,medio,3.9,537.6
157,6,1964,bomba_calor,bajo,4.1,574.1
142,1,1991,electrica,bajo,2.9,580
127,4,2021,bomba_calor,medio,20.8,340.8
86,1,1995,electrica,bajo,7.6,313.5
106,4,1980,electrica,alto,16.9,365.4
65,4,2008,electrica,medio,3.7,396.1
177,2,2022,electrica,medio,23,285.9
115,1,1972,bomba_calor,bajo,16.2,170.7
179,1,1982,gas,alto,21.6,295
186,4,2010,electrica,bajo,23.7,391.8
181,6,1980,gas,medio,10.2,492.4
101,1,1973,electrica,bajo,2.9,481.1
215,6,2019,electrica,bajo,10.5,790.9
151,2,2012,gas,medio,19.9,272.3
185,5,1970,gas,bajo,15.8,406.2
73,6,1995,bomba_calor,bajo,12.8,381.9
76,5,1993,gas,alto,19.5,308.7
153,4,2010,gas,medio,23.5,355.7
43,6,1989,bomba_calor,bajo,18.5,352.5
130,5,1999,gas,bajo,2.6,374
192,5,2016,bomba_calor,medio,7.1,564.4
120,2,2011,bomba_calor,alto,11.6,230.5
173,2,1975,gas,bajo,14.2,309.3
71,4,1999,bomba_calor,medio,12.6,297
200,4,2011,electrica,bajo,16.3,474.1
50,3,1975,gas,medio,23.5,235.8
131,6,1961,bomba_calor,medio,18.2,471.5
165,4,1981,electrica,medio,19,428.4
212,2,1993,bomba_calor,bajo,17.3,292.4
69,6,2009,gas,bajo,20.8,358.5
139,1,2012,electrica,bajo,22,236.3
180,2,1970,gas,alto,5.8,306.4
109,1,1980,bomba_calor,medio,9.8,258.6
150,3,1978,electrica,alto,16.9,323.9
118,5,2015,bomba_calor,bajo,14.2,440.2
218,6,2021,bomba_calor,bajo,3.7,638.2
211,1,1984,gas,bajo,16.6,294.9
197,2,1982,gas,bajo,9.2,324.5
103,2,2015,bomba_calor,medio,18.6,223.2
57,4,2012,electrica,alto,2.2,358.1
134,3,2021,bomba_calor,bajo,3,424.5
165,1,2014,electrica,alto,18.8,229.8
118,3,2006,bomba_calor,bajo,8.6,398
47,1,1993,gas,bajo,11.5,155.2
138,2,2000,electrica,alto,9.3,366.3
166,1,1984,electrica,medio,15.4,293.6
56,5,1966,gas,alto,3.1,316.9
179,4,2020,electrica,alto,15,435.2
49,1,2004,electrica,medio,7.1,243.8
156,5,1985,electrica,alto,8.4,583.5
90,1,1989,bomba_calor,alto,6.5,197.4
152,3,1977,electrica,alto,6,445.7
200,5,1976,gas,bajo,16.7,419.4
91,5,1963,gas,bajo,19.9,371
156,3,1964,electrica,bajo,3.9,696.5
75,4,1965,electrica,bajo,5.9,462.2
68,5,1984,gas,medio,2.6,352.4
59,5,1986,gas,bajo,7.9,322.4
208,2,1996,electrica,bajo,5.4,815.7
197,1,2006,bomba_calor,bajo,16.9,264.7
112,5,2008,gas,alto,12.1,374.3
126,4,2004,electrica,medio,3.5,531.7
211,3,2019,bomba_calor,medio,20.3,335.5
120,3,2000,gas,medio,8.5,278.5
202,3,2021,gas,bajo,8.5,407.5
200,1,2004,electrica,medio,9.2,487.1
199,4,1987,bomba_calor,medio,10.9,475.6
144,6,2019,gas,medio,4,456.5
100,4,1977,electrica,medio,20,297.7
218,2,1970,bomba_calor,alto,18.6,321.3
52,3,1963,electrica,alto,5.7,290.1
79,6,1990,gas,alto,21.5,363.7
170,2,2010,bomba_calor,medio,22.3,274
207,6,2001,gas,alto,13.9,560.7
161,5,1995,electrica,bajo,17.2,472.3
50,4,1980,gas,alto,9.4,266.9
195,6,1980,gas,bajo,22.5,517.6
47,1,1998,bomba_calor,alto,16.9,170.3
215,4,1965,bomba_calor,medio,10.5,473.8
199,3,1998,bomba_calor,medio,8.6,445.6
79,6,1997,gas,bajo,14.6,403.6
189,6,1979,bomba_calor,bajo,17,464
64,1,1967,gas,alto,17.9,160.6
87,6,1979,electrica,alto,16.6,414
61,2,1976,electrica,alto,20.6,185.5
112,4,1985,electrica,bajo,9.9,508
63,1,1968,gas,bajo,3.9,172.5
86,3,1971,bomba_calor,alto,22.7,289.4
134,1,2008,electrica,medio,18.3,209.9
220,4,1981,electrica,medio,7.1,686.9
47,6,1962,electrica,medio,17.6,331.9
179,6,1975,bomba_calor,alto,23.8,478.8
190,1,1978,gas,alto,9.1,253.9
44,6,2016,bomba_calor,bajo,18.4,387.1
92,1,1969,gas,medio,21.4,161.9
145,3,2003,electrica,medio,7.6,511.3
72,5,2022,bomba_calor,bajo,24,362.9
71,5,1973,gas,bajo,10.2,360.1
135,5,2012,electrica,medio,3.5,647.7
163,1,1998,gas,alto,9,244.3
213,3,1977,electrica,medio,6.4,653.9
130,1,2002,gas,alto,20,216.6
202,2,1962,electrica,alto,3,590.6
141,2,1970,electrica,bajo,8.7,513.5
55,3,1994,electrica,medio,2.4,303.8
147,6,2007,gas,medio,17.9,494.8
104,1,1969,bomba_calor,alto,14.1,211.7
127,3,2000,gas,bajo,12.4,293.9
89,3,2004,electrica,medio,19.6,298.1
48,5,2019,electrica,alto,10.9,353.8
130,3,1972,electrica,alto,15.3,356.4
84,6,1993,electrica,alto,21.4,428.2
77,2,2015,electrica,bajo,23.4,210.1
91,6,1984,bomba_calor,medio,6.6,447.5
101,3,1965,gas,bajo,11.7,316.1
99,1,1964,gas,alto,3,200.2
117,1,1995,bomba_calor,bajo,9.7,218.5
176,6,2020,electrica,bajo,11.8,662.3
101,6,2017,electrica,alto,13.4,395.6
158,4,1994,bomba_calor,medio,19.3,351.2
100,4,2001,gas,medio,13.1,336.8
114,6,1982,gas,medio,6.2,404.9
120,6,1973,gas,bajo,12.2,410.3
126,4,2001,electrica,alto,14.5,391
155,3,1964,gas,alto,6.9,346.4
173,5,2003,gas,bajo,11.2,483.6
63,5,1971,electrica,bajo,18.2,341
165,4,2016,electrica,alto,22.7,356.2
164,2,2006,gas,bajo,19.1,323.9
73,4,1977,electrica,medio,19.7,307.4
118,4,1977,electrica,alto,14.4,342
210,6,1976,gas,medio,2.7,505.8
130,2,2019,electrica,medio,7.7,467.2
132,5,2012,bomba_calor,medio,22.6,382.7
190,2,1960,bomba_calor,bajo,14.8,339.8
110,1,2006,bomba_calor,medio,8.4,257.9
151,1,1985,bomba_calor,bajo,6.1,322.8
130,1,1962,bomba_calor,bajo,8.2,304.5
58,5,1998,bomba_calor,alto,4.9,359.4
133,6,1983,bomba_calor,bajo,22.7,420.3
174,5,2020,bomba_calor,bajo,3.9,524
190,1,2020,gas,medio,3.2,281.6
109,4,1972,electrica,bajo,17.5,334.3
131,6,1962,gas,medio,9.5,438.8
207,4,1992,bomba_calor,bajo,7.4,543
213,5,1971,bomba_calor,bajo,20.2,443.9
42,4,1993,gas,medio,19.9,313.1
197,1,1976,gas,medio,9.4,310.1
137,1,2007,gas,bajo,21.1,215.2
67,1,1992,electrica,medio,11.3,231
47,6,1979,gas,alto,2.2,399.7
142,1,1991,bomba_calor,medio,3.4,310
92,6,2016,gas,medio,7.2,389.6
148,6,1994,gas,bajo,15.4,453.2
53,1,1965,electrica,bajo,16.5,156.5
178,5,2013,bomba_calor,bajo,9.3,464.2
53,3,2020,electrica,medio,13.4,240.7
153,2,2020,electrica,medio,21.5,270.7
84,3,1972,gas,medio,2.3,296.5
140,3,2001,electrica,medio,6.3,490.2
69,2,2005,bomba_calor,bajo,4.9,242.8
73,4,2012,bomba_calor,medio,7.4,350.7
121,5,2008,gas,bajo,9.7,369.1
78,5,2003,gas,bajo,23.9,354.4
133,1,1983,bomba_calor,alto,21.3,228.5
74,5,2005,electrica,alto,16.3,368.3
80,2,1975,gas,bajo,6.7,202.9
48,4,2006,electrica,bajo,12.8,307.6
116,3,1993,gas,medio,12.4,294.1
182,1,2002,gas,bajo,18.5,220.6
94,1,1994,gas,alto,20.3,159.7
160,4,2010,gas,bajo,5.3,363.6
186,3,1968,electrica,alto,20.8,360.9
49,3,1979,bomba_calor,alto,21.4,270
160,5,1973,bomba_calor,bajo,23.7,436.8
93,1,1990,gas,alto,4.4,159.2
83,6,1999,bomba_calor,medio,17.8,398.3
149,5,1978,gas,medio,20.3,411.2
194,4,1986,electrica,medio,19.4,371.9
188,4,2009,electrica,alto,18.7,418.5
127,4,1978,gas,medio,13.2,358.5
160,4,1979,bomba_calor,medio,8.7,416.2
179,3,2014,electrica,alto,7.8,504.3
70,5,1973,gas,medio,3.2,334.1
71,2,1978,electrica,bajo,6.9,343.2
95,1,1974,electrica,medio,16.3,193.1
65,1,2010,electrica,bajo,17.8,187.1
104,5,2003,gas,alto,15.1,379.2
139,4,1970,bomba_calor,alto,10.2,363.3
96,5,1976,bomba_calor,medio,2.4,406.2
126,6,1993,gas,bajo,23.1,417.9
157,2,2005,electrica,alto,9.4,395.6
79,4,1985,electrica,bajo,9.2,399.6
81,5,1965,electrica,medio,10.9,446
203,1,1985,electrica,bajo,22.5,290.3
150,2,1963,electrica,bajo,18.6,258.9
140,5,1993,electrica,medio,5.2,579.6
109,1,2019,electrica,alto,6.9,326.3
51,1,1994,gas,bajo,21.6,157.6
95,3,1986,electrica,bajo,22.1,301
119,5,1993,gas,alto,5.3,330.3
141,5,1993,gas,alto,15.8,438.2
132,1,1985,electrica,bajo,13.7,342.1
97,1,2002,electrica,medio,13.9,221.1
133,4,1963,bomba_calor,alto,20.8,339.4
137,4,2020,electrica,medio,14,374.4
61,4,1994,gas,medio,19.2,312.6
145,6,2019,gas,alto,9.7,490.6
132,3,1977,bomba_calor,bajo,21,301.2
183,6,1987,bomba_calor,medio,12.8,499.8
212,2,1965,bomba_calor,alto,15,350.7
110,4,2004,bomba_calor,alto,12.4,357.3
67,5,1970,gas,alto,16.1,299.6
67,3,1973,electrica,medio,11.7,325.4
94,3,1984,electrica,medio,5.3,406.3
166,5,2010,electrica,medio,6.3,637.2
82,1,1977,electrica,medio,3.3,330.5
216,4,2015,bomba_calor,medio,22.7,440.5
86,5,2008,bomba_calor,bajo,18.9,369.1
189,6,2005,gas,bajo,18.4,449.9
190,1,1997,bomba_calor,medio,5.7,328.3
78,2,2012,electrica,bajo,4.9,366.6
141,5,2003,gas,medio,16.6,412.6
125,6,1996,gas,alto,18.8,414
105,3,1973,gas,bajo,13.7,306.2
61,6,1993,electrica,alto,2.2,440.5
135,3,1976,gas,alto,14.8,319.1
132,1,1980,gas,bajo,15.2,226.7
70,5,1966,bomba_calor,alto,3.9,387.1
169,6,1962,electrica,alto,17.7,454.9
44,4,2019,electrica,alto,4.7,346
148,6,1992,gas,medio,5.8,414.3
165,3,2019,electrica,medio,10.9,490.8
81,6,1971,gas,medio,22.6,417.3
212,5,1981,electrica,bajo,6.2,978
91,6,1981,gas,alto,7.8,443.9
126,3,1964,gas,medio,4.1,314.1
63,6,2006,electrica,bajo,11.5,445.5
125,3,1966,electrica,bajo,16.3,337.4
172,4,2017,gas,medio,15.9,355.9
198,3,2002,bomba_calor,medio,4.3,444.5
79,6,2006,gas,bajo,17.9,376.3
91,4,1970,bomba_calor,medio,18.2,343.3
155,1,2019,gas,bajo,10.1,258.4
50,5,1995,gas,alto,15.3,285.7
123,2,1967,gas,medio,22,221.4
202,6,2008,bomba_calor,alto,18,546.4
82,6,2013,bomba_calor,alto,17.6,405
140,3,1986,bomba_calor,bajo,9.9,391.3
213,1,1983,bomba_calor,bajo,13.1,356.4
65,2,1993,gas,medio,15.5,198.1
45,6,1987,electrica,medio,17.7,362.3
186,6,2022,bomba_calor,bajo,6.1,629.8
176,6,1981,gas,bajo,19.6,429.5
144,1,1994,electrica,bajo,15.1,265.7
114,2,1964,bomba_calor,bajo,10.7,256.6
119,2,1994,bomba_calor,bajo,9.9,284.9
206,1,1968,bomba_calor,medio,18.6,278.6
127,3,2018,electrica,bajo,17.4,304
69,5,1966,electrica,medio,20.6,350.4
59,2,2012,gas,medio,21.1,196.1
120,6,1986,gas,bajo,14.9,449.5
53,5,1980,gas,bajo,7.4,351.5
202,6,1961,electrica,medio,18.3,520.4
45,5,2018,bomba_calor,medio,5.4,333.9
52,3,1983,gas,medio,13.2,217.3
88,6,1961,electrica,bajo,22.9,392.9
122,4,1972,electrica,medio,15,388.3
51,6,1986,electrica,medio,9,413.4
121,1,2016,bomba_calor,bajo,21.7,244.9
219,1,1998,electrica,bajo,10.7,585.9
168,5,1993,gas,bajo,21.5,421.8
170,5,1976,electrica,bajo,12.2,582.8
95,5,1960,electrica,alto,2.6,404.1
166,5,2012,bomba_calor,bajo,21.7,437.9
138,3,1994,electrica,bajo,2.1,622.3
71,3,1966,electrica,bajo,7.7,388.7
47,4,2014,bomba_calor,medio,23.1,291.8
134,1,1964,bomba_calor,bajo,23.7,185.7
160,5,1981,bomba_calor,alto,18.7,432.3
155,3,1991,gas,alto,24,342.7
65,1,1998,gas,alto,3.5,173.9
104,4,1974,bomba_calor,alto,17.7,299.5
56,1,2006,electrica,alto,9.7,182
43,3,2000,bomba_calor,bajo,8.8,236.3
147,1,1999,electrica,bajo,9.4,394.9
108,6,1978,electrica,bajo,7.8,622.3
109,3,1988,electrica,medio,15,340.4
204,1,1970,gas,medio,16.5,296.9
52,2,1961,bomba_calor,alto,3.3,206.6
95,2,1984,gas,alto,11,220.2
41,1,1965,bomba_calor,alto,3.5,147.8
135,2,1993,electrica,alto,10,328.4
84,6,1996,electrica,medio,13.3,449.7
55,1,1985,gas,medio,15.5,169.3
114,6,2021,gas,alto,15.4,432
91,2,1993,electrica,alto,7,340.6
70,4,2014,bomba_calor,bajo,9.6,375.8
98,1,1960,gas,medio,11.6,190.8
95,3,1973,gas,bajo,8,286.7
144,3,2020,electrica,bajo,21.1,290.8
92,2,2000,gas,alto,23.6,228.1
196,4,1982,electrica,alto,5.6,572.5
194,2,2010,gas,bajo,2.5,320.4
48,1,1963,gas,alto,8,168.8
213,3,1996,electrica,bajo,13,576.6
131,3,1979,electrica,bajo,6.2,618.5
76,2,2001,bomba_calor,bajo,15.3,231
109,1,1973,electrica,alto,18.1,202.4
108,6,2015,bomba_calor,medio,5.7,503.3
41,2,1981,bomba_calor,medio,9.7,194.4
67,4,2001,electrica,bajo,9.9,331
153,3,2022,bomba_calor,alto,14.4,347
103,3,2010,gas,bajo,9.8,302.5
108,6,2012,gas,bajo,3.2,412.4
159,4,1979,bomba_calor,alto,18.6,361.3
136,4,2013,electrica,medio,15.3,387.4
50,5,1965,gas,alto,9.8,294.3
128,5,2011,electrica,medio,22.7,383
173,3,1988,gas,alto,13.9,324.5
189,3,2003,gas,alto,22,368.6
177,1,1977,gas,bajo,2.3,324.8
96,2,2020,bomba_calor,medio,19.5,211.6
178,4,2020,electrica,medio,11.2,534.1
56,5,1992,bomba_calor,bajo,20.4,370.1
208,1,2020,bomba_calor,alto,13.5,302.2
75,4,1966,bomba_calor,bajo,17.8,327.3
177,2,1970,electrica,medio,2.9,598.2
201,2,2007,gas,medio,14.8,326.6
79,5,1961,gas,medio,14.4,368.7
186,2,2017,electrica,medio,19.6,290
182,4,1989,electrica,alto,6.2,571.6
62,6,1973,electrica,bajo,21.8,358.3
104,4,1969,bomba_calor,medio,11.6,356.6
136,4,1962,electrica,medio,10.8,427.2
59,1,1983,electrica,medio,13.7,207.8
132,4,1961,electrica,bajo,22.2,358.2
104,6,1972,bomba_calor,alto,18,371.2
188,5,1991,bomba_calor,bajo,21.7,450.9
173,1,2018,bomba_calor,bajo,15.7,234.7
197,1,1966,gas,bajo,16.7,283.6
85,3,1996,bomba_calor,bajo,8.9,340.3
41,1,1968,bomba_calor,bajo,20.2,151
124,2,1974,gas,alto,18,246.4
138,1,1965,gas,alto,20.9,224.9
71,1,1986,gas,medio,6.6,183.9
117,1,1984,electrica,medio,9.5,361.1
153,3,1975,electrica,alto,3.5,498.7
145,3,1986,bomba_calor,bajo,13,323.4
87,6,2016,gas,bajo,8.8,413.8
212,3,1960,bomba_calor,bajo,11.4,501.7
47,1,2003,bomba_calor,alto,11,150.4
163,1,1996,gas,alto,20.7,247.3
127,1,1988,electrica,bajo,17.1,235.8
113,1,1961,bomba_calor,bajo,11.1,242.6
73,6,1987,electrica,alto,17.3,416.7
183,1,1972,gas,alto,6.2,267.1
171,1,1992,gas,medio,3.7,272.2
218,4,1971,electrica,medio,22.8,381.2
188,6,1997,gas,bajo,22.8,484.9
162,2,1972,bomba_calor,bajo,3.2,398.7
121,4,1982,electrica,bajo,20,328.9
85,3,2011,bomba_calor,alto,6.4,328.3
187,3,1965,electrica,bajo,10.8,544.1
179,1,1991,gas,bajo,7.1,307.8
74,4,1983,gas,medio,8.4,307.7
76,3,1975,gas,alto,9.6,289.9
201,3,1992,bomba_calor,medio,12.8,456.5
173,4,2004,gas,bajo,22.8,402.2
71,5,1996,bomba_calor,alto,14,316.3
204,2,1970,electrica,medio,2.1,746.8
57,4,1997,gas,medio,6.3,284.5
143,4,2018,gas,bajo,11.9,373.4
198,4,2021,electrica,alto,22.6,357.4
147,6,1964,electrica,medio,18.9,461.2
108,3,1989,bomba_calor,alto,9.2,323.1
172,5,2004,gas,alto,18.1,425.2
98,3,1986,bomba_calor,alto,11.2,313.5
53,6,1999,gas,alto,5.2,407.4
186,1,2000,bomba_calor,medio,17.5,271.8
215,4,1964,bomba_calor,medio,5.6,510.5
157,2,1975,gas,alto,21.9,272.4
91,1,1998,gas,bajo,17.8,134.8
56,1,2004,electrica,alto,6.3,185.2
186,5,2017,gas,alto,23.2,460.9
86,6,1981,electrica,alto,21.2,417.8
64,1,2001,electrica,bajo,5.1,296.1
119,1,1971,bomba_calor,medio,3.2,301.1
189,2,1995,gas,bajo,19.2,281.8
160,6,1987,bomba_calor,medio,12.3,527.4
174,6,1967,bomba_calor,medio,2.2,588.9
110,3,2001,electrica,alto,3.4,404.5
101,5,1991,gas,bajo,21.8,375.2
63,1,1966,electrica,medio,18.9,159.2
180,3,1981,gas,alto,8.9,343.6
204,5,2008,electrica,alto,19,478.8
116,2,1989,bomba_calor,bajo,7.7,291.9
109,4,1990,bomba_calor,alto,14.7,327.3
90,1,1985,gas,bajo,15.2,197.6
145,2,1969,electrica,alto,2.3,421.6
144,2,1965,electrica,medio,2.1,630.4
198,1,1995,electrica,alto,16.1,312.7
124,2,2010,electrica,bajo,7,524.1
173,3,2019,bomba_calor,bajo,22,349.8
212,4,2011,electrica,bajo,6.9,789.6
156,2,1993,electrica,bajo,2.2,707.2
179,2,2015,electrica,alto,23.6,297.3
193,4,1964,bomba_calor,bajo,10.6,451.1
188,3,2014,bomba_calor,medio,15.8,374.4
79,2,2000,bomba_calor,alto,14.7,244.7
171,6,1960,electrica,bajo,14.7,565.1
218,6,2015,gas,medio,2.7,557.8
170,1,1983,bomba_calor,bajo,20.1,256
163,5,1964,gas,bajo,2.2,443.6
101,1,1993,bomba_calor,bajo,21.8,194
188,1,1971,gas,medio,21.4,269.4
170,4,2006,gas,alto,6.5,386.9
169,5,2018,bomba_calor,medio,2.8,472.5
138,6,1978,electrica,alto,20.7,439
155,1,2013,bomba_calor,bajo,18,251
160,6,1990,electrica,medio,21,463.6
146,2,2019,electrica,bajo,16.8,298.5
208,3,1984,electrica,medio,10.9,526.5
193,4,1962,bomba_calor,medio,22.4,407.2
131,1,1991,gas,bajo,10.6,224.3
139,3,1997,gas,alto,15.5,320
109,1,2020,electrica,medio,19.8,204.7
218,1,2021,electrica,bajo,8,683.7
176,2,1990,bomba_calor,medio,16,305.1
191,3,1970,electrica,alto,11.2,459.8
131,3,2006,gas,medio,7.3,291.2
164,3,1995,electrica,medio,23.9,351.4
162,1,2007,bomba_calor,medio,16,236.7
157,4,1991,gas,bajo,23.3,341.8
124,6,1989,electrica,alto,18.6,442.8
175,5,1997,gas,medio,10.5,442
139,5,2006,bomba_calor,alto,23.8,389.8
81,2,1990,bomba_calor,alto,10,240.7
170,5,1997,electrica,alto,11.5,490.4
106,5,1988,gas,medio,12.5,387.1
178,3,1996,bomba_calor,medio,3.2,498.5
69,3,2017,bomba_calor,alto,7,257.6
215,3,1960,electrica,medio,13.4,562.8
202,4,1964,gas,medio,14.3,431
215,6,1993,electrica,alto,19.8,534.9
62,5,1964,gas,alto,7.7,307.9
217,3,1970,gas,bajo,3.7,432.2
78,2,1985,electrica,medio,9.6,279.1
181,4,2013,gas,alto,9.2,402.4
153,5,1974,bomba_calor,bajo,10.7,458.7
113,6,1977,electrica,alto,9.8,455.8
135,3,1983,gas,alto,22.1,265
187,6,1969,bomba_calor,alto,2.5,541.3
153,4,2008,bomba_calor,alto,4,403.1
88,5,2015,bomba_calor,alto,3,371.9
41,1,1977,electrica,bajo,10.3,195.2
78,4,1967,electrica,medio,17.4,348.2
180,4,1966,gas,alto,15,405.5
204,5,1963,gas,medio,22.6,440.4
85,6,1992,electrica,medio,13.6,430.2
92,6,1975,gas,medio,10.2,383.4
217,4,1979,electrica,medio,6.1,762.8
213,6,2010,bomba_calor,bajo,11.7,563
120,5,1975,electrica,bajo,21.4,382.4
76,6,2009,bomba_calor,medio,4.5,452
153,5,1964,gas,bajo,5.4,381
194,3,1983,bomba_calor,alto,7.8,372.2
209,1,1981,bomba_calor,bajo,3.1,467.5
46,4,1990,gas,medio,9.3,278.3
144,5,2012,gas,bajo,23.4,359.1
51,2,2001,electrica,medio,12.7,187.9
206,2,2011,bomba_calor,medio,10.1,351.8
146,2,1967,electrica,alto,23.4,266.5
109,2,2021,electrica,alto,18.3,256.4
168,5,1986,gas,medio,8.5,447.3
95,4,1994,electrica,bajo,13.2,363.2
118,6,1997,bomba_calor,alto,22.5,396.7
53,6,2005,gas,alto,19.3,365.1
123,1,1966,gas,medio,20,215.2
124,6,1991,electrica,bajo,10.5,631.9
187,6,1985,gas,alto,20.5,496
136,6,1963,bomba_calor,medio,3.9,530.7
133,5,1990,electrica,bajo,17.7,408.1
133,3,1996,bomba_calor,bajo,20.3,308.3
43,5,1989,electrica,alto,7.5,359.1
185,6,1983,bomba_calor,alto,14.9,485.1
195,2,1995,gas,medio,11.3,298.5
92,2,1992,bomba_calor,alto,13.3,198.5
209,4,1995,bomba_calor,bajo,16,393.2
80,3,1978,electrica,bajo,22.4,214.1
176,4,1978,bomba_calor,medio,22,412
133,5,1972,gas,bajo,9.1,411
163,5,2005,electrica,bajo,17.1,459.9
69,2,1994,gas,bajo,2.4,235
41,5,1986,bomba_calor,medio,9,324.7
60,1,1974,bomba_calor,alto,19.1,151.6
106,2,1971,bomba_calor,alto,12.5,230.9
76,3,1965,electrica,bajo,21.9,233.1
90,5,1995,gas,medio,17.1,340.1
133,6,1982,electrica,alto,17.5,433.3
116,2,1964,gas,bajo,7,264
99,6,2008,gas,alto,20.8,385.8
48,3,2020,gas,alto,3.2,195.1
55,5,1994,electrica,medio,10.7,361.1
59,3,1982,bomba_calor,medio,22.1,262.4
128,3,1982,electrica,bajo,3.3,731.7
118,3,2015,gas,alto,12.2,305.2
126,5,1990,bomba_calor,bajo,21.5,434.2
184,3,1960,gas,alto,12.8,322.1
134,1,2001,electrica,medio,8.5,319.1
128,1,2015,electrica,alto,10.8,279
212,4,2012,electrica,medio,2.7,842.4
148,5,1983,electrica,medio,20.4,390
197,2,1966,electrica,alto,2.9,556.4
53,4,2008,electrica,medio,16.7,282.3
153,2,1978,bomba_calor,bajo,17.8,231.9
144,3,2014,bomba_calor,bajo,19.3,297.5
215,2,2006,electrica,medio,20.1,305.2
208,4,1977,bomba_calor,alto,6.3,433.1
214,1,1989,electrica,bajo,4,827.8
180,2,1963,gas,bajo,5.7,353.8
80,6,1997,electrica,bajo,11.3,507
175,6,1964,gas,medio,2.2,471.2
138,5,1971,electrica,bajo,7.2,705.3
169,4,1974,gas,alto,2.7,364
97,5,2003,electrica,alto,10.3,383.7
87,3,1966,electrica,medio,2.1,508.3
120,2,2016,bomba_calor,alto,17.7,250.3
100,5,1973,gas,bajo,5.7,411.9
218,3,2013,gas,bajo,2.4,409.7
100,5,1986,electrica,bajo,11.9,476.1
105,3,1994,bomba_calor,medio,21.3,235
114,2,2000,gas,alto,3.6,246.8
164,2,2004,bomba_calor,bajo,5.3,393.3
161,6,2010,electrica,alto,15.8,476.3
116,4,2014,bomba_calor,alto,17.7,291.9
212,2,1983,bomba_calor,medio,9.1,452.6
210,3,1995,electrica,alto,3.2,572.1
72,6,2003,bomba_calor,alto,11,453.6
134,6,1996,electrica,alto,10.3,462.3
205,6,1987,bomba_calor,bajo,20,525.2
94,4,2008,gas,alto,19.7,303.1
220,5,1991,electrica,medio,8,806.2
190,5,1969,bomba_calor,alto,23.4,404.6
118,1,1986,gas,medio,9.8,210.7
205,1,1970,bomba_calor,medio,8.5,327
195,1,1992,electrica,bajo,7,656.3
71,3,2007,gas,alto,5.3,260.4
199,6,1977,gas,bajo,7.4,484.6
93,4,1975,electrica,alto,12.1,374.8
192,2,1961,gas,alto,10.1,282.9
163,2,1963,electrica,bajo,14.7,416.4
76,3,1983,gas,alto,4.1,283
203,5,2012,gas,medio,8.2,505.7
158,4,1967,electrica,bajo,12.1,550.5
53,5,2008,gas,medio,22,319.3
119,3,1985,electrica,medio,8.2,458.1
153,2,1976,gas,bajo,8.2,302.5
108,1,2009,electrica,medio,13.2,276.1
101,5,1997,bomba_calor,bajo,11.8,405.4
87,6,2008,bomba_calor,medio,21.3,413.7
155,1,2002,gas,alto,6,237.8
101,6,1968,bomba_calor,alto,8.4,454.8
53,4,1974,gas,alto,6.4,265.4
211,3,1970,gas,bajo,16,381.1
105,5,2009,electrica,bajo,19.4,371.6
187,1,1973,electrica,medio,14.5,346.2
193,2,2018,gas,bajo,4,327.5
97,4,1974,gas,bajo,10.1,344.6
172,4,2012,bomba_calor,medio,23.5,341.6
149,2,1971,electrica,alto,3.1,504.7
72,2,1961,gas,bajo,7.5,245.7
184,6,1991,gas,alto,22.2,523.9
52,2,2003,electrica,bajo,6.7,290.7
147,2,2012,electrica,medio,15.9,302.4
69,3,1999,gas,medio,21,262.7
90,3,2000,gas,alto,20.4,242.8
178,5,1990,bomba_calor,medio,2.7,543.2
117,3,1977,electrica,bajo,16.5,316.7
50,1,1983,bomba_calor,alto,3.6,190.1
101,3,1995,bomba_calor,bajo,2.9,418.9
189,3,1973,gas,bajo,3.1,356.2
84,3,1974,electrica,alto,11.7,319.4
93,3,1978,bomba_calor,bajo,14.1,295.3
71,2,1994,bomba_calor,alto,4.8,220
152,2,1971,electrica,bajo,3.5,746.8
77,4,1975,electrica,alto,13.9,303.8
110,4,1973,electrica,bajo,23.5,336.8
58,1,2000,gas,alto,13.6,165.6
124,4,1977,bomba_calor,alto,8.2,407.3
110,2,2007,electrica,bajo,4.4,468.6
143,6,1978,bomba_calor,medio,19,476.8
154,1,2011,bomba_calor,bajo,9.5,316.6
123,1,1969,bomba_calor,medio,8.9,275.8
217,6,2000,gas,bajo,2.1,620.6
126,3,1979,bomba_calor,medio,3.5,338.2
83,1,1986,gas,medio,11.1,166.1
80,1,1986,gas,alto,12.8,177.9
158,4,2006,gas,alto,4,404
203,3,2006,gas,bajo,5.8,368.7
175,3,2017,bomba_calor,alto,17,299.9
80,4,1976,gas,bajo,3.3,348
155,4,2002,bomba_calor,medio,20.1,346.6
170,5,2003,bomba_calor,alto,6.4,490.5
138,3,1972,electrica,bajo,12.1,497
208,1,1960,electrica,alto,2.6,580.4
126,2,2010,gas,bajo,17.8,227.7
79,2,2020,bomba_calor,medio,20.2,239.8
61,4,1974,electrica,bajo,4.1,475.3
153,4,2004,electrica,bajo,9,638.4
196,3,1968,electrica,alto,6.6,566.2
101,4,1971,gas,medio,9.5,308
67,6,2008,bomba_calor,medio,18.6,411.7
110,6,2010,bomba_calor,medio,16,412.2
188,5,2009,bomba_calor,medio,4.2,536.2
197,6,1961,electrica,alto,11.5,592.1
63,4,1982,gas,alto,4,270
60,2,1969,gas,alto,12.9,184
146,4,1964,gas,medio,21.9,387
117,6,1973,gas,medio,23.1,394.4
122,1,2002,bomba_calor,medio,20.1,232.7
112,1,2010,gas,bajo,11.5,196.7
68,2,2015,electrica,alto,13.6,238.2
97,4,2019,gas,bajo,11.4,299.7
69,2,1984,electrica,alto,21,188.7
201,6,2020,gas,bajo,7.7,539.4
93,5,2014,gas,alto,12,351.2
100,5,2010,electrica,medio,10,482.2
217,2,1972,electrica,bajo,10.4,601
216,5,1979,gas,medio,21.4,452.1
133,4,1974,bomba_calor,alto,4.2,363.8
49,2,1978,gas,alto,19.5,180.2
193,5,1986,gas,medio,23.6,398.1
146,5,1979,gas,medio,17.1,381.3
75,5,1965,gas,medio,20.2,350
206,4,1961,gas,medio,5.4,434
110,3,1977,gas,alto,13.8,273.1
198,5,1999,gas,bajo,22.1,425.8
113,1,1990,gas,alto,4.8,200.5
56,4,1962,bomba_calor,alto,8.2,277.8
112,5,2014,bomba_calor,medio,2.4,407.8
51,1,1974,bomba_calor,medio,17.4,159.1
147,3,1983,bomba_calor,alto,2.4,425.5
44,1,1992,electrica,medio,19.7,178.7
160,6,1975,gas,medio,6.4,533
145,1,1973,electrica,bajo,22.1,244.1
49,4,1979,electrica,alto,2.8,321.8
207,1,1974,gas,alto,7,323.9
183,4,1964,bomba_calor,medio,15.9,429.9
187,6,1974,gas,bajo,10.5,488.1
122,2,1974,bomba_calor,medio,11.4,271.9
111,5,1997,bomba_calor,medio,3.1,427.9
156,2,2018,electrica,medio,21.2,309.9
164,4,1973,bomba_calor,medio,8.3,414.5
67,1,2001,gas,alto,3.7,156.2
114,1,2016,gas,alto,18.7,208.1
118,2,1977,gas,alto,22.7,231.4
147,6,2016,gas,alto,4.3,484
64,2,1977,bomba_calor,bajo,16.5,196.6
219,4,1968,bomba_calor,alto,11.4,410.8
167,1,1971,electrica,alto,19.5,271.8
88,1,2000,electrica,alto,5.5,256.5
56,4,1982,gas,medio,5.1,311.1
114,2,1968,bomba_calor,bajo,10.2,323.7
65,5,1981,electrica,bajo,20.8,369.2
52,4,1981,bomba_calor,alto,21.9,269.5
42,2,1983,bomba_calor,medio,10.6,169.1
125,5,2005,bomba_calor,medio,11.5,399.6
196,1,2013,bomba_calor,bajo,22,262.9
212,5,1980,gas,bajo,10.9,495.6
182,6,1978,bomba_calor,alto,12.3,497
122,2,1983,electrica,bajo,13,365.9
95,3,1983,electrica,alto,17,275.3
201,3,2010,bomba_calor,bajo,14.5,380.6
47,3,1969,gas,alto,19,227.8
71,1,1971,gas,medio,2.1,165.5
209,6,2013,electrica,medio,5.1,840.2
121,6,2014,bomba_calor,bajo,9.5,531.6
105,2,2018,gas,medio,3.8,256.7
49,1,1973,electrica,bajo,2.5,310.5
89,3,2022,gas,bajo,7,317.8
180,5,2020,electrica,alto,11.9,500.3
177,4,1972,electrica,medio,11.1,567.6
189,6,2001,bomba_calor,bajo,19.9,478.8
122,1,1986,electrica,medio,2.4,421
105,3,2014,electrica,medio,3.4,522.5
61,3,1976,gas,bajo,11,204.5
48,1,2016,gas,medio,11.5,159.9
166,1,1979,bomba_calor,medio,14.4,305.3
156,6,2019,electrica,medio,12,522.7
118,2,1988,electrica,medio,5.9,397.3
72,4,1974,bomba_calor,medio,16,328.5
115,6,1989,gas,alto,10.5,375.1
105,1,2014,electrica,bajo,15.9,218.3
207,4,2015,bomba_calor,medio,7.2,528.8
78,3,2008,bomba_calor,bajo,5.1,320.8
160,5,1977,electrica,medio,8.4,650.7
87,5,1998,electrica,bajo,2.7,563.9
207,3,2014,gas,alto,10.2,399.4
64,5,1982,electrica,alto,13.6,387.4
155,4,1964,bomba_calor,bajo,13.3,408.1
164,4,1986,electrica,alto,13.7,473.2
211,5,1961,gas,alto,15.8,485.8
122,1,1970,electrica,medio,9.4,337.5
169,1,1978,gas,alto,5.2,231.7
65,1,1979,bomba_calor,bajo,23.7,171
79,6,2015,gas,medio,23.1,366.8
173,5,2019,bomba_calor,bajo,18.5,424.7
131,4,1970,bomba_calor,bajo,12,443
80,3,2015,gas,alto,4.2,229.4
63,5,1973,gas,bajo,4.5,364.4
106,1,1966,gas,medio,13.3,190.3
172,3,1972,bomba_calor,bajo,14.3,381.5
138,3,1973,electrica,medio,19.3,308.1
43,4,1999,bomba_calor,medio,9.5,285.4
96,1,1995,electrica,bajo,15.9,189.6
64,2,1962,gas,alto,10.1,202.3
125,4,1965,bomba_calor,bajo,12.7,331.2
124,1,2013,electrica,alto,6.2,288.2
68,3,1997,electrica,bajo,20.2,286.7
209,2,2005,bomba_calor,medio,12.7,384.8
215,1,2002,electrica,medio,10.9,442.7
183,5,1988,bomba_calor,medio,14.3,477
94,5,2014,electrica,medio,18.7,329.5
79,3,2014,electrica,bajo,16.5,296.8
189,5,2005,gas,bajo,13.9,409.9
207,4,1962,gas,medio,14.7,399
134,5,1988,bomba_calor,bajo,23.2,422.5
115,4,1994,electrica,bajo,23.5,316.6
142,2,2015,bomba_calor,medio,5.3,380
165,3,1986,bomba_calor,bajo,10.9,447.8
212,5,1963,electrica,bajo,13.8,584.9
41,1,2011,bomba_calor,alto,15.7,121
183,3,2014,gas,medio,2.9,418.1
213,6,1960,electrica,bajo,2.8,1051.1
71,2,1970,bomba_calor,alto,14.5,210.3
104,4,2017,gas,alto,18.8,309.7
57,3,2009,gas,bajo,5.2,236.4
123,6,1983,bomba_calor,bajo,2.3,503
116,5,1960,electrica,alto,14.5,377.9
156,5,1986,bomba_calor,alto,10.8,453.3
171,2,1982,electrica,medio,5.7,622.4
151,2,2003,bomba_calor,bajo,17.7,300.6
179,3,1986,gas,bajo,8.9,348.5
161,6,1975,bomba_calor,alto,21.9,446.3
176,1,1998,electrica,bajo,17.4,281.6
100,5,1990,bomba_calor,medio,20.2,385
45,6,2018,bomba_calor,bajo,13.5,426.2
140,4,2006,gas,bajo,2.3,351
169,1,2002,bomba_calor,alto,3.5,322.2
87,6,2013,electrica,medio,22.9,414.5
41,5,1967,bomba_calor,alto,11.4,312.8
171,4,1964,electrica,bajo,22.4,361
61,2,1980,gas,bajo,22.1,208.5
50,2,1974,bomba_calor,bajo,17.1,214.4
117,6,1990,bomba_calor,alto,5.4,504.9
69,2,1971,bomba_calor,medio,21.9,204.7
68,1,2014,gas,alto,11.9,133
57,2,1990,gas,bajo,12.9,181.6
60,4,1981,bomba_calor,alto,17.4,288.6
170,4,2014,gas,alto,23.4,342
47,6,2002,electrica,bajo,22.6,355.5
179,1,1973,electrica,alto,6.5,441.8
49,2,1968,electrica,bajo,14.4,205.5
60,2,1965,gas,bajo,12.7,193
176,2,1974,electrica,medio,18.3,298.3
110,4,2014,gas,medio,9,381.6
120,5,1965,bomba_calor,alto,22.7,367.2
219,1,1974,electrica,medio,19.2,263.4
72,1,1962,electrica,alto,16.9,142.9
138,1,2017,gas,medio,12.2,219.5
158,2,1976,gas,alto,5.5,253.4
149,5,2008,gas,medio,2.1,419.6
51,6,1989,gas,medio,10.7,340.4
71,5,2018,electrica,medio,12.4,417.3
185,6,2016,gas,alto,15,501.6
128,4,2002,electrica,alto,7.3,390.3
44,2,2008,bomba_calor,medio,17.3,202
84,3,2004,bomba_calor,medio,19.7,237.5
139,3,1996,electrica,medio,16.6,314.1
204,2,1983,electrica,medio,6.7,626.8
60,1,2008,gas,bajo,11.4,156.4
150,6,2010,gas,alto,18.7,502.7
126,3,1988,gas,medio,15.4,285.5
205,4,2018,electrica,medio,5,732.6
60,1,2001,bomba_calor,alto,22,146.2
75,1,1974,bomba_calor,bajo,4.8,256.8
147,5,2018,electrica,bajo,20.5,443.9
92,1,2003,bomba_calor,bajo,8.9,184.1
69,4,1982,gas,medio,5,286.7
184,2,2014,electrica,medio,15.9,308.1
216,4,1965,bomba_calor,bajo,13.3,512.1
96,2,1997,gas,bajo,3.2,255
91,3,1962,electrica,alto,21.1,274.2
84,2,1999,bomba_calor,bajo,2.6,293.2
207,5,1988,bomba_calor,bajo,20,480.2
167,4,2021,electrica,alto,3.1,558.7
188,6,1966,bomba_calor,alto,19.1,457.5
53,6,2012,gas,medio,22.9,379.2
188,1,2016,gas,bajo,18.3,270.6
170,6,1978,bomba_calor,alto,19.5,506.5
160,4,2016,electrica,medio,13.1,477.9
101,1,1967,electrica,medio,14.7,204.5
147,2,2018,gas,bajo,11.7,290.4
43,6,1972,gas,bajo,8.9,357
206,2,2022,electrica,medio,12.3,440.4
182,5,1982,gas,bajo,3,432.5
169,2,1964,electrica,bajo,23.1,262.8
192,5,2002,bomba_calor,bajo,20.1,446.5
88,3,2014,gas,medio,11.5,241.9
186,1,1985,bomba_calor,alto,12.8,291.1
84,2,2010,bomba_calor,bajo,8.1,273.2
52,6,2014,gas,medio,15.3,395.8
83,4,2001,electrica,medio,20.2,299.3
126,5,1988,bomba_calor,alto,22,384.6
168,2,1987,bomba_calor,medio,23,285.1
40,4,2006,electrica,alto,11.9,339.8
90,1,2009,electrica,bajo,12.4,263.7
49,3,1978,bomba_calor,alto,12.6,239.5
49,5,2015,gas,medio,3,332.7
154,3,1986,bomba_calor,medio,15.2,340.6
78,2,2005,gas,bajo,11,212.6
63,1,2022,gas,alto,3.9,187.2
199,1,2009,gas,medio,5,298.6
217,1,2006,gas,alto,5.8,329.5
146,4,1971,bomba_calor,medio,6,398.3
190,3,1980,electrica,bajo,23,370.5
209,2,2008,electrica,bajo,23.8,320.3
179,4,2020,bomba_calor,alto,9.6,397.2
93,3,1982,electrica,alto,5.9,359.4
79,3,1987,electrica,bajo,19.3,276.9
123,3,2004,bomba_calor,medio,2.3,400.1
77,2,2002,gas,bajo,23.8,206.9
77,6,1965,electrica,bajo,19.4,383.4
209,5,2021,gas,alto,14.8,466.7
180,2,1975,electrica,medio,16.5,287.3
71,6,2019,gas,medio,19.6,397.9
104,1,2017,electrica,bajo,2.9,464.8
53,2,2008,bomba_calor,alto,21.4,204.9
182,5,2013,electrica,alto,8.4,561.9
59,4,2004,bomba_calor,medio,12.1,292.2
205,6,2017,electrica,medio,10.9,638.9
72,2,1997,gas,alto,14.7,196.3
202,2,1987,bomba_calor,bajo,23.1,262
105,5,1972,bomba_calor,alto,7.9,397.4
95,4,1972,gas,alto,16.7,328.4
137,6,2006,gas,bajo,14.3,454.3
199,3,1963,electrica,bajo,20.2,317.8
59,5,1995,electrica,medio,14.3,363.6
94,2,1975,bomba_calor,bajo,15.9,243.9
114,1,2004,electrica,bajo,23,202
72,4,2014,electrica,medio,14.6,335.8
220,6,1976,electrica,medio,13.9,674.8
69,1,2021,bomba_calor,bajo,15.4,177.5
133,6,1996,electrica,medio,2.8,598.9
161,1,1991,gas,alto,15.9,227.5
84,4,1983,bomba_calor,bajo,17.5,332.8
110,5,1997,bomba_calor,alto,23.6,396.4
70,1,1978,electrica,bajo,6.5,301.2
64,2,2003,gas,medio,5.5,207.9
70,2,1991,bomba_calor,medio,8.2,252.5
93,5,1976,gas,bajo,21.8,383.6
163,6,1968,electrica,medio,4.9,797.2
112,5,1981,electrica,medio,9.9,519.7
201,5,1966,gas,medio,9.7,427.1
161,2,1998,bomba_calor,bajo,14.2,285.2
202,2,1991,bomba_calor,medio,8.1,432.6
104,3,1972,electrica,bajo,5.7,539.2
158,3,1968,gas,alto,15.4,317.6
208,3,1988,bomba_calor,alto,7.2,428.2
185,3,1984,gas,alto,17.9,333.3
173,3,1993,gas,bajo,18.5,327.5
216,6,1970,gas,medio,23.7,499.7
103,3,2011,bomba_calor,medio,13,289.3
77,3,2011,electrica,medio,21.7,257.1
144,2,1968,gas,medio,7.1,268.2
68,3,2021,bomba_calor,bajo,15.3,281.4
178,2,2019,electrica,alto,4.6,510.4
63,2,1973,bomba_calor,alto,2.7,216
68,5,2009,bomba_calor,alto,12.8,365.3
41,5,1980,electrica,medio,16.2,360
101,2,1975,gas,bajo,20.8,228
151,2,1990,bomba_calor,bajo,8.6,358.6
169,2,1974,bomba_calor,bajo,17.7,281.3
150,6,1993,gas,medio,2.1,514.5
180,6,1977,electrica,alto,16.3,541.8
96,2,2011,gas,medio,5.5,242.8
129,5,2012,gas,medio,23.2,364.8
167,1,1966,electrica,medio,10.7,438.8
176,1,1980,electrica,alto,14,324.4
71,4,1997,electrica,medio,16.8,316.3
116,6,1968,bomba_calor,medio,14.4,474.7
132,3,2013,bomba_calor,alto,16.3,327.5
218,3,1983,gas,alto,11.5,343.5
83,6,2022,gas,alto,3.9,412.9
77,6,1961,electrica,bajo,21.8,418
69,6,1986,gas,bajo,4.4,401.7
160,6,2007,electrica,bajo,17.3,487.1
146,3,1996,electrica,medio,11.9,431.8
84,5,2015,bomba_calor,alto,7.7,320.4
91,2,2011,bomba_calor,alto,11.3,224.8
108,1,1992,gas,bajo,23.8,190
138,1,2014,electrica,bajo,11.7,369.7
54,3,2012,bomba_calor,bajo,15.2,279.1
104,6,2004,electrica,bajo,7.1,632.7
166,1,1976,gas,alto,15.7,224.6
165,1,1991,electrica,bajo,11.1,416.2
86,3,1967,electrica,alto,13.4,267.8
140,2,2009,gas,bajo,4,304.4
188,2,1965,electrica,bajo,22.4,290.2
143,5,1982,electrica,bajo,23.2,405.1
105,1,2014,bomba_calor,bajo,12.9,261.1
131,6,2006,electrica,bajo,13.6,523.7
151,1,2002,electrica,alto,2.7,399.6
203,4,1977,gas,medio,21.4,393.5
170,6,1963,bomba_calor,medio,16.9,490
44,6,1966,bomba_calor,alto,9.9,396.1
70,3,1986,gas,alto,9.9,249.8
205,6,1965,gas,alto,5.6,494
122,2,1976,bomba_calor,bajo,4.6,341.6
91,1,1979,gas,alto,22.8,179.1
82,2,2010,bomba_calor,bajo,11.7,258.3
41,3,2000,electrica,medio,22.7,215.5
64,2,2017,electrica,medio,8.5,302.9
108,3,2008,electrica,medio,2.7,485.6
204,1,1984,gas,alto,2.7,299.8
127,3,1975,bomba_calor,medio,17.6,296.9
85,2,2005,gas,alto,22.6,198.3
173,1,1975,gas,alto,5.6,266.1
204,4,1984,electrica,alto,11.1,539.5
44,1,1966,electrica,bajo,23.8,136.6
49,2,1979,gas,bajo,7.8,225.3
77,2,1987,gas,alto,3.9,194
56,2,1988,bomba_calor,alto,12.1,227.3
116,3,1980,gas,bajo,22.3,255.8
67,4,2008,bomba_calor,medio,20.8,344.3
195,5,2017,bomba_calor,alto,11.4,446.4
117,1,1995,electrica,medio,13.2,261.8
160,5,2009,gas,bajo,8.4,465.1
57,1,2009,gas,bajo,7.3,152
138,5,1995,electrica,bajo,14,462.3
48,5,2015,gas,bajo,15.7,341.3
169,1,1987,bomba_calor,alto,18,213.7
91,4,2021,electrica,bajo,12.3,385.7
90,4,1995,gas,alto,14.9,312.2
71,2,1964,electrica,bajo,3.2,467.7
217,6,1972,gas,bajo,2.7,521.1
204,2,1990,electrica,bajo,7.6,668.3
175,3,2004,electrica,bajo,2.5,834
202,2,2020,bomba_calor,alto,21.4,308.7
69,3,1972,electrica,medio,17.1,270.3
177,2,2005,bomba_calor,medio,14.8,337.8
194,3,1971,electrica,bajo,6.5,764.8
151,6,1961,gas,bajo,17.4,408.3
202,1,1979,gas,bajo,4.5,303.8
179,3,1985,gas,alto,20,325.9
51,3,1972,electrica,alto,19,243
185,4,1980,bomba_calor,medio,6.7,459.6
122,4,2020,electrica,bajo,12.1,496
91,4,1993,electrica,alto,13.2,330.9
188,2,2004,bomba_calor,medio,13.2,353.2
80,6,2019,electrica,bajo,9.2,540.6
77,4,1973,bomba_calor,bajo,20.8,317.3
76,6,1982,gas,medio,10,430.6
172,5,1967,electrica,medio,23.2,427.6
118,6,1961,bomba_calor,alto,15.8,392.1
100,1,1982,gas,medio,15.4,165.5
141,2,1990,bomba_calor,bajo,2.7,351.5
84,3,2004,bomba_calor,medio,4,292.9
50,3,2018,bomba_calor,bajo,11.4,222.9
200,3,1998,gas,alto,5.5,372.7
207,6,1997,gas,medio,12.3,533.9
133,5,1984,bomba_calor,alto,12.6,448.5
101,6,2005,gas,medio,10.9,425.5
70,2,1987,gas,medio,11.3,197.9
133,5,2014,gas,bajo,15.5,394.7
173,2,2006,electrica,bajo,13.2,386.6
182,4,1977,electrica,bajo,20.7,394.7
205,3,1987,gas,bajo,6.5,382.1
96,3,2008,gas,bajo,10.6,267.4
68,3,1984,electrica,medio,19.8,237.5
211,2,1984,gas,medio,10.2,323.5
204,6,2007,bomba_calor,bajo,17.5,501.2
97,3,1985,gas,bajo,15.9,278.5
133,5,2005,gas,alto,6.3,449.2
93,2,2011,bomba_calor,alto,15.7,231.5
151,1,1989,electrica,medio,16.1,281.9
57,6,2011,gas,medio,9.5,352.8
211,3,2017,bomba_calor,medio,7.8,461
105,5,2019,electrica,bajo,2.9,658
43,5,2005,electrica,bajo,11.7,380.9
67,6,1973,bomba_calor,alto,12.1,410.4
78,3,1978,bomba_calor,bajo,22.2,267.7
96,6,1965,bomba_calor,medio,21.7,431.5
197,4,2007,electrica,alto,16,402.5
176,5,1998,gas,alto,5.3,424.7
135,2,1992,bomba_calor,bajo,7.4,335.5
50,2,1981,electrica,bajo,14.8,215
182,1,2013,electrica,alto,11.1,301.3
186,2,2017,electrica,medio,14.4,420.1
175,6,1998,bomba_calor,alto,14.3,512.5
82,5,1975,bomba_calor,medio,22.3,345.5
124,1,2008,gas,bajo,20.7,194.2
129,2,1971,bomba_calor,bajo,8,353.2
173,5,1962,bomba_calor,alto,11.8,399.7
216,2,2010,bomba_calor,alto,13.1,301.2
217,4,1966,bomba_calor,bajo,20.6,441.6
137,1,1964,gas,alto,8.8,182.5
171,6,1975,gas,alto,8.1,432.8
182,4,1965,electrica,medio,4.9,713.1
187,2,1992,gas,medio,19.8,261.1
155,2,2020,electrica,medio,12.2,387.4
80,1,1981,bomba_calor,bajo,13.4,215.4
71,1,1961,gas,alto,13.4,163.8
92,5,2011,gas,alto,17.4,354.7
208,2,2013,bomba_calor,bajo,20.2,305.9
194,4,1973,bomba_calor,alto,6.6,419.8
41,4,2010,gas,medio,18.3,280.5
190,1,1962,bomba_calor,medio,3.4,391.2
114,5,1990,gas,medio,21.3,423.2
193,6,1985,electrica,bajo,21.8,485.8
132,1,2003,gas,medio,18,209.4
53,5,1989,bomba_calor,alto,17.9,343.3
213,3,2005,bomba_calor,alto,11.7,378.8
119,1,2006,electrica,medio,21.8,187.1
60,4,1962,electrica,alto,11.5,287.7
75,3,1987,bomba_calor,bajo,3,304.7
211,4,1989,electrica,alto,4.1,617.5
167,3,2000,gas,bajo,2.8,388.3
103,6,2009,electrica,bajo,11.4,514
155,6,2007,bomba_calor,medio,16.4,488.3
153,3,2009,electrica,alto,11.5,351.8
127,6,1993,bomba_calor,alto,17,475.3
157,2,1979,bomba_calor,medio,7.9,306.4
146,3,1988,gas,medio,5.3,365.6
138,6,2004,gas,medio,20.4,483.2
105,4,1998,gas,bajo,12.5,335.9
48,6,1964,gas,medio,8.9,390.3
179,5,1980,electrica,bajo,24,451.5
150,6,1963,gas,bajo,13.2,419.9
97,1,1983,electrica,bajo,3.6,415.4
132,6,1996,electrica,medio,8.7,581.8
167,3,1986,gas,bajo,18.8,361.2
181,1,1992,electrica,bajo,17.1,265.4
80,5,2012,electrica,alto,15.1,357
59,2,2004,gas,medio,17.4,207.1
204,1,2003,bomba_calor,alto,12.8,275.4
132,6,1972,gas,bajo,21.9,463.9
187,4,1993,gas,medio,22.6,380.6
185,1,1995,electrica,bajo,12.3,464.8
168,5,1971,bomba_calor,medio,22.2,397.3
166,2,1965,bomba_calor,alto,23.6,281.4
81,6,2015,electrica,bajo,7.3,536.4
112,3,1982,electrica,alto,18,278.3
162,6,2008,gas,bajo,18.3,494.1
53,5,1962,electrica,medio,3.9,433.2
159,4,1992,bomba_calor,medio,7.9,418.4
177,5,1969,gas,bajo,18.4,458.4
78,3,2009,electrica,bajo,17.2,248.2
200,4,1973,gas,medio,11.7,443.9
124,1,2010,gas,bajo,22.6,192.2
53,1,2001,bomba_calor,alto,9.3,177.9
131,5,1969,electrica,medio,6,551.7
128,6,2022,bomba_calor,alto,17.6,416.2
158,6,2009,gas,alto,10.9,462.9
101,5,2011,bomba_calor,medio,10.5,359.2
139,6,1991,electrica,bajo,15.1,546.1
120,3,2005,gas,alto,12.5,303.3
94,5,1995,gas,medio,14.2,376.9
133,5,2021,gas,alto,14.9,347.1
212,6,1966,gas,bajo,20.3,461.2
195,6,1977,electrica,bajo,15.2,613.6
101,3,1976,gas,medio,22.1,270.2
52,4,2006,gas,alto,7.4,251.8
209,5,1998,bomba_calor,medio,10.2,564.9
76,2,1960,gas,medio,18.9,207.4
151,3,2019,gas,medio,17.4,298.1
121,6,1971,electrica,medio,19.8,455
154,2,1970,bomba_calor,medio,21.7,274.9
186,4,1983,gas,bajo,22,394.9
207,2,2008,gas,alto,21.6,321.9
93,2,1965,bomba_calor,medio,22.2,213
41,4,1975,electrica,medio,5.8,347
169,2,2011,bomba_calor,bajo,11.3,369.1
94,5,2009,electrica,alto,12.1,407.8
81,2,1971,gas,alto,14.9,208.1
46,3,1977,bomba_calor,alto,8.8,265.4
56,5,1967,electrica,alto,23.5,341
139,2,2014,gas,bajo,4.4,329.8
219,5,1994,bomba_calor,medio,22.3,500
151,2,1977,electrica,alto,10.5,353.3
64,3,1990,gas,bajo,21.6,233
88,6,2006,gas,alto,2.8,413.4
89,5,1985,bomba_calor,medio,7.7,386.8
181,5,1969,electrica,medio,18.8,399
43,6,1968,bomba_calor,medio,12.4,407
63,1,2011,gas,medio,12.5,156
129,5,1968,gas,bajo,4.4,412.6
76,3,1988,bomba_calor,bajo,16.7,238.4
76,2,1973,bomba_calor,medio,13.8,207.6
60,3,2020,gas,medio,17.2,250.6
74,6,1982,bomba_calor,medio,6.7,406.5
163,2,1961,gas,alto,2.8,315.2
118,5,2019,bomba_calor,alto,16.4,361.5
52,1,1990,electrica,medio,20.4,132.1
41,5,2010,electrica,alto,14.3,320.5
52,1,1973,gas,alto,4.8,154.4
190,3,2005,bomba_calor,medio,8.4,417.6
41,2,1994,bomba_calor,alto,14.6,189.8
110,6,2016,bomba_calor,bajo,20.7,405.2
146,5,1983,bomba_calor,alto,21.4,368.4
50,3,1972,bomba_calor,bajo,3.7,271.9
94,4,1971,electrica,bajo,11.4,421.6
58,5,2002,gas,medio,7.7,347
50,6,1964,electrica,alto,7.9,446.5
180,6,1987,electrica,bajo,7.2,792.2
85,4,2013,gas,bajo,9.4,304.6
54,3,1986,bomba_calor,bajo,24,225.7
190,5,1997,gas,bajo,2.5,471.6
55,3,1993,gas,alto,20.9,224.4
94,5,1976,electrica,medio,7,466.9
76,1,2007,electrica,alto,2.4,266.1
192,2,1995,gas,alto,19.4,285.3
54,4,2008,electrica,medio,15.4,295.6
110,6,1982,electrica,medio,19.8,377.4
190,4,1964,bomba_calor,alto,17.3,371.9
175,6,1981,electrica,medio,20.2,454
210,3,1973,gas,medio,21.6,335.6
174,2,1994,bomba_calor,alto,22.1,316.5
124,5,2008,electrica,bajo,4.6,641.5
141,1,2007,gas,alto,17.6,211.5
67,4,1985,bomba_calor,bajo,4.3,364.2
191,6,1984,gas,alto,7.5,500.9
83,1,2012,electrica,medio,10.5,278.1
183,5,1989,gas,alto,6.3,421.4
142,5,1992,bomba_calor,bajo,14.4,399.6
72,6,1978,gas,bajo,21.6,418.1
160,4,1963,bomba_calor,bajo,6,547.2
206,3,2014,gas,medio,10.3,391.9
148,5,2001,bomba_calor,alto,11.6,395.2
161,1,1971,bomba_calor,bajo,16.5,234.2
50,2,1997,electrica,alto,11.3,245.4
114,4,1975,bomba_calor,alto,3.2,434
144,3,2020,bomba_calor,alto,13.9,286.8
197,6,2017,gas,medio,16.9,506
128,3,2009,electrica,alto,10.7,389
113,3,2020,gas,alto,19.9,312.6
56,3,1965,electrica,bajo,14.8,262.9
41,3,1969,bomba_calor,bajo,11.7,210.7
204,4,1974,bomba_calor,medio,11.9,503.8
190,6,1967,electrica,alto,10.9,556.5
170,1,1961,bomba_calor,alto,9.1,292
185,6,1987,electrica,medio,15.4,532.9
213,1,1995,bomba_calor,bajo,23.8,300.4
110,6,1993,electrica,medio,3.9,562.6
126,4,1963,electrica,medio,14.6,372.6
165,6,1985,gas,alto,8,441
72,5,2012,bomba_calor,bajo,20.3,339.5
202,6,1975,electrica,bajo,23.4,504.8
74,6,1967,gas,medio,12.6,343.3
92,6,1988,gas,alto,4.4,435
135,6,1961,bomba_calor,bajo,16.1,455.5
195,4,1971,gas,bajo,9.6,396.1
42,5,2012,bomba_calor,alto,15.6,327.8
194,6,1983,bomba_calor,bajo,4.7,578.3
217,5,1984,electrica,medio,8.5,742.5
57,5,1992,electrica,bajo,13.1,339.3
175,3,2018,bomba_calor,medio,5.9,407.2
192,2,1978,gas,alto,18.7,311.3
42,6,2000,electrica,bajo,16.2,351.3
212,6,1964,bomba_calor,alto,21.3,542.6
132,4,1972,bomba_calor,alto,7.6,424.3
200,4,2002,bomba_calor,alto,16,384.6
112,2,1969,gas,alto,8.9,223.7
77,2,1967,gas,medio,11.8,215
74,2,1968,electrica,bajo,13,306.7
90,2,2000,electrica,alto,16,213.8
110,6,1982,electrica,medio,19.2,416.8
194,6,1978,gas,bajo,20.2,447.5
201,1,1982,bomba_calor,medio,7.5,373.2
187,1,1986,bomba_calor,bajo,2.7,381.3
99,1,1977,electrica,bajo,10.8,293
91,1,1990,electrica,alto,4,292.3
60,3,1987,bomba_calor,alto,7.7,235.2
119,4,1987,bomba_calor,medio,21.3,331.4
155,6,1992,electrica,alto,21.8,468.9
186,2,1992,bomba_calor,alto,6.1,353.8
157,1,1991,bomba_calor,alto,13.7,209.4
215,4,1963,gas,alto,9,377.6
136,6,2008,electrica,medio,22,421.5
51,4,1998,electrica,medio,23.1,280.5
89,5,2006,electrica,alto,22.3,397.4
138,6,2012,gas,alto,5.2,413.1
219,2,2007,electrica,alto,17.3,381.4
153,3,1997,electrica,bajo,16,379.2
54,3,1967,electrica,medio,22.7,219.8
164,3,1989,gas,alto,8.4,330.3
101,4,1974,electrica,alto,19.2,307
184,2,1960,gas,alto,3.5,313.9
186,4,1994,gas,alto,20.9,377.4
130,4,1985,bomba_calor,medio,22.9,335.9
108,6,2020,bomba_calor,bajo,11,455.3
78,3,2000,bomba_calor,medio,12.8,266.9
171,5,2000,gas,alto,18.5,420.2
133,3,1994,gas,alto,10.3,322.9
191,6,1965,bomba_calor,medio,6.9,540.6
44,2,1960,electrica,medio,5.3,281.2
106,6,1981,gas,alto,16.7,393.1
161,2,1974,electrica,bajo,17,314.9
154,4,2005,electrica,medio,9.9,536.7
150,4,2007,electrica,alto,6.2,485.8
144,4,1974,gas,alto,14.6,317.2
65,6,1964,electrica,bajo,3.3,612.3
94,4,1967,gas,bajo,4.8,317.8
162,5,1976,electrica,alto,3,594.1
123,6,1996,bomba_calor,alto,20.6,405.4
73,6,2010,electrica,alto,13.8,460
43,1,2001,gas,alto,14.9,104.2
157,3,2003,gas,bajo,17.1,341.9
76,1,1967,electrica,medio,5.7,298.2
195,1,1996,gas,alto,2.2,246.2
113,1,2009,bomba_calor,bajo,21.8,170.2
142,4,1968,electrica,medio,22.8,346.5
62,1,2015,bomba_calor,alto,17.5,188.9
156,1,1960,bomba_calor,medio,20.3,207.2
40,6,2013,electrica,alto,23.3,320.7
91,5,2022,gas,alto,10,394.7
186,1,1961,bomba_calor,medio,8.7,344.6
76,6,1967,electrica,alto,10.9,447.9
165,4,1983,electrica,medio,23.3,396.5
181,3,1970,electrica,alto,15.9,373.9
129,1,1989,bomba_calor,medio,18.3,205
61,6,1961,bomba_calor,medio,15.1,412
63,5,1992,gas,medio,19.4,324.7
178,5,1993,gas,bajo,22.3,372.2
64,6,1964,gas,alto,15.4,332.4
49,5,1970,gas,medio,23.9,281.4
193,2,2014,bomba_calor,bajo,15,343.7
69,6,1963,bomba_calor,bajo,3,418.9
105,6,1983,gas,medio,9,379.9
215,2,1988,electrica,bajo,15.7,407.1
61,3,2010,gas,alto,11.5,296.9
53,1,1987,bomba_calor,medio,10.9,198.1
219,3,2011,bomba_calor,alto,21,375.1
79,2,1974,bomba_calor,bajo,22.4,206.4
157,6,1976,gas,bajo,20.8,476.4
129,5,1977,bomba_calor,alto,13.6,381.7
177,4,2002,electrica,medio,12.3,546.3
71,1,2019,electrica,alto,10,195.7
219,1,1962,gas,bajo,2.1,373.4
152,1,1971,bomba_calor,bajo,8.8,303.7
201,6,2001,gas,medio,19.8,455.1
169,2,1972,electrica,alto,18.8,264.6
107,3,2003,electrica,medio,6.5,394.1
127,1,1984,electrica,bajo,22.5,208.2
44,3,1998,bomba_calor,medio,3.6,251.3
89,6,1998,bomba_calor,alto,9.5,397.8
51,1,1965,bomba_calor,medio,12.7,146
89,6,2020,bomba_calor,alto,3.5,404
191,2,1983,electrica,medio,16.9,334.3
118,4,2009,electrica,bajo,18.8,360.7
78,4,2019,bomba_calor,bajo,7.9,304.2
43,1,2020,gas,alto,18.8,115.9
62,5,2017,gas,medio,14.9,301.6
219,5,1991,bomba_calor,alto,12.2,472.6
119,6,1986,gas,medio,21.4,436.6
97,2,1973,gas,alto,21,221.2
219,3,2015,electrica,bajo,11.4,628.8
60,6,1968,electrica,bajo,14,410.7
154,3,2020,electrica,bajo,16.2,332.4
197,4,2000,electrica,alto,18.5,342.3
170,5,1975,gas,alto,22.3,462.4
142,3,1988,gas,bajo,15.9,326.6
179,2,1975,bomba_calor,bajo,16.3,286.2
166,1,1984,gas,alto,4.3,243.4
162,2,2018,gas,bajo,12.7,301.4
186,4,1990,gas,alto,5.6,431
68,2,2000,electrica,medio,3.8,360.3
69,3,1985,bomba_calor,medio,11.3,227.7
53,1,1966,electrica,medio,17.7,149.7
110,5,2015,bomba_calor,alto,11.4,382.5
116,5,1984,bomba_calor,bajo,16.9,414.1
111,1,2019,gas,alto,20.5,222.5
120,4,1971,gas,medio,5.7,303.9
189,4,1969,bomba_calor,bajo,12.6,470.2
106,6,1966,bomba_calor,alto,5.3,428
91,6,1968,electrica,bajo,12.5,450.4
56,4,1986,bomba_calor,bajo,14.3,309
176,6,1989,bomba_calor,medio,8.9,542.5
166,1,1985,gas,alto,22.3,231.1
111,1,2006,bomba_calor,bajo,5.9,250.2
211,4,1977,bomba_calor,alto,18.9,412.2
122,1,2000,electrica,bajo,9.9,363
218,5,1986,bomba_calor,medio,19.7,466.1
147,2,2020,gas,bajo,3.9,255.8
163,1,1974,electrica,bajo,3.1,762.3
212,5,2014,electrica,bajo,6,876.3
120,3,1991,gas,alto,20.3,254.9
59,2,1999,gas,bajo,2.8,220.7
125,4,2001,gas,alto,2.4,331.7
175,6,2022,bomba_calor,medio,5.9,596.4
217,6,2017,electrica,bajo,5,1016.3
142,2,1994,bomba_calor,alto,3.9,298
146,4,2013,bomba_calor,bajo,4.7,504.4
62,1,1968,bomba_calor,medio,15.5,172.8
186,1,2014,gas,bajo,6.1,269
170,1,1998,electrica,medio,17.5,270.8
61,6,1974,gas,bajo,20.6,389.6
93,6,1961,gas,medio,19.1,404.5
171,6,1971,gas,alto,19.8,454.2
189,4,1969,electrica,medio,12.1,595.9
121,4,1972,bomba_calor,alto,19.2,301.1
139,5,2002,bomba_calor,medio,8.9,410
204,3,1973,electrica,alto,20.3,388.3
148,5,1964,electrica,alto,15.8,410.7
133,2,2022,bomba_calor,medio,5.7,335.1
184,3,2010,gas,medio,20.3,300.8
90,5,2008,electrica,medio,11.6,447.4
119,6,1962,bomba_calor,medio,9.3,433.5
163,6,2000,electrica,bajo,20.1,510.5
77,3,1992,electrica,bajo,8.8,391.3
182,5,1978,bomba_calor,medio,7.4,549
82,5,2009,electrica,medio,5.9,457.9
167,4,1978,gas,medio,19.2,392.5
138,6,1972,bomba_calor,alto,7.5,505.1
106,1,1987,electrica,medio,16.9,204.8
141,2,1970,gas,medio,19.4,217.6
220,3,2005,bomba_calor,bajo,5.7,478.2
206,5,2002,electrica,alto,21.2,521.1
62,4,2009,electrica,alto,15.1,290.8
203,5,2010,electrica,bajo,8.5,704.7
131,2,1964,electrica,medio,23.4,230.7
122,1,1982,electrica,alto,5.9,361.2
127,5,2002,bomba_calor,bajo,18.9,341.4
46,3,2002,electrica,medio,14.1,223
144,1,2019,electrica,bajo,4.2,544.3
196,6,1972,gas,bajo,6.4,550.3
103,6,1991,bomba_calor,alto,10.4,405.8
159,5,2020,gas,alto,23.9,391.9
155,1,1969,electrica,medio,4.2,512.7
172,5,2000,electrica,bajo,6.8,706.7
115,2,1998,bomba_calor,alto,19.3,220.4
184,3,1995,bomba_calor,medio,21.8,359.6
184,1,2016,gas,bajo,21.4,268.4
171,2,1965,bomba_calor,medio,12.4,291.8
151,2,2007,gas,bajo,21.4,268.4
105,6,1971,electrica,medio,20.9,394.8
133,1,1998,gas,alto,13.5,183.3
135,2,1997,bomba_calor,medio,9.8,288
167,4,1998,electrica,bajo,3.8,844.4
95,5,2001,bomba_calor,alto,22.5,414.3
115,1,1999,bomba_calor,medio,13.9,194.6
193,2,2013,gas,medio,11.7,319.6
113,4,1996,gas,alto,14.4,346.9
210,4,1999,gas,medio,6.3,436.7
51,5,2016,gas,bajo,21.1,311.1
168,2,2005,electrica,medio,7.1,481.8
188,2,1995,electrica,medio,15,420.9
52,2,1977,bomba_calor,medio,6.2,239.6
103,2,2003,electrica,bajo,16.6,245
73,1,2004,gas,alto,22.4,154.9
50,6,1981,electrica,alto,7.4,437.9
206,2,2012,bomba_calor,alto,13.5,389.2
45,4,1988,bomba_calor,medio,13.1,258.6
90,1,2002,gas,alto,21.9,193.9
172,6,2010,electrica,medio,4.4,832.9
77,5,2016,electrica,medio,10.7,382
220,2,1962,electrica,medio,18.1,293.4
104,6,1983,gas,medio,16,410.4
203,4,2015,gas,bajo,17.4,365.2
189,6,2008,electrica,medio,18.5,534.2
69,1,1983,bomba_calor,alto,3,216.1
77,6,1992,electrica,bajo,4.1,514.6
149,5,1960,electrica,medio,15,419
163,6,1963,bomba_calor,alto,5.1,468.6
41,2,2007,electrica,medio,20.8,182.8
147,6,1994,gas,medio,7.9,442.6
144,1,1990,electrica,alto,14.4,280.1
59,1,1981,electrica,medio,21.2,165.5
135,3,1981,electrica,bajo,7.4,544.9
218,6,2013,bomba_calor,medio,5,601
115,5,1996,electrica,medio,21.4,374.1
76,2,2019,bomba_calor,bajo,10.5,256.5
70,6,2000,gas,alto,3.1,407.6
105,2,1984,electrica,alto,16.4,245.5
121,3,1963,gas,medio,11.6,281.7
95,3,2007,gas,bajo,23,233.1
137,2,2003,bomba_calor,alto,3.7,305.6
94,6,2005,bomba_calor,bajo,10.1,460.2
63,4,1986,bomba_calor,alto,23.7,270
172,4,2012,electrica,bajo,15.5,421.5
60,6,2004,electrica,alto,20.3,354.7
166,3,1982,gas,medio,3.7,324.8
170,1,1996,bomba_calor,alto,20.4,252
90,4,1973,bomba_calor,medio,23.9,310.9
42,2,2017,gas,medio,3.5,162.1
152,3,1991,bomba_calor,alto,20.9,282.3
183,2,2010,electrica,medio,6.6,552.6
137,3,1974,bomba_calor,bajo,4.7,419.4
87,5,2017,electrica,bajo,11.7,487
66,5,1970,gas,bajo,8.6,350
160,3,1985,bomba_calor,medio,5.7,421.8
213,5,1988,gas,medio,4.3,461.2
173,2,1969,bomba_calor,bajo,17.1,288.9
72,6,1967,gas,alto,11.1,380
152,3,1990,bomba_calor,bajo,22.9,360.4
184,3,1993,electrica,alto,8.5,507.8
45,3,1966,gas,bajo,14.2,236.6
114,2,1999,gas,bajo,5,293.3
196,5,2018,gas,bajo,10.5,494.6
145,1,2009,bomba_calor,bajo,15,252.5
106,2,1994,gas,medio,4.4,255.5
119,5,1969,gas,medio,17.1,370.9
153,3,2020,bomba_calor,bajo,13.5,353.7
89,5,2021,gas,bajo,14.5,364.5
166,4,2011,bomba_calor,alto,5.7,417.3
205,1,1985,bomba_calor,medio,6.3,350.4
105,3,2016,bomba_calor,medio,9.9,305.8
52,5,1971,bomba_calor,alto,8.3,375.5
88,5,1974,bomba_calor,bajo,11.6,392
93,5,1993,bomba_calor,medio,19.3,377.6
213,2,2022,bomba_calor,bajo,11,363.1
110,4,1993,bomba_calor,bajo,4.8,374.9
131,1,1975,electrica,alto,19.2,214.8
164,2,1965,bomba_calor,bajo,18.5,265.5
194,5,1970,gas,alto,14,459.3
121,4,1991,electrica,alto,16.7,324.2
213,1,1993,electrica,bajo,22.8,284.6
156,3,1962,gas,bajo,18.9,308.4
44,1,2011,gas,medio,18.3,137.9
130,1,2016,electrica,medio,2.7,418.8
136,2,1960,bomba_calor,bajo,19.9,268.2
186,4,1972,electrica,alto,12.2,467.7
80,6,1961,gas,medio,8.9,359
96,3,1965,electrica,bajo,15.5,300.3
152,2,1984,gas,medio,10.1,278.6
98,5,1991,bomba_calor,alto,14.3,357.4
159,3,2002,gas,alto,22.9,356.8
102,6,1986,bomba_calor,alto,13.7,369
141,5,1985,electrica,alto,4.8,583.7
123,5,2010,electrica,alto,17.6,377.3
190,1,2013,gas,medio,12.7,229.6
107,3,2018,gas,bajo,15.6,278.8
129,2,1964,gas,bajo,9.2,260.2
125,1,2015,electrica,bajo,18.2,207.2
120,4,1970,bomba_calor,medio,11.7,345.7
47,5,1975,bomba_calor,alto,19.7,340.3
92,6,1961,electrica,medio,12.8,496.3
210,2,1997,gas,medio,5.6,335.3
164,1,1992,electrica,bajo,14.4,332
161,3,1984,electrica,medio,3.8,694.8
81,4,1987,gas,medio,22.4,355.2
208,3,1965,electrica,bajo,23.7,368.7
133,2,1985,gas,bajo,16.3,293.5
93,6,2020,bomba_calor,medio,13.9,451
219,1,2002,bomba_calor,medio,20.1,246
149,6,1990,gas,bajo,22.1,414.3
121,2,1982,electrica,bajo,17.3,261.7
211,1,1977,electrica,bajo,11.8,546.2
207,4,2015,bomba_calor,medio,19.3,408
155,2,1984,electrica,medio,17.5,295.2
142,3,1983,electrica,alto,8,458.1
134,6,1981,bomba_calor,bajo,11.7,529.6
83,5,2019,bomba_calor,medio,23.5,339.8
109,6,1975,gas,bajo,8.9,458
149,4,2019,bomba_calor,medio,19.8,349.5
62,4,2002,bomba_calor,alto,20,296.5
158,5,1981,electrica,alto,18.8,404.1
198,3,1994,gas,bajo,20.7,345.1
85,1,1998,gas,alto,22.7,172.2
92,2,2000,gas,medio,15,200.5
214,4,1973,electrica,alto,15.4,483.1
183,6,2000,electrica,bajo,17.4,468.8
210,5,1998,gas,bajo,17.7,402.6
46,3,1994,gas,medio,17.1,221.8
159,5,1970,bomba_calor,bajo,12,526.3
75,3,1970,gas,alto,17.4,246.6
186,2,1999,bomba_calor,alto,19,277.4
101,1,1993,bomba_calor,alto,20.1,194.4
53,1,2018,electrica,medio,12.4,185.5
205,4,1991,bomba_calor,alto,16.3,433.1
95,2,1987,gas,bajo,9.6,226.1
77,5,2020,electrica,alto,8.9,413.2
129,4,1969,electrica,bajo,14.4,474.2
216,1,1996,electrica,alto,11.4,327.6
185,5,1961,electrica,medio,5.7,729.1
157,6,1979,gas,bajo,10.4,475
179,2,2018,bomba_calor,bajo,7.1,450.1
45,5,2011,gas,medio,21.9,321.7
111,6,2014,bomba_calor,bajo,4.2,459.4
189,6,2000,bomba_calor,bajo,21.1,438.1
173,2,2021,electrica,alto,13.9,367.7
140,6,1986,bomba_calor,medio,3.2,578.3
81,2,1975,electrica,bajo,18.6,218.7
143,5,1968,gas,medio,19.1,402.3
71,1,1975,bomba_calor,bajo,3.8,199.5
175,6,1998,electrica,bajo,5.4,810.7
64,3,1997,bomba_calor,medio,16.5,289.9
160,5,1963,bomba_calor,medio,23.6,473.3
115,2,1969,gas,alto,10.7,270.4
90,2,1970,bomba_calor,alto,19.6,186.9
144,6,2002,bomba_calor,alto,2.2,557.2
85,2,1972,electrica,medio,6.2,368.3
210,2,2011,electrica,bajo,7.5,692.6
125,2,1999,bomba_calor,bajo,9.1,294.5
97,5,2012,electrica,bajo,23.3,369.6
175,2,2019,gas,medio,6.9,321.6
82,2,1995,gas,alto,19,227.6
100,5,1967,electrica,medio,12,464.2
162,4,1987,bomba_calor,alto,16.5,386.9
149,5,1978,bomba_calor,alto,18.7,416.4
119,2,1986,gas,medio,7.7,282
90,6,1990,bomba_calor,alto,16,449.7
93,4,1967,bomba_calor,bajo,3.1,405.8
67,2,1973,bomba_calor,bajo,14.7,219.6
92,1,1996,bomba_calor,bajo,10.2,236.6
178,6,1965,bomba_calor,alto,16.9,514.5
42,5,1974,electrica,alto,10.5,349.2
99,3,1969,bomba_calor,medio,13.3,295.2
83,2,2006,bomba_calor,medio,8,219.4
75,1,1990,bomba_calor,alto,15.4,164.8
122,1,1973,bomba_calor,medio,16.5,230.4
164,1,1988,bomba_calor,bajo,20.6,229.7
148,5,2022,bomba_calor,medio,22.6,448.9
157,5,1990,gas,medio,18.1,390.7
44,6,2003,bomba_calor,bajo,12.8,429.9
42,6,1962,gas,alto,23,370.8
66,4,1976,electrica,bajo,20.9,317
57,3,1999,gas,bajo,17.8,213.5
153,1,2015,gas,alto,18.8,238.4
109,6,1981,gas,medio,8.1,435.4
172,2,2003,gas,alto,16.6,266.9
142,5,1967,gas,alto,5.4,426.1
74,4,1990,electrica,bajo,6.8,418.9
63,4,1976,gas,bajo,16.3,325
135,6,1982,electrica,bajo,24,442.7
171,6,2003,electrica,medio,20.5,470.2
189,3,2017,electrica,alto,5.7,581.5
199,1,1997,bomba_calor,alto,8.5,310.9
151,1,2005,bomba_calor,bajo,10.1,290.4
138,2,1964,electrica,bajo,21.6,280.6
134,6,1991,gas,bajo,17.1,403
73,5,1971,gas,bajo,22.6,363.9
199,3,2001,electrica,alto,10.1,441.3
138,1,1997,electrica,bajo,17.3,240.2
171,1,2014,electrica,alto,21.7,220.5
126,5,2002,electrica,alto,5.7,491.9
158,3,1998,electrica,alto,7.5,476
80,2,2010,electrica,alto,13.1,255.4
174,3,1995,bomba_calor,bajo,5.3,444.3
118,3,2008,electrica,alto,16.3,316.5
90,1,1969,gas,bajo,3.6,225.5
95,4,1967,electrica,medio,7.8,420.1
149,6,2004,gas,medio,8.8,483.1
89,1,1969,electrica,alto,11.8,237.3
65,4,1979,electrica,alto,13.9,343.8
102,3,2004,gas,alto,17.9,279
65,6,1979,gas,alto,10.4,390.9
60,3,2007,bomba_calor,medio,14.8,263.5
211,1,1972,bomba_calor,bajo,23.6,266.4
96,5,2016,gas,medio,6.2,410.9
143,1,1993,bomba_calor,bajo,22.7,187.4
179,3,1967,gas,medio,15.2,374.5
199,6,1977,electrica,bajo,3.7,1152.3
111,3,1973,gas,alto,20.5,283.5
54,6,2016,gas,alto,5.9,415.4
75,6,2019,electrica,medio,18.8,391
136,3,2013,electrica,alto,22.5,346.3
91,5,1961,electrica,alto,6.2,495.8
120,3,2006,gas,alto,14.7,283.8
130,6,2008,gas,alto,13.8,454.4
186,5,2004,electrica,alto,13.1,487
60,1,2022,electrica,bajo,6.8,259.9
141,2,2005,bomba_calor,medio,21.9,267.5
70,5,1991,bomba_calor,bajo,2.1,413.9
192,2,2012,gas,alto,4,358.1
213,2,1963,gas,medio,10.1,357.8
42,6,1987,electrica,medio,16.3,328.8
126,6,1987,electrica,medio,20.2,418.1
60,5,1990,bomba_calor,bajo,17.4,303.3
76,5,1979,electrica,bajo,4.4,585
82,5,2021,gas,alto,18.4,364.2
217,4,2021,gas,bajo,21.9,407.2
170,1,1972,bomba_calor,alto,2.7,341.2
94,2,1983,gas,bajo,17.1,219
58,2,1976,bomba_calor,medio,15.4,212.7
50,6,2021,bomba_calor,medio,13.3,355
124,1,1985,electrica,medio,7.2,387.3
181,4,2006,electrica,alto,4.9,491.4
152,4,1968,bomba_calor,bajo,2.2,481.3
136,3,2018,bomba_calor,bajo,4.1,438
210,1,1986,bomba_calor,alto,13.6,265.7
54,2,2006,gas,medio,2.2,177.7
54,1,2001,electrica,medio,15.5,164.5
154,6,1994,gas,bajo,7,448.3
121,1,2016,electrica,alto,21.2,195.1
149,3,1969,electrica,medio,20.9,279.7
202,5,1968,bomba_calor,alto,5.2,541.8
103,1,1982,electrica,bajo,11.9,318.3
202,6,2013,electrica,alto,4.4,713
146,5,1995,electrica,alto,3.8,521.2
197,2,1992,bomba_calor,alto,11.6,315.5
54,5,2008,bomba_calor,medio,15.2,333.7
105,4,2008,electrica,alto,2.2,429.5
152,1,1997,electrica,medio,16.9,249.5
137,3,1990,bomba_calor,bajo,4.9,451.4
56,3,1973,gas,bajo,5.9,243.8
51,1,2006,bomba_calor,medio,12,163.9
125,2,2000,gas,alto,9.4,216.9
118,6,2002,electrica,medio,15.8,434.1
186,5,1986,electrica,alto,10.5,547.1
206,3,1980,bomba_calor,bajo,4,551.1
150,4,2001,bomba_calor,medio,4.2,471.2
55,4,1969,bomba_calor,alto,17,322.3
185,6,1997,electrica,alto,14.5,520.5
128,4,1996,gas,alto,22,341
40,3,1964,bomba_calor,bajo,8.7,232.4
174,5,1980,electrica,alto,8.3,570.6
93,4,2012,bomba_calor,bajo,10.5,373.2
91,5,2020,gas,medio,20.9,361.4
181,4,1975,gas,medio,12.7,397.2
160,1,1985,gas,bajo,4.3,306.2
195,2,2008,electrica,medio,21,306.4
168,3,2007,electrica,medio,14,424.3
129,2,1989,electrica,medio,12.8,361.8
148,2,1999,electrica,medio,7.4,454.8
182,1,1974,gas,alto,5.7,261.9
191,3,2016,gas,bajo,10.6,359.7
83,1,1993,electrica,alto,18.4,157.7
106,1,1990,bomba_calor,bajo,7.5,267.3
74,5,1969,bomba_calor,medio,10.7,349.6
127,4,2004,electrica,bajo,2.3,618.4
91,4,2012,bomba_calor,alto,24,298.7
132,1,2007,bomba_calor,bajo,12.7,258.5
67,4,1967,gas,bajo,9.5,278.4
179,6,1992,electrica,alto,12.2,614.5
49,3,1999,electrica,bajo,15.3,266.2
161,6,1970,gas,alto,14.7,484
204,1,2008,gas,alto,7.6,291.8
215,5,2006,gas,bajo,16,429.5
68,3,2012,gas,alto,7,254.2
118,1,2007,gas,alto,5.3,216.5
119,4,1960,electrica,bajo,15.5,398.4
194,2,1968,electrica,bajo,4.7,800
175,3,1990,gas,medio,4.2,343.4
187,6,2005,electrica,medio,20.6,510.2
92,2,1994,bomba_calor,bajo,4.2,294.6
67,1,1975,bomba_calor,bajo,3.4,221.8
91,4,1969,electrica,medio,17.8,337.4
88,4,1983,bomba_calor,medio,6.6,337.7
97,4,1978,bomba_calor,medio,21.8,332.5
94,4,2021,gas,bajo,8.6,342.6
100,4,1984,gas,medio,13.2,291.6
215,4,2004,bomba_calor,bajo,2.6,641.5
181,6,1984,gas,alto,2.7,477.3
138,6,1962,gas,medio,8.1,494.9
210,2,1994,electrica,alto,4.7,471.7
76,3,2001,bomba_calor,medio,21.8,214.8
157,4,2014,gas,alto,15,353.5
132,2,1994,bomba_calor,medio,3.2,304.9
154,5,1988,electrica,bajo,14.4,511.2
85,2,2014,electrica,bajo,19.7,235.8
157,1,1984,bomba_calor,medio,11.8,251.6
110,6,2014,gas,medio,18.7,366.6
179,3,1994,gas,bajo,21.9,321.4
61,1,1984,bomba_calor,bajo,20.1,140.5
66,3,1979,bomba_calor,bajo,2.7,283.3
100,2,1970,electrica,bajo,16.2,276.2
174,2,1983,gas,bajo,17.5,330
42,6,1984,electrica,alto,19.4,388.2
52,6,1980,electrica,bajo,11.6,460.6
214,2,1984,gas,bajo,6,344.7
162,5,1992,electrica,bajo,4.2,722.9
149,3,1986,electrica,alto,11.5,408.1
135,1,1991,electrica,bajo,3.6,557.7
106,4,1974,bomba_calor,alto,2.3,364.7
119,3,2020,electrica,alto,2.1,390.6
80,1,2005,gas,medio,7.6,170
164,3,1988,bomba_calor,alto,8.9,388.2
40,2,1980,gas,medio,7.1,183.7
129,4,1979,bomba_calor,alto,19.4,305.3
156,3,1991,bomba_calor,bajo,5.6,437.7
186,2,1973,bomba_calor,alto,21.9,308.9
187,5,1977,bomba_calor,bajo,12.6,475
168,4,1976,bomba_calor,alto,3.8,437.3
91,2,1967,bomba_calor,alto,14.3,235.8
104,4,2022,electrica,alto,17.4,320.9
56,4,1974,electrica,medio,11.1,344.2
71,4,1989,gas,bajo,14,297.7
203,6,1997,bomba_calor,alto,23.4,454.1
41,4,2001,bomba_calor,bajo,18,298.7
177,2,1999,bomba_calor,medio,22.2,301.7
208,3,1982,bomba_calor,medio,23.3,341.2
191,1,1979,electrica,alto,17.4,228.2
201,3,2011,bomba_calor,medio,7.3,418.3
97,2,2004,electrica,bajo,14.6,293.7
56,4,1975,gas,bajo,3.8,279.5
158,5,1962,electrica,medio,10.2,556.5
115,6,1985,gas,bajo,12.4,426
93,1,1968,electrica,bajo,21.3,183.8
69,1,1993,electrica,medio,4.6,277.3
46,5,1967,gas,medio,16.9,351.3
105,3,1994,gas,bajo,12.7,264.5
212,2,2012,gas,medio,13.7,298.7
138,6,2010,bomba_calor,alto,7.1,480
173,6,1982,gas,medio,19.9,409.7
80,4,2000,bomba_calor,alto,7.4,333.2
72,2,1979,electrica,medio,5.8,293.5
180,5,1968,electrica,bajo,10.8,614.4
69,6,1964,electrica,bajo,5.7,534.6
140,6,1987,bomba_calor,medio,6.9,575.9
218,1,1978,bomba_calor,alto,17.3,301.2
147,1,1987,electrica,medio,2.1,567.6
40,3,1990,gas,alto,5.7,217.3
160,1,1963,electrica,medio,6.4,496.7
170,5,1992,electrica,alto,5.3,598.5
205,1,1980,gas,bajo,6.6,277.3
140,1,1966,gas,bajo,23.8,240.6
89,2,1987,electrica,medio,11.3,310.6
178,4,1993,gas,bajo,15.1,427.1
167,3,2021,gas,alto,4.4,349.2
88,5,2011,electrica,alto,5.4,474
60,5,1987,bomba_calor,medio,10,355.5
183,4,1964,bomba_calor,alto,13.5,411.7
145,4,1984,gas,alto,15.3,378.2
158,1,2015,bomba_calor,bajo,18.6,256.9
100,3,1993,gas,medio,14.7,263.6
177,6,1994,bomba_calor,bajo,9.9,570.4
171,2,1984,bomba_calor,medio,19.6,312.1
183,1,2000,gas,medio,20.8,226.5
147,2,2013,electrica,alto,19,265.9
145,5,1973,gas,medio,6.2,413.1
157,3,1992,electrica,alto,23,302.3
57,3,1976,electrica,bajo,13.3,288.3
68,4,2003,electrica,alto,19.5,268.7
149,5,2013,electrica,medio,6.9,669.7
108,3,1995,gas,alto,15.8,276.4
49,1,1994,bomba_calor,medio,11,172
113,5,1988,electrica,bajo,7.4,579.3
203,6,1960,gas,alto,14.4,473.7
191,5,1980,electrica,alto,12.5,476.6
60,6,2018,bomba_calor,bajo,3.8,419.1
174,4,1996,bomba_calor,bajo,4.4,518.4
204,4,2013,gas,medio,12.1,434.6
43,3,1982,bomba_calor,medio,8.7,269.7
216,2,2014,gas,bajo,12,300.7
186,6,2015,electrica,alto,20.2,495.4
62,1,1995,gas,alto,12.7,164.8
204,4,1970,bomba_calor,alto,9,496.5
203,2,1980,gas,bajo,19.2,329.1
74,2,2001,gas,medio,19.9,206.1
181,2,2009,gas,alto,2.7,333.2
120,6,2013,bomba_calor,bajo,16.7,412.4
45,4,1978,gas,bajo,8,265.2
129,1,2018,electrica,medio,22.2,211.1
210,4,1962,electrica,bajo,15.2,530.3
80,1,2006,gas,alto,10.5,183.9
140,1,2005,bomba_calor,alto,13.4,201.1
208,4,1982,gas,bajo,3.7,429.3
167,6,1976,bomba_calor,bajo,22.3,478.7
125,3,1982,gas,bajo,3.6,339.6
188,4,1983,gas,medio,8.8,430.1
79,5,1998,bomba_calor,bajo,5.8,410
55,2,2006,electrica,medio,4.5,306.4
219,3,2006,gas,alto,14.7,397.9
41,5,1984,gas,bajo,12.5,295.6
192,4,1973,electrica,bajo,14.5,569.3
80,2,1961,electrica,bajo,21.9,206.5
187,2,1962,bomba_calor,alto,23.5,313.7
194,3,2020,gas,alto,16.7,375.4
173,4,1976,electrica,medio,5.6,753.2
101,6,2005,electrica,medio,4.1,559.4
57,2,1975,gas,bajo,15.3,192.6
88,2,1994,gas,medio,3,223.2
101,5,1984,bomba_calor,medio,6.7,376.4
174,5,1962,bomba_calor,bajo,3.9,586.1
77,3,2006,gas,medio,7.5,285.5
69,1,1961,bomba_calor,bajo,17.1,120.6
138,1,1980,bomba_calor,alto,11.1,247.3
127,1,2009,bomba_calor,bajo,11.5,250.4
102,5,2003,electrica,medio,3.1,589.5
100,4,2003,gas,bajo,20.7,296.5
166,5,2001,bomba_calor,alto,13.8,464.8
195,4,2008,gas,medio,19.8,410.8
72,4,1993,gas,medio,21.7,284.4
207,1,1992,electrica,bajo,17.1,300.4
59,3,1974,electrica,medio,19.4,230.7
172,2,1961,electrica,medio,21.1,317.4
167,3,1982,bomba_calor,alto,9.2,343.5
172,1,1972,bomba_calor,bajo,20,229.5
204,1,2013,gas,alto,2.2,302.2
51,4,2020,electrica,alto,18.9,289.4
92,2,1966,bomba_calor,medio,15.3,252.9
194,2,2017,gas,alto,21.6,319.1
201,2,2019,bomba_calor,alto,3.2,409.1
80,1,1999,electrica,bajo,22.4,183.5
73,6,1984,bomba_calor,bajo,5,442.3
192,6,2014,bomba_calor,bajo,12.1,580.4
161,2,1981,gas,bajo,10,309.8
156,1,1974,bomba_calor,medio,9.6,295.3
50,4,1979,electrica,bajo,2.3,421.1
47,6,2008,gas,alto,16.1,384.5
103,2,1963,electrica,medio,6.5,330.2
171,4,2019,gas,medio,23.7,394.2
95,4,1975,bomba_calor,alto,21,348.1
111,1,1968,electrica,medio,19.9,184
200,4,1984,gas,medio,9.2,417.6
150,4,1981,electrica,medio,8.3,524.9
71,6,2004,electrica,bajo,14.3,392.9
82,4,1964,electrica,bajo,16.5,320.1
110,5,1984,bomba_calor,alto,2.3,447.1
83,5,1982,electrica,bajo,16.3,357.2
146,1,2008,gas,bajo,15.3,212.5
42,3,1971,electrica,bajo,21.1,221.1
168,6,2003,bomba_calor,bajo,19.9,478.6
198,2,1994,gas,medio,8.9,309.6
91,2,2017,gas,alto,16.7,194.1
90,3,2000,bomba_calor,bajo,11.9,289
52,3,1978,gas,medio,17.6,256.6
132,3,2021,gas,bajo,5.4,354.1
209,2,2017,gas,medio,23.5,300.9
41,5,1985,bomba_calor,medio,23.2,354.9
127,1,1976,electrica,alto,6.2,334.2
58,4,1973,gas,bajo,13.9,316.5
165,5,1976,bomba_calor,alto,4.2,454.8
135,6,1975,bomba_calor,alto,7.7,441.5
85,3,2002,bomba_calor,bajo,3.4,351.1
164,2,1988,gas,medio,22.1,284.7
195,3,1974,electrica,bajo,7.2,693.9
62,4,1984,bomba_calor,alto,10.3,278.5
127,1,1979,gas,medio,13,198.2
201,5,1991,gas,medio,23.2,440.4
80,2,1997,gas,medio,4.9,242.8
109,3,2016,gas,medio,17.7,272.7
168,1,1985,bomba_calor,alto,15.1,221.5
168,5,2020,bomba_calor,alto,14.9,482.5
174,4,1962,bomba_calor,medio,20.7,375.9
177,2,1992,electrica,alto,8.2,448.2
170,5,2020,electrica,alto,20.9,468.1
125,6,1962,bomba_calor,medio,19.1,463.1
198,3,2018,gas,medio,5.3,350.4
135,3,1989,gas,medio,9.2,354.5
122,3,1983,bomba_calor,bajo,21.1,307.5
77,1,2016,gas,medio,6.3,178.6
109,2,2017,gas,alto,23.1,254.7
175,5,1996,gas,alto,21.6,436.1
124,1,1983,gas,alto,20.9,194.5
194,6,1982,bomba_calor,bajo,4,716.1
213,4,2007,electrica,bajo,2.2,871.6
122,5,1976,gas,bajo,16.8,379.2
122,2,1973,gas,bajo,22.5,268.2
112,2,1973,gas,bajo,9.1,233.7
110,2,2015,bomba_calor,medio,18.2,255.7
43,2,1961,gas,bajo,12.5,183.3
99,6,1964,gas,medio,6,391.6
76,6,2013,gas,bajo,14.5,399.1
89,4,2003,gas,medio,17.6,362.5
58,3,1977,bomba_calor,medio,8.6,267.9
159,6,1969,electrica,bajo,5.8,822.6
180,1,2016,bomba_calor,bajo,20.4,254.9
189,4,2022,gas,alto,16.8,416.4
129,1,2021,gas,bajo,17.3,196.4
104,2,2013,gas,medio,19.3,239.3
147,3,1979,gas,bajo,11.6,326.5
177,2,1970,gas,alto,5.3,278.8
138,1,1964,gas,bajo,9.1,238.6
211,2,1969,bomba_calor,medio,16.2,367
114,2,1967,gas,bajo,19,224.6
148,2,1964,gas,medio,23.6,304.8
211,2,2011,gas,medio,20.3,341
57,5,1996,electrica,alto,15.5,375.6
135,1,1988,electrica,medio,21.2,212.1
194,4,1974,electrica,medio,12.4,496.8
80,1,2019,gas,medio,16.3,158.4
115,6,1964,bomba_calor,bajo,17.3,395.6
70,3,1999,gas,bajo,16.1,254.1
113,1,1985,bomba_calor,alto,10.1,187.9
110,6,2015,gas,medio,20.2,479.3
49,3,2007,gas,medio,5.2,240.5
96,3,1968,electrica,bajo,15.7,335.5
136,5,1988,electrica,alto,18.9,408.2
132,1,1970,bomba_calor,medio,17.9,182.9
213,4,2008,electrica,bajo,18.8,437.2
88,4,2011,electrica,medio,22.2,292.9
131,3,2015,electrica,medio,4.5,527.3
195,4,1989,bomba_calor,alto,21.2,396.7
91,3,1969,electrica,bajo,5.3,493
112,1,1992,bomba_calor,bajo,13.4,222.9
216,1,1978,bomba_calor,alto,23.2,297.1
53,6,1991,bomba_calor,alto,23.5,381.8
151,6,1966,gas,bajo,14.5,475.7
117,1,1972,electrica,alto,23.3,197.7
170,5,1996,electrica,bajo,10.8,622.2
162,2,1982,electrica,alto,13.2,346.4
158,1,2019,gas,alto,14.2,228.6
62,6,1971,bomba_calor,medio,8.8,400.6
79,5,1991,bomba_calor,alto,2.5,376.4
112,6,2000,electrica,bajo,12.6,536.4
152,4,1988,bomba_calor,medio,18.6,352.1
102,2,1971,electrica,bajo,5.7,446.4
45,3,1991,gas,medio,7.5,254.6
107,2,1973,bomba_calor,alto,14.8,264.3
68,5,1972,bomba_calor,bajo,20.8,343.5
70,1,1993,electrica,medio,23.3,171.1
157,4,2000,bomba_calor,alto,18.4,387.5
99,2,2007,bomba_calor,alto,12.7,228.5
106,4,1973,gas,alto,15.6,334.6
101,1,2014,electrica,alto,4.7,284.4
159,2,1981,electrica,alto,8.3,431.5
167,4,1985,electrica,bajo,5.7,697.1
73,6,2001,gas,medio,15,355.6
144,4,2009,bomba_calor,medio,11.9,371.4
100,4,2005,electrica,bajo,16.7,355.4
158,4,2009,electrica,medio,7.8,527.8
218,6,1979,gas,medio,10.5,537.4
213,3,1990,electrica,medio,3.7,791.7
191,1,1964,electrica,alto,6.2,468.5
128,6,1979,electrica,medio,9.6,536.3
212,5,1967,electrica,bajo,4.3,1120.7
180,5,2017,bomba_calor,bajo,19.5,474.2
156,5,1975,electrica,alto,9.9,531.7
173,3,2013,electrica,alto,16.4,336.5
160,3,2021,electrica,medio,18.7,336.9
81,6,1997,gas,medio,6,396.1
187,4,1994,bomba_calor,medio,12.1,463.6
158,5,1975,bomba_calor,medio,22.4,375.1
68,4,1974,bomba_calor,bajo,7.4,377.2
201,4,2013,gas,medio,2.2,409.5
88,4,2008,gas,alto,21.5,308
169,4,1969,gas,alto,20.6,398
167,5,1981,bomba_calor,bajo,22.3,433.6
208,5,2016,electrica,medio,19,461.9
127,6,2020,bomba_calor,medio,23.1,418.3
162,4,2012,electrica,bajo,14.5,493.7
178,4,1972,electrica,alto,23.8,351.2
75,5,2021,electrica,medio,9.8,392.5
198,4,1980,bomba_calor,alto,21,377.5
102,6,1986,bomba_calor,bajo,16.6,426.5
40,1,1984,electrica,bajo,10.6,203.4
70,5,1963,gas,bajo,22.5,303.7
194,4,2008,electrica,alto,21.2,337.8
181,6,2013,electrica,bajo,22.8,432
160,4,2000,electrica,medio,9.7,562.2
51,5,1967,bomba_calor,alto,12.8,370.7
169,3,1996,electrica,medio,15.6,382.4
114,3,2010,bomba_calor,medio,19.1,287.9
80,4,1999,gas,alto,15.9,288.2
107,6,1987,bomba_calor,medio,17.5,456.4
216,5,1983,electrica,medio,13,583.5
164,3,1978,gas,medio,22.8,312.4
198,5,1977,gas,alto,19,421.9
117,1,1969,gas,medio,20,205.9
86,1,1985,gas,medio,14.2,158.5
218,4,2013,electrica,alto,14.9,465.8
89,6,1976,gas,bajo,20.2,419.8
94,2,1969,bomba_calor,alto,9.9,207.2
143,3,1969,bomba_calor,bajo,5,410.1
63,3,1961,bomba_calor,bajo,8.2,312.3
51,1,2013,gas,bajo,6.3,154.2
143,2,1963,gas,alto,15.8,273
215,2,1961,bomba_calor,bajo,6.4,485.2
133,5,2013,bomba_calor,bajo,21.5,429.1
55,6,2002,electrica,medio,4.3,481.7
174,5,2003,gas,medio,20.1,436.6
195,2,2016,bomba_calor,alto,5.4,327.7
98,1,1983,bomba_calor,alto,8.5,189.9
41,3,1967,electrica,medio,16.7,235.8
116,6,1998,bomba_calor,bajo,6.3,474.4
206,2,2021,gas,medio,17.2,329.2
193,5,2017,gas,bajo,6,475.4
191,1,1981,electrica,medio,7.6,560.7
118,4,1963,bomba_calor,bajo,5.5,439.9
50,4,1988,bomba_calor,alto,10.3,258.8
128,1,1989,gas,alto,5.2,198.1
64,3,1988,gas,medio,5.1,263.3
64,1,2017,electrica,medio,23.8,180.9
56,4,2013,gas,bajo,16.1,301.2
200,4,2016,gas,medio,8.8,432.2
139,4,1985,bomba_calor,bajo,6.2,424.4
117,4,1966,electrica,bajo,12.6,454.9
81,1,1976,bomba_calor,medio,19.1,189.3
130,5,2007,bomba_calor,alto,12.4,385.8
128,6,1962,electrica,medio,21.1,403.4
77,1,2000,bomba_calor,alto,19.7,151.6
42,1,1991,bomba_calor,alto,12,142.1
156,3,1978,bomba_calor,bajo,12.7,374.9
206,5,1961,bomba_calor,bajo,6.4,573.6
165,4,2011,electrica,medio,2.7,673.1
46,2,2004,bomba_calor,alto,2.5,234.3
219,2,2012,bomba_calor,bajo,9.7,477.5
183,6,2002,electrica,medio,14.2,591.8
80,5,1966,gas,medio,13.9,358.2
47,4,1977,gas,bajo,2.3,318.8
62,1,2015,gas,alto,6,147.8
132,4,2001,bomba_calor,medio,18.7,375.4
138,3,2011,bomba_calor,alto,16.3,286
202,3,1985,electrica,medio,2.9,749.6
44,2,1964,gas,bajo,7.4,164.1
199,1,1967,gas,medio,11.3,281.9
192,6,2001,bomba_calor,medio,9.4,496.3
133,5,1971,bomba_calor,medio,8.3,450.7
122,4,1967,electrica,bajo,2.9,672.7
128,1,2006,gas,medio,2.5,237.5
167,5,1973,electrica,bajo,8,778.8
41,3,2002,bomba_calor,alto,6.2,223.1
64,4,1977,bomba_calor,medio,5.8,364.1
73,4,1997,bomba_calor,medio,15.5,289.4
106,4,2017,bomba_calor,bajo,8.3,387.6
49,5,2016,bomba_calor,medio,17.4,331.3
136,5,2021,gas,alto,3.3,409.2
155,3,1984,gas,medio,12.8,330.8
47,3,1982,electrica,alto,22.2,216.1
134,3,1978,bomba_calor,alto,23.2,328.4
66,2,2005,bomba_calor,medio,4.1,264.4
52,3,2009,electrica,alto,3.3,314.1
207,3,1983,electrica,medio,10.7,568.4
70,2,1983,electrica,bajo,18,206.1
41,1,1986,electrica,bajo,18.3,166.4
136,5,1968,gas,alto,15.1,366.7
178,5,1975,electrica,alto,4.8,614.8
154,4,1964,bomba_calor,alto,7.4,419.2
120,2,1983,bomba_calor,bajo,6.8,369.1
217,3,2000,bomba_calor,medio,12.9,380.7
128,5,1970,gas,medio,3.5,385.3
89,2,1969,electrica,bajo,14.2,289.2
219,1,1978,gas,alto,22.7,286.6
87,5,2012,bomba_calor,alto,6.7,395.3
144,6,1969,electrica,alto,20.7,394
42,4,2011,bomba_calor,alto,4.3,258.5
57,6,2017,gas,medio,17.6,352
113,3,1987,bomba_calor,alto,12.8,280.6
140,4,1999,gas,bajo,4.7,387.7
105,3,2004,bomba_calor,bajo,5.1,344.8
214,5,1971,gas,bajo,2.8,476.5
162,2,1978,bomba_calor,medio,18.1,307.5
186,4,1998,electrica,alto,8.8,497.7
71,5,1990,gas,medio,16,351.5
95,4,2012,gas,medio,12.4,302.8
62,3,1975,bomba_calor,alto,16.5,248
209,3,2012,electrica,alto,18.6,339.6
129,4,1991,electrica,bajo,7.8,487.4
215,3,2011,bomba_calor,medio,12.5,406.5
187,4,1983,gas,alto,15.2,404.1
72,5,1966,electrica,medio,15.9,389.1
208,1,1992,electrica,alto,22.3,274.6
89,6,1973,bomba_calor,alto,15.3,410.1
189,4,1980,gas,medio,5.7,457.5
132,4,1996,gas,bajo,3.1,337.6
132,3,1961,bomba_calor,alto,23.4,317.9
155,6,1986,bomba_calor,medio,11.7,452.6
86,5,1974,gas,alto,8.2,406.2
135,3,2002,gas,bajo,8.2,293.2
189,6,1999,bomba_calor,bajo,7.9,645.8
66,4,1981,gas,medio,15.8,299.6
155,2,2021,gas,bajo,10.5,244.5
97,1,1964,bomba_calor,bajo,23.7,190.7
216,2,2020,gas,medio,19.2,331
128,1,2012,electrica,alto,22.6,216
210,4,1990,bomba_calor,medio,20.7,427.5
166,3,2018,bomba_calor,medio,4.5,431.6
112,3,2005,bomba_calor,medio,8.7,335.2
125,5,1969,gas,alto,18.6,399.3
202,6,2004,electrica,bajo,5.4,940.9
88,6,1961,gas,alto,10.6,356.6
78,3,2020,gas,alto,8.8,274.7
203,3,1962,bomba_calor,bajo,6.9,517
52,1,2005,bomba_calor,medio,6.2,164
210,4,1971,gas,medio,13,426.2
111,3,2002,gas,bajo,11.6,274.5
123,4,1966,bomba_calor,bajo,16.1,307.3
42,6,1987,bomba_calor,alto,9.5,399.3
197,2,1980,electrica,medio,3.4,758.7
145,3,2017,electrica,alto,21.2,315.1
72,3,2013,bomba_calor,alto,18.4,265.4
207,1,1990,gas,alto,15.9,289.1
65,5,1990,bomba_calor,alto,20.2,338.7
105,1,1969,bomba_calor,medio,10.3,231.2
133,3,1984,electrica,medio,4.2,549.1
79,4,2017,bomba_calor,alto,5.7,332.2
96,6,2000,gas,alto,19.3,417.8
116,3,2018,bomba_calor,alto,5.5,346.3
164,5,2018,bomba_calor,bajo,21,393.7
123,4,1986,bomba_calor,medio,15.2,404.6
48,1,1988,electrica,medio,6,223.3
156,1,2008,gas,bajo,22,216.1
161,3,1968,bomba_calor,medio,18.5,320.6
94,4,1975,bomba_calor,bajo,4.7,419.1
62,4,2003,gas,medio,20.4,260.2
64,6,1976,electrica,medio,7.1,494.8
42,2,1984,gas,bajo,14.8,171
166,4,1982,electrica,medio,7,654.4
134,4,2001,gas,bajo,21.8,351.6
109,3,1980,bomba_calor,medio,3,371.8
136,1,1993,electrica,bajo,23.1,190
127,3,1998,bomba_calor,alto,8.7,329.3
131,4,1961,gas,bajo,18.8,354.5
137,5,1966,bomba_calor,bajo,9.1,439.2
200,6,1993,bomba_calor,alto,20.6,492.7
43,5,2002,electrica,bajo,18.5,324.3
186,2,1962,gas,bajo,16.8,289.3
211,4,2020,electrica,alto,14.9,446.3
121,3,1980,gas,alto,2.9,276.8
157,5,1979,electrica,bajo,5.9,792.2
171,1,1998,gas,medio,20.4,240.3
67,4,1994,bomba_calor,medio,20.5,301.9
73,1,1983,gas,bajo,19.7,137.1
140,6,2012,gas,alto,6.4,450.5
148,4,1964,electrica,alto,11.9,384.1
43,6,2009,bomba_calor,alto,16.3,378.8
131,6,2013,gas,bajo,8.8,422.2
71,6,1996,electrica,medio,20,403.7
206,2,1996,gas,alto,19.3,315
55,2,1988,bomba_calor,alto,9.1,183.2
207,4,1971,gas,medio,19.6,430.1
192,5,2009,electrica,bajo,5.5,795.5
192,5,1988,electrica,alto,22,414.3
187,1,2000,electrica,alto,16.3,231.8
127,5,1968,gas,alto,2.1,436.9
183,2,1997,electrica,medio,20.8,296.3
49,1,2000,bomba_calor,bajo,17.6,127.8
142,3,1961,bomba_calor,alto,17.8,317
129,5,2015,electrica,medio,14.7,406.6
47,4,1992,bomba_calor,medio,22,299
82,1,1989,gas,medio,3.3,164.7
43,3,1967,gas,alto,19.5,241.2
151,3,1995,electrica,alto,17.5,347.2
209,1,2022,electrica,alto,2.7,498
92,1,1986,electrica,bajo,6,415.2
89,1,2017,gas,medio,4.3,180.6
204,3,2021,gas,medio,10.5,374.8
116,4,1962,gas,medio,7.1,314.7
99,3,2017,electrica,medio,17.6,302.2
173,5,1960,bomba_calor,bajo,18.6,434
84,2,1971,gas,bajo,7.9,249.3
77,6,2020,electrica,bajo,7.6,482.9
81,2,2003,bomba_calor,alto,7.2,252.9
62,3,2015,bomba_calor,alto,17.1,264.9
133,4,2016,bomba_calor,alto,22.4,347.6
115,6,1987,gas,medio,17,439.3
219,6,1993,gas,alto,3.6,540.9
49,4,2002,bomba_calor,bajo,16.4,243.2
138,2,1968,bomba_calor,alto,11.1,325.1
52,2,1969,electrica,alto,5.6,269.3
106,4,1967,electrica,bajo,6.7,551.9
184,1,2001,electrica,alto,6.9,409.1
196,2,2004,bomba_calor,bajo,8.4,398.4
83,5,1978,electrica,alto,17.9,318.6
202,3,1975,gas,bajo,3.9,427.1
94,3,2005,gas,bajo,4.7,256.4
150,4,1961,electrica,alto,14.4,412.4
148,4,1968,gas,bajo,14.6,395.1
71,3,2001,gas,bajo,9.4,232.7
91,6,1985,bomba_calor,medio,6,492.6
64,2,2021,electrica,bajo,5.8,332.3
215,1,1981,electrica,medio,16.5,316.3
41,1,2002,bomba_calor,bajo,3.9,187
212,4,1994,bomba_calor,alto,18.1,369.1
115,5,2003,electrica,alto,21.3,359.1
98,6,1961,bomba_calor,medio,21.4,380.2
109,5,1986,electrica,medio,23.2,353.7
69,2,2006,electrica,alto,12.4,239.3
54,1,1973,bomba_calor,alto,17.3,146.2
66,1,2020,gas,bajo,7.9,173.8
41,5,1987,electrica,alto,22.5,300.2
125,2,2012,electrica,bajo,8.9,401.4
188,1,1995,gas,bajo,9.2,270.8
183,4,1990,gas,medio,19.9,417.2
57,2,1987,gas,medio,5.4,200.9
131,1,1969,electrica,alto,21.3,192.4
70,5,2022,electrica,bajo,14.5,364.4
109,2,1966,electrica,medio,15.5,264.8
104,3,2005,electrica,alto,7.7,364.9
132,2,1997,gas,medio,22.5,278.7
149,6,2005,bomba_calor,bajo,17.5,475
48,1,2006,electrica,bajo,18.2,143.3
155,2,2002,bomba_calor,bajo,20.6,273.7
71,1,2012,bomba_calor,medio,2.6,226.4
192,5,2001,electrica,medio,12.2,578.8
115,2,1970,bomba_calor,alto,11.5,265.2
187,3,1985,gas,medio,15.4,344.7
110,4,1970,bomba_calor,alto,10.3,387.1
183,5,2019,electrica,alto,4.1,650.4
132,5,1987,electrica,medio,21.4,410.8
132,1,1971,bomba_calor,medio,17.7,210.2
114,1,2020,bomba_calor,alto,3.4,245.9
217,2,1965,gas,alto,14.7,293.4
138,2,2015,bomba_calor,alto,6.9,294.3
116,1,1967,gas,bajo,21.8,199.7
216,1,1968,gas,bajo,4,305.2
67,5,1979,bomba_calor,alto,9.1,317.9
121,5,2004,bomba_calor,bajo,19,366.7
110,5,2021,bomba_calor,bajo,9.2,435.8
63,5,1981,bomba_calor,bajo,19.7,337.1
103,1,1988,bomba_calor,medio,2.7,281.9
129,1,1996,electrica,alto,15.6,204.2
151,4,1969,bomba_calor,alto,15.8,334.3
130,1,1969,gas,bajo,10.8,212.8
92,6,2009,electrica,alto,13,421.1
151,3,1991,electrica,alto,5.5,453.3
187,1,2007,gas,medio,15.1,252.9
196,4,1987,electrica,bajo,13.9,550.5
164,3,2014,bomba_calor,alto,5.6,390.1
192,1,2007,gas,bajo,19.6,244.5
187,1,2011,electrica,alto,8.9,379.4
81,4,2010,gas,alto,21,297.7
135,5,1986,electrica,alto,16,430.8
68,6,1979,bomba_calor,bajo,16.2,390.6
68,5,2004,bomba_calor,bajo,14.4,406.2
75,1,2015,gas,bajo,9.9,167.1
159,1,2017,gas,medio,17.5,252.5
191,4,1987,electrica,alto,12.2,451.5
87,1,1986,electrica,alto,7.9,232
212,4,2014,bomba_calor,bajo,9,507
172,5,1979,gas,alto,15,381.5
46,4,2002,electrica,medio,16,250.6
173,5,1960,gas,medio,17.6,447
130,6,2018,bomba_calor,bajo,21.6,429.4
201,3,1965,gas,bajo,16.3,333
102,5,1987,electrica,alto,17.6,353.1
136,4,1964,bomba_calor,alto,20.6,341.2
84,3,1984,electrica,bajo,3.4,498.5
209,2,1988,electrica,bajo,7,763.7
175,4,1985,bomba_calor,bajo,11.1,511.6
203,2,1974,electrica,alto,18.2,340.5
119,2,2000,electrica,bajo,17.9,293.2
123,4,1979,gas,medio,17.8,362.4
184,2,2020,electrica,alto,3.7,515.2
132,4,2005,gas,bajo,8.1,326.6
198,5,2013,electrica,bajo,21.3,458.4
74,6,1980,bomba_calor,bajo,21.6,394.4
144,4,2003,electrica,bajo,3.7,716.8
135,3,1977,bomba_calor,alto,21.1,296.4
212,3,1970,gas,alto,16.4,376.5
111,5,1993,electrica,medio,15.8,418.6
205,5,1972,bomba_calor,medio,6.7,530.9
49,5,1984,bomba_calor,alto,13.1,322.2
165,2,1989,gas,medio,18.5,284.3
133,5,1981,electrica,bajo,22.2,390.3
174,1,1973,electrica,alto,7,426.9
80,1,1986,gas,medio,10.5,190.1
55,6,1992,electrica,alto,2.1,410.4
182,3,2000,electrica,medio,16.7,396.6
120,5,2007,bomba_calor,alto,2.5,452.8
172,5,2015,bomba_calor,bajo,11.5,501.1
158,4,1991,bomba_calor,alto,11,425.5
208,3,2015,electrica,medio,4,670.2
105,6,2012,gas,bajo,3.2,411.3
131,6,1999,bomba_calor,bajo,19,476.8
81,4,2010,gas,bajo,7.9,281.7
197,1,2020,gas,alto,15.1,288.3
179,3,2002,electrica,alto,18.7,324.8
203,6,1985,electrica,medio,18.9,488.9
192,4,1963,bomba_calor,medio,5.4,437.1
105,2,2016,electrica,alto,10.8,301.1
177,4,1976,electrica,medio,20.4,388.1
139,2,1964,bomba_calor,alto,11,293.1
152,3,2001,bomba_calor,medio,6.2,400.8
72,1,1973,bomba_calor,bajo,12,210.2
133,3,2008,gas,bajo,18.2,322.8
166,3,1999,gas,alto,12.6,306.9
94,5,2008,bomba_calor,alto,10.4,341.3
174,1,1990,electrica,bajo,14.7,351.9
63,3,2000,electrica,alto,4.8,270.6
66,6,1979,bomba_calor,bajo,5.4,417
137,2,1963,electrica,bajo,11.5,391.7
98,1,1968,bomba_calor,alto,7.7,193.7
59,4,2019,electrica,alto,17.7,314.8
211,2,2007,gas,bajo,8.7,326.1
117,6,1987,bomba_calor,bajo,12.7,490
43,4,1970,gas,medio,4.5,251.7
216,3,1986,bomba_calor,bajo,22.8,324.3
217,2,1965,electrica,alto,15.1,358
142,1,1988,gas,bajo,4.6,252.8
68,3,1973,electrica,medio,3.9,391.3
51,5,1968,bomba_calor,medio,22.3,380
109,4,2016,electrica,alto,23.3,310.1
93,6,1970,bomba_calor,bajo,4.9,483.1
72,4,1982,gas,alto,22.2,289
83,1,2015,gas,medio,7.2,171.6
93,1,1983,electrica,bajo,17.2,188.1
169,1,1981,electrica,bajo,19.5,232.1
113,1,1967,bomba_calor,bajo,12.3,233.2
64,1,1979,gas,alto,7.5,152.9
110,5,1981,gas,medio,19.2,384.3
130,4,2021,bomba_calor,alto,4.3,409
216,6,1994,electrica,bajo,16.5,589.1
81,5,1962,bomba_calor,medio,7.4,410.1
180,6,2021,bomba_calor,alto,11.1,535.7
73,1,1976,electrica,bajo,16.1,200.4
188,6,2011,gas,alto,16.2,507.5
181,5,2007,bomba_calor,alto,13.7,449.2
48,2,1971,bomba_calor,bajo,19.4,166.1
189,6,1993,bomba_calor,alto,21.2,496.8
153,5,1968,bomba_calor,bajo,10.2,434
108,3,1964,electrica,alto,9.1,337
153,6,2022,electrica,medio,19.3,473.6
209,3,1992,bomba_calor,bajo,12.7,476
71,3,2021,bomba_calor,medio,6.3,284.7
127,6,1994,bomba_calor,alto,22.8,452.6
125,2,1966,electrica,alto,24,290
117,5,1998,gas,alto,9.1,407.6
55,2,1968,electrica,medio,16.3,205.7
169,6,1988,gas,alto,9.9,473.3
149,1,1994,gas,medio,4,254.6
143,4,1971,electrica,alto,18.8,351.6
161,4,1996,gas,alto,9.1,381.1
69,3,2010,gas,medio,16.5,274.8
125,5,1991,gas,alto,17.7,390.4
218,2,1990,bomba_calor,alto,6.9,398.5
218,2,2003,bomba_calor,medio,13.8,335.6
185,1,2003,gas,medio,15.7,257.8
48,5,1993,electrica,bajo,16.1,332.9
176,2,1985,electrica,bajo,16.1,382.1
162,5,2019,gas,alto,17.6,432.8
209,2,2001,bomba_calor,alto,7.1,341.1
57,3,1987,gas,medio,17.8,269.4
201,5,2003,bomba_calor,medio,3.6,553.2
208,3,1977,bomba_calor,bajo,4.6,501.4
105,4,1994,gas,bajo,9.7,351.7
215,1,2003,bomba_calor,medio,7.8,384.2
60,5,1996,gas,bajo,8.8,337.7
208,1,2015,gas,alto,4.8,257.2
109,5,1998,electrica,medio,2.2,537.1
135,1,1979,bomba_calor,medio,2.2,295.8
205,5,1970,gas,bajo,10.2,459.8
67,3,1988,electrica,bajo,23.5,246.9
44,3,2019,electrica,medio,5.1,272.1
53,4,1993,gas,bajo,22.7,258
201,4,1990,electrica,medio,18.6,445.3
203,2,2009,gas,medio,6.9,336.8
68,6,1997,gas,bajo,16.2,403.6
57,3,1991,electrica,medio,5.5,324.1
176,5,1976,bomba_calor,bajo,7.2,554.2
160,3,2013,electrica,alto,5.6,477.3
49,2,2002,gas,alto,13.3,169.6
150,4,2004,bomba_calor,alto,3.6,416.9
189,1,2007,bomba_calor,bajo,3.6,380
79,4,1966,bomba_calor,medio,9.4,341.8
94,6,1969,electrica,alto,9.5,532.4
89,2,1967,electrica,medio,23.5,188.5
191,2,2021,electrica,bajo,14.5,375.3
83,6,1981,bomba_calor,medio,4.8,423.6
68,6,2008,electrica,alto,19.4,354.2
123,6,2017,electrica,alto,9.3,492.6
198,4,2014,bomba_calor,alto,14.8,444
118,4,2010,electrica,alto,15.2,322.8
95,1,2010,electrica,alto,17.4,184.7
195,2,1987,gas,medio,19.3,272.1
74,5,1978,bomba_calor,bajo,20.7,292.3
45,2,2006,electrica,bajo,10.6,262.3
88,4,1972,gas,medio,6.5,334.9
151,3,1986,gas,alto,16.7,303.7
198,5,2012,electrica,medio,2.4,766.7
46,4,1970,electrica,bajo,6.7,406.8
95,6,1985,bomba_calor,bajo,15.5,392.3
97,2,1989,bomba_calor,medio,7.1,291.7
83,4,1984,bomba_calor,medio,7.6,360.2
169,5,1966,bomba_calor,bajo,22,417.1
60,1,1984,electrica,medio,15.3,187.6
127,5,1999,electrica,alto,15.7,406.9
139,5,2015,bomba_calor,medio,9,434.1
146,6,2003,electrica,medio,9,582.3
218,3,1969,bomba_calor,alto,4.5,415.1
98,4,1969,gas,medio,19,315.5
170,1,1979,bomba_calor,alto,14.3,281.6
171,4,1969,bomba_calor,bajo,6.3,541
194,1,1979,bomba_calor,medio,7.7,384.2
177,4,2008,electrica,alto,18.2,343.2
79,6,1994,bomba_calor,bajo,4.5,419.3
110,5,2007,electrica,bajo,23.2,351.1
120,1,2013,gas,bajo,19.3,221.4
149,2,2002,bomba_calor,medio,11.6,295.2
59,1,1965,bomba_calor,medio,14.9,176.8
125,6,2019,bomba_calor,bajo,7.7,527.6
134,3,1966,bomba_calor,bajo,3.1,401.3
191,6,1989,bomba_calor,bajo,17.1,496.4
84,6,1963,gas,medio,11.1,402.9
41,6,1989,bomba_calor,bajo,15.1,384.1
66,4,2002,gas,medio,10.5,296.4
119,4,2018,gas,bajo,18.3,317
56,3,2001,gas,medio,4.4,245.1
171,6,1968,electrica,bajo,5.6,903.4
130,4,1988,electrica,medio,17.1,337.4
46,1,1995,bomba_calor,medio,6.3,169.5
93,2,1984,gas,alto,10.1,227.3
156,5,1970,bomba_calor,alto,2.6,432.7
91,5,1990,bomba_calor,alto,22,384.7
188,1,1987,bomba_calor,bajo,16,277.5
186,1,1973,gas,bajo,11.7,233
167,2,2021,gas,bajo,8.6,313.5
147,6,2019,electrica,alto,5.5,619.7
101,2,2015,bomba_calor,bajo,11.2,301.7
124,2,1966,electrica,bajo,10.5,441.5
139,2,1981,gas,bajo,10.2,290.4
216,2,1987,gas,medio,13.6,346
152,6,1971,bomba_calor,medio,2.8,586.2
131,5,2010,electrica,alto,15.7,437.4
63,4,1986,bomba_calor,alto,8.1,277.2
54,5,1969,gas,medio,21.8,302.8
64,4,2000,electrica,bajo,15.2,375.6
120,5,1976,gas,medio,15.5,394.6
109,3,1968,bomba_calor,bajo,7.4,334.8
119,5,2020,gas,alto,17.3,410.6
113,5,2011,bomba_calor,alto,3,419.5
167,5,1990,gas,bajo,23.6,444.8
47,4,1998,gas,bajo,9.3,296
74,6,1973,bomba_calor,medio,22.1,411.4
117,2,1981,bomba_calor,alto,18.5,244.6
143,5,1995,electrica,bajo,14.6,448.6
74,5,1966,gas,medio,5.3,327.8
164,2,1994,bomba_calor,medio,18.1,304
49,3,1984,electrica,bajo,15.2,274.4
197,6,1978,gas,bajo,21.2,505.2
53,4,1974,electrica,alto,7.3,313.5
202,5,2014,electrica,medio,20.7,409.5
200,3,2020,gas,bajo,5.3,345.1
180,2,1990,gas,alto,18.4,319.6
142,3,2007,gas,alto,4.4,322.9
140,1,1979,electrica,alto,21.1,188.3
207,5,2000,electrica,bajo,10.1,784.7
143,2,1966,gas,medio,4.3,276.3
78,2,1967,electrica,medio,17.3,202.5
164,1,2011,electrica,alto,20.6,202.7
92,3,1979,bomba_calor,alto,12.6,279.1
67,3,2014,gas,bajo,9.5,212.2
214,3,2022,electrica,alto,3.8,578.4
114,3,1993,bomba_calor,alto,7.3,334.6
174,5,1981,electrica,medio,2.9,835.4
132,2,2018,electrica,bajo,10.1,423.4
195,3,1976,electrica,bajo,16.2,431.5
148,4,1978,bomba_calor,medio,8.6,385.5
140,4,1994,gas,alto,14.4,353.7
196,2,1986,gas,alto,13.8,306.9
132,5,1968,gas,medio,13.5,350.6
190,4,1974,bomba_calor,medio,7.1,436.2
175,1,1986,gas,alto,15.5,228.2
198,4,2012,bomba_calor,medio,16.7,412.7
46,4,1968,electrica,medio,7.5,294.6
82,4,1972,gas,bajo,2.9,303.8
171,1,2006,bomba_calor,alto,10.9,253.2
73,3,2006,gas,medio,12.9,249.7
173,1,1998,gas,medio,20,222.5
89,1,1969,bomba_calor,bajo,10.9,219.3
59,3,1969,electrica,alto,3.3,304.2
196,2,1994,bomba_calor,bajo,14,368.1
113,1,1980,gas,medio,8.3,197.2
61,1,2003,gas,alto,24,152.9
73,5,1984,electrica,alto,6.6,390.6
214,2,2005,bomba_calor,medio,16.9,324.2
135,5,1991,electrica,bajo,21.7,409.5
63,2,1992,bomba_calor,bajo,2.1,260.9
77,1,2009,electrica,medio,13.2,222.8
65,2,2011,gas,bajo,11,214
105,1,2014,gas,medio,22.9,169.6
204,4,1963,electrica,alto,4.3,574.3
173,1,2000,electrica,alto,21.1,211.5
142,2,2004,gas,alto,6.7,274.5
120,3,2019,electrica,bajo,10.5,409.2
47,5,1968,gas,medio,20.3,356.2
129,5,1969,gas,alto,12.3,346.3
132,4,1991,electrica,bajo,5.7,609.1
118,4,2012,gas,alto,19.3,323.5
106,1,2010,bomba_calor,bajo,17.1,211.1
42,4,2008,bomba_calor,alto,3,280.8
197,6,2019,gas,medio,18.2,461.4
79,1,1980,electrica,alto,10.2,206
92,2,1991,electrica,alto,7.3,308.3
76,4,1986,bomba_calor,medio,19.7,326.4
139,4,1977,electrica,medio,22.5,333.7
181,6,2017,gas,bajo,3.3,496.1
108,2,1978,bomba_calor,medio,11.5,260.7
151,4,1962,electrica,medio,17.7,330.6
159,2,1966,gas,bajo,21.8,294.3
109,3,1989,gas,medio,18.7,267.7
125,6,1989,bomba_calor,alto,21.5,476.5
57,5,2004,bomba_calor,bajo,7.5,320.7
65,3,1998,gas,bajo,5.8,238.3
162,5,1962,electrica,alto,20.9,403.9
63,1,2012,gas,bajo,4.3,161.2
183,4,1994,bomba_calor,alto,17,375.5
162,6,1964,gas,medio,21.3,421.8
40,5,1998,electrica,alto,18.5,320.4
176,5,1960,gas,bajo,5,497
83,5,2022,bomba_calor,alto,15.1,359.5
78,5,2007,gas,bajo,4.6,360.4
164,3,2005,electrica,medio,18,349
59,4,1985,electrica,bajo,3.2,482.2
105,4,2004,bomba_calor,alto,12.3,359.3
136,5,1964,electrica,medio,22.2,364.1
112,6,1972,bomba_calor,medio,23.8,419
171,4,1971,electrica,alto,12.1,486.2
109,6,2014,electrica,medio,7.4,516.7
217,6,2004,bomba_calor,alto,12.6,533.2
120,2,1983,electrica,medio,8.5,393.5
171,5,1988,electrica,medio,13,506.7
96,1,1977,bomba_calor,bajo,3.7,283.2
71,6,1998,gas,alto,20.6,380.3
122,4,1993,electrica,alto,19.1,313.8
75,1,1972,gas,medio,19.6,170.7
91,1,2005,electrica,medio,20.4,184.7
45,3,1987,bomba_calor,medio,14.3,241.9
167,1,2015,bomba_calor,medio,12.3,319.2
147,6,1977,gas,alto,16.2,453.5
197,1,1992,gas,bajo,4.5,289.2
148,6,2005,bomba_calor,alto,14.6,502.3
104,4,1961,bomba_calor,bajo,21.1,304.8
199,6,1961,gas,medio,22.5,484.9
89,3,1984,electrica,medio,12.1,371
47,5,1991,bomba_calor,alto,23.7,331.8
129,2,1981,bomba_calor,alto,10,301.8
147,6,2001,gas,bajo,7.3,417.6
193,6,1985,gas,medio,6.9,495
115,5,2018,gas,medio,14.2,415.9
117,2,1991,gas,bajo,5.6,263.2
60,2,1976,bomba_calor,bajo,15.2,219
135,4,2009,bomba_calor,medio,6,444.5
123,3,1993,gas,bajo,3.1,301.9
102,6,2010,electrica,medio,15.8,431.5
88,4,1967,bomba_calor,bajo,9.5,389.7
98,6,1997,electrica,bajo,14,445.5
214,4,2006,electrica,alto,13.2,496.1
201,4,1972,gas,bajo,2.2,402
110,3,2011,electrica,medio,17.6,259.8
147,1,1972,bomba_calor,bajo,22.7,264.1
162,6,1982,electrica,bajo,20.9,452.4
210,2,1985,electrica,alto,18,342.5
195,3,1971,gas,medio,10,375.1
146,4,1972,gas,alto,6,381.1
137,4,1960,gas,medio,7.7,378.7
106,3,1992,bomba_calor,medio,7.1,345.1
63,6,2011,bomba_calor,medio,4.5,390.4
47,5,2000,electrica,medio,21,351
124,3,1984,bomba_calor,medio,8.6,333.6
99,3,2009,bomba_calor,bajo,3.2,383.6
190,6,1962,bomba_calor,alto,12.2,453.8
134,3,1997,gas,bajo,3.7,303.7
92,3,1980,gas,bajo,3.6,248.1
98,6,1984,electrica,medio,12.8,503.7
149,6,2007,bomba_calor,alto,15.5,477.5
68,5,1999,gas,alto,8.6,351.5
111,2,2013,gas,medio,2.8,279.1
192,1,1998,electrica,bajo,2.6,812
94,6,2011,gas,alto,10.8,377.4
98,1,1981,bomba_calor,bajo,5.1,252.5
76,3,1983,electrica,alto,6.7,320.2
109,2,1995,bomba_calor,alto,14,252.7
113,6,2001,electrica,alto,3.6,508.5
50,5,1991,gas,alto,3.4,354.3
103,6,1992,gas,medio,18.1,428.9
89,4,2008,gas,alto,3.2,325.6
123,6,1983,bomba_calor,bajo,12.2,499.1
114,3,1965,bomba_calor,medio,13.6,283
95,3,1967,gas,bajo,9.7,282
47,6,1977,electrica,alto,9.5,374.3
217,5,1989,bomba_calor,medio,16.3,528.8
136,5,1968,electrica,bajo,10.7,545
117,1,1979,bomba_calor,bajo,5.9,291.3
127,1,2019,gas,alto,11.2,186.1
159,2,1984,gas,medio,13,299.8
162,2,1969,bomba_calor,bajo,9.6,345
95,3,1981,bomba_calor,bajo,13.1,327.1
113,5,1986,gas,alto,11.1,355.3
172,3,1975,gas,alto,10.1,367.9
136,5,1994,gas,bajo,17,412.8
186,4,2004,gas,medio,11.2,395.5
129,4,1966,bomba_calor,medio,20,317.4
126,6,2007,bomba_calor,medio,23.5,427.5
169,5,1987,gas,alto,20.3,411.3
92,3,2005,gas,alto,5.9,261.9
140,5,1985,gas,bajo,16.7,378.3
174,5,1968,gas,medio,19.8,409.8
90,6,2009,bomba_calor,medio,3.4,409.9
176,3,1996,electrica,bajo,4.9,745.4
114,6,1999,gas,alto,23.2,449.1
140,1,2006,electrica,bajo,5.4,560.3
199,3,1978,bomba_calor,alto,14.6,385.2
61,2,2011,gas,medio,22.2,205.3
72,1,1964,electrica,alto,10.3,216.9
190,4,1989,electrica,bajo,18.9,380.4
155,5,1971,bomba_calor,bajo,12,478.8
123,4,1967,gas,alto,13.1,368.2
90,6,1960,gas,medio,20.6,362.1
151,2,1984,bomba_calor,bajo,15.7,297.1
63,1,1994,gas,bajo,21.7,130.3
77,2,2008,gas,alto,20.1,236.4
87,4,1978,electrica,alto,21.8,333.6
144,2,1969,electrica,bajo,18.7,272.5
129,1,1993,bomba_calor,medio,9.5,220.8
84,4,1990,electrica,medio,18.5,316.8
189,2,1986,gas,bajo,22.5,309.7
73,2,1962,electrica,bajo,7.4,385.7
97,6,1962,gas,medio,16.9,397.9
210,4,1968,electrica,alto,21.1,408.8
75,3,1977,electrica,medio,23,255.5
219,2,1990,gas,bajo,11.4,368.7
179,3,2003,bomba_calor,alto,18.9,341.9
126,6,1987,electrica,medio,22.4,462.1
61,4,1981,gas,alto,3.3,322.8
144,6,1961,electrica,medio,20.8,502.4
145,4,2010,electrica,alto,22.5,374.7
106,1,1983,electrica,alto,3.6,321.6
140,3,1976,gas,medio,20.4,263.7
157,2,1993,electrica,bajo,4,658.9
109,1,1970,gas,bajo,2.1,204.7
205,5,1991,bomba_calor,bajo,18.3,468.8
116,2,1975,bomba_calor,medio,14.3,250.4
121,1,1986,gas,bajo,18.4,184
77,3,2016,bomba_calor,bajo,5.8,299
84,6,1989,bomba_calor,alto,8.5,436.8
57,2,2006,gas,medio,7.7,222.1
115,1,1966,gas,bajo,7.2,216.5
85,3,1978,bomba_calor,bajo,4.8,332
217,3,2017,electrica,alto,9.8,521.3
97,4,1992,bomba_calor,alto,16.7,306.5
81,4,2021,gas,bajo,9.4,313.9
185,1,1997,electrica,alto,21.6,262.6
87,5,2016,bomba_calor,medio,3.3,422.4
111,2,2004,bomba_calor,bajo,14.4,273
73,2,1983,gas,alto,10.9,216
42,6,1984,bomba_calor,alto,17.1,351.5
120,4,1987,gas,alto,4.6,315.4
116,1,1973,gas,alto,8.2,192.9
152,2,2007,electrica,medio,7.7,478.1
190,3,2001,gas,alto,19.3,338.2
115,5,2006,gas,medio,7.1,347.7
96,3,2002,bomba_calor,alto,22.8,249.9
67,3,1981,electrica,bajo,13.6,336.2
67,5,1966,bomba_calor,alto,6.4,406
62,6,1986,gas,bajo,2.5,400
96,2,1996,gas,alto,8.3,206.4
182,5,2003,electrica,bajo,2.4,904.5
52,2,2012,gas,bajo,21.8,196.9
109,2,1995,gas,medio,16.4,238.2
71,2,1967,electrica,medio,17.4,245.2
156,1,2006,gas,bajo,3.5,234.1
50,4,2021,bomba_calor,alto,22.5,269
150,3,1963,bomba_calor,alto,4.9,345.9
191,1,2005,gas,alto,18.9,243.3
174,6,1982,bomba_calor,alto,3.3,487
137,6,2020,bomba_calor,medio,19,462.7
76,4,1977,bomba_calor,bajo,6.6,366.3
90,6,2022,bomba_calor,medio,14.3,408
177,6,2018,gas,alto,8.3,491.7
140,4,2002,electrica,alto,8,490.7
78,4,1992,bomba_calor,bajo,5.8,352.1
175,3,2010,gas,medio,21.4,338.2
148,1,1975,gas,alto,6.6,254
133,1,2016,electrica,medio,21.5,239.3
116,6,1972,electrica,alto,20.8,382.6
168,6,2002,gas,bajo,9.4,476.7
54,3,2019,electrica,medio,7.1,270.4
80,5,2002,electrica,medio,19.7,359.6
215,4,1988,bomba_calor,medio,21,451
69,4,1978,gas,alto,22.8,268.2
168,3,2012,gas,alto,17.1,310.8
198,4,2012,electrica,medio,6.2,719.1
73,4,1979,bomba_calor,medio,8.4,348.9
188,3,1970,gas,alto,17.9,333.9
47,5,1974,electrica,alto,22.3,333
79,1,1997,gas,medio,21.2,164.5
205,6,1977,electrica,medio,12,669.3
142,1,1989,bomba_calor,alto,11.8,196.1
72,4,1977,gas,alto,6.6,294
71,5,2013,electrica,alto,2.8,361.6
97,6,2004,gas,medio,7.7,460.4
42,4,1965,bomba_calor,alto,6.8,296
172,1,2020,bomba_calor,medio,5.5,324.1
83,2,1968,electrica,medio,21.6,225
80,3,2011,electrica,bajo,13.9,335.4
148,2,1976,bomba_calor,medio,9.2,329.1
205,3,2007,bomba_calor,bajo,12.1,414
114,3,1993,gas,alto,2.9,320.8
41,5,1961,electrica,medio,19.4,317
136,5,1985,bomba_calor,alto,19.3,357
170,5,1977,bomba_calor,alto,8.7,481.4
165,5,1985,bomba_calor,bajo,15.7,451.1
117,3,2004,gas,alto,5.6,288.3
75,2,1967,bomba_calor,medio,12,189.9
162,1,2001,bomba_calor,medio,23.2,260.2
125,5,1978,gas,medio,19.7,379.4
182,5,1979,bomba_calor,alto,12.7,449.2
77,1,2013,gas,alto,10,151.3
220,2,1998,gas,alto,2.7,349.4
160,3,2012,electrica,medio,14.2,371.9
118,1,2016,electrica,alto,2.7,328.5
60,1,2003,bomba_calor,alto,7,185.1
154,6,1967,electrica,alto,4,564.7
82,4,1983,bomba_calor,alto,5.6,339.4
49,4,1992,electrica,alto,22.6,315.7
57,1,1967,electrica,bajo,20.8,157
115,2,1969,gas,medio,22.3,228.1
99,6,1984,electrica,medio,15.3,451.4
201,4,2017,electrica,medio,22.2,422
178,2,1970,bomba_calor,alto,18.7,284.4
159,6,1996,bomba_calor,alto,3.9,476.1
167,4,1973,bomba_calor,alto,21.2,335.3
95,3,1981,gas,bajo,13.1,275.7
52,1,2021,bomba_calor,alto,23.6,143.2
111,6,1985,gas,alto,3.8,451.8
145,2,1999,gas,medio,19,275.9
201,1,1964,electrica,alto,22.9,264.2
196,3,2009,bomba_calor,alto,14.4,365
116,6,1982,bomba_calor,bajo,15.9,405.2
78,1,1983,electrica,bajo,17.9,176.5
49,2,1991,bomba_calor,medio,13.7,208.4
137,3,1987,bomba_calor,alto,13.8,331.4
205,2,1973,electrica,medio,7.1,669.9
84,2,1962,electrica,medio,13.1,291.7
84,4,1995,electrica,alto,13.4,357.4
59,2,1983,gas,medio,18.7,198.2
101,4,2003,bomba_calor,alto,12.3,320.4
105,5,1976,electrica,bajo,19.4,358.1
214,3,1963,gas,medio,2.1,361.6
106,5,1985,electrica,medio,4.6,617.7
139,1,1972,gas,medio,5.2,263.4
167,4,1963,bomba_calor,medio,15.7,414
102,1,2015,bomba_calor,alto,3.6,208.5
135,6,1992,bomba_calor,bajo,6,536.3
120,4,1988,bomba_calor,bajo,21,307.7
170,2,2022,electrica,alto,21.2,290.9
54,4,1977,bomba_calor,bajo,9.5,318.2
101,4,1979,bomba_calor,medio,22.3,305.6
175,4,1975,gas,medio,17.9,410.8
137,5,2011,gas,bajo,13.6,393.2
49,4,2011,bomba_calor,alto,5.2,263.9
144,2,1990,gas,bajo,21.8,266.8
131,1,2002,gas,bajo,24,186.6
164,3,1962,gas,medio,14.4,306.3
55,5,1998,bomba_calor,alto,7.7,301.4
113,4,2001,gas,medio,3.7,341.8
202,6,2021,gas,alto,11.3,531.3
93,4,1970,bomba_calor,medio,21.4,286.3
181,4,1966,electrica,medio,12.5,570.8
103,6,2008,bomba_calor,alto,8.2,486.2
202,1,1993,gas,bajo,5.6,295.9
86,1,1986,bomba_calor,alto,19.2,161.3
138,5,2005,bomba_calor,bajo,13.4,398.5
91,4,1965,gas,alto,3.5,311.6
160,3,1990,electrica,alto,5.3,474.6
46,2,2022,bomba_calor,alto,6.9,178.6
53,3,2019,bomba_calor,alto,13.3,238.4
105,5,1988,electrica,medio,13.1,442.7
166,1,1968,gas,medio,16.5,235.5
185,2,1970,electrica,alto,3.9,489.9
153,2,2019,electrica,alto,17.2,268.7
87,4,2008,electrica,bajo,19,276.8
114,1,1974,gas,medio,12.3,173.4
148,6,1970,bomba_calor,bajo,14.4,488.8
209,6,2017,gas,medio,10.3,518.3
96,5,1964,electrica,medio,11.4,437.7
100,5,2015,bomba_calor,bajo,19,384.5
170,3,2014,electrica,medio,3.3,653.9
103,5,1982,gas,alto,17.9,363.2
72,6,2021,electrica,bajo,9.5,493.9
173,5,1994,gas,alto,13.8,408.1
169,5,2022,electrica,alto,20,437.6
111,1,1980,bomba_calor,alto,18.3,201.8
190,2,1973,gas,alto,21.1,317.5
80,4,1999,electrica,bajo,16.2,314.6
190,1,2020,gas,bajo,6.9,307
149,6,1968,bomba_calor,medio,20.5,425.7
139,3,1988,bomba_calor,alto,15.6,323.3
153,6,1976,electrica,bajo,3.3,903.4
159,3,2010,bomba_calor,alto,7.6,366.4
92,1,1995,gas,medio,10.6,204.4
85,6,1987,gas,alto,4.4,447.4
115,4,1997,gas,alto,21.7,320.5
71,1,1976,bomba_calor,bajo,23.1,143.5
163,1,1986,electrica,bajo,12.2,435.6
78,6,1961,bomba_calor,medio,11.7,392.7
190,1,1978,bomba_calor,medio,4.7,403.8
160,6,2010,gas,alto,8.1,491.7
148,1,2008,bomba_calor,bajo,11.1,266.4
197,6,1993,gas,bajo,17.9,451.4
61,4,1996,bomba_calor,medio,19.7,282.5
69,2,1996,electrica,medio,10.8,252.4
60,6,1967,bomba_calor,alto,18.6,382.9
87,6,2006,bomba_calor,bajo,20.5,400
71,2,1976,electrica,alto,8.4,243.6
166,5,1974,gas,bajo,11.2,393.5
118,1,1969,gas,bajo,20.1,196
108,3,2011,gas,bajo,17.3,270.2
90,1,1966,bomba_calor,alto,7.6,215.3
164,3,2018,electrica,alto,20,360.3
100,1,2016,bomba_calor,medio,7.1,251.9
217,3,1995,gas,bajo,5.7,393.2
47,4,1969,electrica,alto,20.6,254.7
166,4,2013,gas,alto,5,400.2
144,5,1973,gas,bajo,14.3,388.3
181,2,1960,bomba_calor,bajo,6,449.2
191,4,2017,electrica,medio,23.1,396.7
43,2,2019,electrica,alto,16.3,177.6
85,5,1978,gas,alto,21.7,378.9
95,6,2005,electrica,bajo,21,354.4
116,2,2008,electrica,medio,21.1,282.3
124,5,2000,electrica,alto,17.5,369
97,3,1986,electrica,medio,18.4,299.7
112,5,1990,bomba_calor,medio,3.1,448.1
209,6,1970,gas,alto,13.6,474.3
195,6,1976,gas,alto,22.1,462.4
40,2,1964,electrica,alto,21.1,149.9
138,2,1992,bomba_calor,medio,2.3,327.9
196,5,1997,bomba_calor,alto,13.9,496
64,6,1996,gas,bajo,15.2,362.8
124,6,2001,bomba_calor,bajo,21.6,448.6
73,1,1968,electrica,bajo,18.5,182.3
147,6,2006,electrica,medio,21.4,459.5
182,3,1985,gas,medio,20.3,339.2
176,5,2022,gas,bajo,16.9,456.3
83,5,2021,electrica,alto,23.7,353.1
155,3,2020,electrica,bajo,6.9,611.1
119,1,2020,bomba_calor,bajo,16.8,205.3
47,6,2012,electrica,bajo,22.6,333.1
119,3,1987,gas,alto,19.4,315.5
137,1,1969,electrica,bajo,14.7,310.4
77,1,2022,gas,medio,2,143.6
176,2,1967,electrica,alto,13.6,337.3
168,5,1971,gas,bajo,20.7,378.6
80,5,2000,gas,bajo,8.2,340
56,2,1971,bomba_calor,medio,17.9,188.1
154,2,2010,electrica,alto,9.4,391.3
126,6,1977,electrica,medio,20,474
113,5,1973,gas,bajo,13.9,426.6
52,2,2007,gas,alto,14.1,178.6
112,3,1975,electrica,alto,20.8,273.2
115,6,1989,bomba_calor,medio,4.7,502.4
71,6,1986,bomba_calor,alto,23.7,385.4
193,6,1989,gas,alto,17.1,427.9
196,1,2008,electrica,medio,9.5,508
113,3,1988,gas,medio,16.8,274.4
218,1,2009,bomba_calor,bajo,18.6,286.6
192,5,1976,gas,medio,16.7,457.9
54,3,1961,gas,alto,10.1,219.9
197,4,1968,electrica,alto,16.6,395.6
67,3,1962,electrica,alto,14.6,242.8
145,5,1968,electrica,medio,15,505.1
57,4,1989,electrica,bajo,2,438.1
208,2,1993,electrica,alto,2.1,580.9
131,6,2019,gas,bajo,7.1,455.3
108,5,1996,bomba_calor,alto,11.6,359.7
147,6,2011,gas,medio,8.1,450.1
179,4,1970,electrica,alto,17.1,422
155,2,1994,bomba_calor,alto,17.2,278.9
153,1,2005,bomba_calor,bajo,13,232.3
156,4,1996,gas,alto,9.5,426.3
149,5,1999,electrica,alto,3.2,568.3
207,3,2019,gas,bajo,14.6,360.9
209,4,1970,bomba_calor,medio,7.1,522.5
125,4,2020,gas,medio,14.3,388.3
175,3,1967,electrica,alto,10.5,413.7
109,3,1986,bomba_calor,bajo,12.8,348.2
68,4,1984,gas,medio,5.7,288.3
175,4,2007,electrica,bajo,10.6,624.5
140,1,1960,bomba_calor,bajo,16,226.2
74,1,1983,electrica,bajo,8.3,280.8
188,6,1966,bomba_calor,bajo,14.6,546.4
127,6,2012,gas,medio,15.8,431.4
131,1,1990,bomba_calor,medio,13.8,249.3
142,6,1998,electrica,bajo,22.1,455.9
55,5,1961,bomba_calor,bajo,5,408
216,3,2019,electrica,bajo,10.9,609.9
160,6,1967,electrica,bajo,3.9,906.2
210,2,1988,bomba_calor,alto,18.8,289.6
153,1,1994,electrica,medio,11.5,351.3
83,1,1990,electrica,medio,15.9,177.6
70,4,2000,electrica,medio,8.7,392.1
86,2,2006,electrica,medio,9.9,307.4
179,5,2005,electrica,bajo,21.1,450.9
99,3,2012,gas,alto,3.4,305.3
106,5,2018,bomba_calor,medio,22,354.2
163,4,1977,gas,bajo,12.8,351.3
216,4,2006,electrica,alto,11.3,555.5
78,3,2008,bomba_calor,alto,9.6,223.5
219,3,1993,gas,bajo,19.3,360.7
77,1,2022,gas,bajo,14,196
186,2,2010,electrica,alto,19.8,285.9
88,3,2002,gas,medio,5.4,298.9
40,5,1981,electrica,alto,12.1,357.9
188,6,1973,bomba_calor,alto,6.8,499.1
121,3,1996,gas,alto,3.8,266.4
199,1,1971,gas,medio,12.3,287.6
42,1,1968,bomba_calor,bajo,7.7,190.5
205,1,1991,gas,medio,10.1,284
57,5,1960,gas,alto,20.2,371.8
87,3,1969,electrica,bajo,12.3,339.8
210,1,1994,bomba_calor,medio,16.8,268.2
60,4,1984,bomba_calor,bajo,10.8,315.6
128,1,1964,electrica,medio,11.6,332.4
77,6,2017,electrica,alto,12.7,466.1
45,5,1962,bomba_calor,medio,13.1,294.4
148,3,2009,bomba_calor,alto,9.5,330.2
97,3,2002,gas,bajo,16.7,259.1
85,2,2004,electrica,medio,23.2,202.5
199,1,2020,bomba_calor,alto,11.6,268.6
40,6,1988,gas,alto,7.7,333
98,6,2019,gas,alto,14.2,380.9
186,1,1995,gas,medio,18,226.8
55,2,2004,electrica,bajo,9.1,311.3
87,2,2016,bomba_calor,alto,14.7,198.2
171,5,1980,electrica,medio,10,631.1
118,5,1988,gas,alto,10.9,365.4
194,1,2016,gas,bajo,2.6,310.8
92,5,2015,gas,medio,17.5,359.7
215,4,1983,gas,alto,5.6,410.5
165,3,1974,gas,bajo,8.2,327.6
83,6,2020,electrica,bajo,22.7,416.2
164,4,1996,gas,medio,6.5,429
119,1,1977,electrica,bajo,3.8,542.6
202,1,1991,electrica,medio,8.6,517
169,1,2011,gas,bajo,15.3,223.9
189,5,1992,bomba_calor,bajo,9.5,563.9
140,1,1970,gas,medio,5.3,208
165,4,1970,electrica,alto,21.7,358.7
86,1,1969,bomba_calor,alto,13.6,189.5
58,3,1985,electrica,medio,18.8,231.4
85,5,1978,gas,alto,8.7,356.8
195,5,1969,electrica,medio,20.4,421.5
48,2,1965,bomba_calor,bajo,8.2,203.2
165,1,2015,gas,alto,16.8,230.5
160,4,1960,electrica,medio,4.1,632.6
123,5,2016,electrica,bajo,7.7,665.7
97,4,2009,bomba_calor,alto,19.5,330.4
112,6,1977,bomba_calor,alto,15.2,438.2
60,4,1969,electrica,medio,11.6,385.4
190,4,1960,gas,medio,17.5,405.1
82,3,1966,electrica,bajo,3.1,473
194,6,1998,bomba_calor,medio,2.6,606.5
59,2,2007,gas,medio,6.7,197.8
165,3,1987,gas,bajo,18.9,346.3
115,2,1997,bomba_calor,alto,16.7,240.4
66,4,2020,gas,alto,7.4,294.5
86,6,1986,gas,bajo,11.8,382.4
120,6,1993,gas,medio,22.7,435
140,1,2011,bomba_calor,alto,4.2,269
86,4,1998,gas,alto,6.2,307.2
162,4,2011,electrica,bajo,20,364.5
183,6,1982,electrica,medio,20.8,514.2
86,5,1979,electrica,alto,5.6,463.8
185,6,1976,bomba_calor,medio,11,519.3
96,2,1989,bomba_calor,bajo,9.2,226.6
144,3,2010,bomba_calor,medio,22.9,307.1
85,4,1996,bomba_calor,medio,19.8,313
143,3,1962,gas,bajo,20.3,287
100,6,2019,gas,alto,7.5,450.9
94,6,1985,electrica,bajo,19.7,410.6
193,4,2001,bomba_calor,medio,9.2,474.2
152,4,1986,bomba_calor,bajo,8.8,418.9
129,2,1993,bomba_calor,alto,12,286.9
135,4,1982,bomba_calor,bajo,2,511.8
212,4,1981,bomba_calor,medio,4.9,544.4
74,4,1988,bomba_calor,bajo,11.5,312.9
173,4,1967,bomba_calor,medio,5.3,442.2
69,5,2014,electrica,medio,21.2,380.8
169,5,2001,bomba_calor,bajo,22.5,410.7
179,6,1989,bomba_calor,bajo,22.9,455.2
72,6,2021,electrica,medio,19.6,356.9
184,3,1974,bomba_calor,alto,21.9,325.8
181,4,1978,gas,bajo,7.4,435
113,4,2005,gas,medio,4.1,362.6
170,3,1967,electrica,medio,7.2,524.4
79,3,2001,gas,medio,8.3,292.3
112,4,1991,bomba_calor,bajo,12.4,405.7
170,5,2004,electrica,bajo,4,786.5
150,2,1962,electrica,medio,12.9,402.2
57,5,1970,gas,bajo,11.2,338
154,6,1997,bomba_calor,bajo,2.8,616.2
166,6,2015,bomba_calor,bajo,4.3,559
212,1,1969,bomba_calor,alto,14.8,253.4
176,6,1961,bomba_calor,bajo,21.6,524.3
185,1,1978,electrica,bajo,13.2,419.2
54,6,1979,electrica,medio,16.2,365.6
69,6,2008,bomba_calor,medio,16.4,419
159,5,2006,electrica,alto,6.1,593.5
158,6,1995,electrica,alto,5.2,585
171,6,2000,electrica,medio,15.3,560.4
146,2,2014,bomba_calor,alto,7.8,303.1
165,1,1988,electrica,medio,23.5,213.5
62,3,2016,bomba_calor,medio,17.6,282.3
75,3,1995,bomba_calor,bajo,9.8,270.2
67,5,1978,gas,alto,14,319.7
217,1,1985,electrica,medio,14.7,370.9
154,1,1972,electrica,bajo,10.6,453.2
88,1,2011,electrica,alto,6.4,247.2
100,5,2001,electrica,alto,20.5,343.8
120,5,1977,electrica,bajo,2.5,759.6
125,3,2016,bomba_calor,alto,20.5,272.2
148,5,2020,electrica,alto,2.6,622.4
112,3,1979,gas,alto,9.4,302.5
155,2,2014,bomba_calor,medio,10.2,310.9
107,4,1995,bomba_calor,bajo,24,335.2
50,4,1994,electrica,alto,10.5,329.9
73,4,1985,electrica,medio,18.3,293.8
61,2,1966,electrica,bajo,5.6,353.9
143,4,1986,bomba_calor,alto,11.7,415.2
203,3,2016,electrica,medio,7,655.9
102,3,1962,electrica,bajo,17.5,266.2
82,5,1972,gas,medio,12.1,323.3
186,6,1977,bomba_calor,medio,14.4,487.3
67,4,2008,bomba_calor,medio,7.6,303.1
97,6,2006,electrica,alto,2.6,495.9
101,2,2001,gas,alto,9.7,240.7
62,5,2019,electrica,bajo,21.9,308.5
132,2,2010,bomba_calor,bajo,17.4,232.2
50,1,1964,electrica,bajo,11.6,168.1
167,1,1983,gas,bajo,21,233.9
204,2,1996,gas,alto,22.3,323
99,1,1991,gas,alto,11.3,205.6
61,4,1966,bomba_calor,bajo,7.5,300.4
116,4,1967,bomba_calor,alto,16.1,354
111,6,2009,electrica,alto,10.8,445.4
63,1,1985,gas,bajo,10.3,176.1
109,4,1995,gas,medio,8.5,347.2
196,6,1975,gas,alto,23.2,458.9
180,4,2015,gas,alto,18.8,354.4
112,1,1972,bomba_calor,alto,21.9,187.7
98,3,1986,electrica,bajo,10.9,418.6
134,5,1994,electrica,medio,10.1,512.6
55,1,2006,electrica,alto,23.2,161.3
99,3,2015,electrica,alto,20.3,266.5
102,3,1995,electrica,alto,3.1,377.7
188,5,1975,electrica,bajo,20.9,457.8
135,5,1962,electrica,bajo,18.6,429.2
147,3,2002,bomba_calor,bajo,20.7,301.7
52,1,1998,electrica,alto,19.9,141
124,1,1962,bomba_calor,alto,5.4,280
183,2,2014,gas,alto,15.7,277.1
190,1,1994,gas,bajo,4.5,322.9
144,4,1996,electrica,alto,11.8,445.8
115,3,2020,electrica,alto,5,378.1
182,5,2003,gas,medio,8.4,437.6
174,4,1983,electrica,medio,21.1,414.9
197,1,1977,bomba_calor,bajo,15.7,275.7
85,3,2015,bomba_calor,alto,15,291.5
136,5,1977,gas,bajo,23.8,435.4
77,3,2012,gas,bajo,16.7,234.1
82,2,2011,bomba_calor,alto,2.2,255.3
124,3,2012,gas,alto,15.7,268.3
82,5,1971,gas,alto,7.9,382.4
79,1,1963,bomba_calor,bajo,5.1,235.2
219,2,1972,bomba_calor,bajo,23.7,355.7
66,5,1999,bomba_calor,medio,8.3,352.5
156,4,2018,gas,alto,3.5,406.1
141,5,1961,bomba_calor,bajo,6.9,530.7
74,3,2014,gas,bajo,5.1,280.8
198,3,1968,gas,medio,11,330.7
60,3,2007,bomba_calor,alto,23.8,257.8
118,2,2020,gas,medio,12.9,285.7
165,1,1984,electrica,bajo,21.4,238.3
194,1,1989,bomba_calor,alto,4.2,316.4
202,5,2000,bomba_calor,medio,16.7,415.6
133,3,1995,electrica,medio,5.3,498.2
107,5,1963,electrica,bajo,11.5,464.8
68,4,1992,gas,alto,11.3,273.2
207,6,1994,bomba_calor,alto,17,550.6
71,4,2009,gas,alto,19.9,273.3
201,5,1970,bomba_calor,bajo,13,452.5
110,5,1984,electrica,alto,14.3,428.1
205,6,2014,electrica,medio,20.9,543.9
168,4,1979,gas,alto,12.6,346.9
124,3,2001,gas,alto,14.6,279.9
198,6,1991,bomba_calor,bajo,6.5,599.1
219,5,1980,gas,alto,18.9,468.3
207,1,2008,gas,bajo,16.5,274.4
161,5,1987,electrica,bajo,6.7,764.1
164,2,2008,bomba_calor,alto,11.7,332.2
209,5,1976,bomba_calor,alto,18.9,410.4
161,6,2011,bomba_calor,medio,18.3,446
74,6,2004,electrica,medio,18.3,386.3
186,2,1966,electrica,medio,11.5,494.5
159,4,2002,electrica,alto,24,387.3
58,6,2000,electrica,bajo,18.5,406.6
92,4,1967,gas,alto,2.5,307.3
100,1,1971,bomba_calor,alto,4.5,237.7
205,1,1971,electrica,medio,3.5,627.8
70,6,1975,gas,bajo,15.6,379.6
163,2,1987,electrica,medio,2.4,678.2
65,4,1972,electrica,medio,13.7,314.6
68,6,1966,electrica,bajo,18.8,399.2
184,2,1980,bomba_calor,bajo,2.6,481.3
104,1,1996,electrica,bajo,23.6,170.5
72,4,1983,bomba_calor,bajo,23.3,264
63,1,1993,electrica,bajo,23.1,148.7
194,5,1980,bomba_calor,medio,14.3,439.2
211,3,2009,electrica,bajo,5.3,791.1
123,2,1988,gas,medio,22.4,242.5
145,5,2002,electrica,medio,12.2,521.9
84,4,1963,bomba_calor,bajo,5.5,370.9
144,2,1994,bomba_calor,alto,21.6,277.7
107,4,2020,bomba_calor,medio,9.9,327.1
168,5,1980,electrica,bajo,5.4,816
167,5,1996,gas,bajo,12.1,460.8
171,5,1977,electrica,bajo,2.5,973.8
206,6,2007,bomba_calor,alto,6.2,607.4
139,6,2011,gas,alto,12.3,427.7
159,1,1961,bomba_calor,medio,6.7,288.3
43,6,1993,gas,bajo,4.8,386.6
99,1,1986,electrica,bajo,21.7,158.3
153,1,2019,electrica,bajo,15.8,252.4
135,6,1977,gas,medio,8,441.1
124,6,2003,bomba_calor,bajo,8.2,527.7
83,2,2007,bomba_calor,medio,16.8,240.9
159,4,1993,bomba_calor,bajo,11.3,431.3
81,4,1971,bomba_calor,medio,3.5,339.2
205,2,2014,bomba_calor,bajo,7.7,411.3
128,6,1976,bomba_calor,alto,4,490.2
125,2,1987,electrica,medio,4.3,481.1
156,6,1999,gas,alto,17.4,488.3
219,1,1971,gas,alto,15.2,293.1
191,3,1970,gas,medio,12.7,363.1
89,2,1998,bomba_calor,medio,22.4,241.7
140,3,2013,bomba_calor,alto,3.5,347.4
156,5,1971,gas,medio,7.7,416.9
121,1,2005,bomba_calor,medio,9.4,222.1
202,3,1968,electrica,medio,5.2,767.2
194,6,1983,electrica,alto,11,596.9
164,3,2017,electrica,bajo,22.9,330.3
210,6,2002,electrica,alto,17.1,471.2
50,5,1997,bomba_calor,medio,12.8,307.2
168,4,1994,gas,medio,4.9,424.6
47,3,1964,bomba_calor,bajo,17.1,216
187,4,2011,bomba_calor,medio,8,487.4
162,3,1976,electrica,medio,17.2,381.7
92,6,2000,gas,medio,13.2,402.8
139,4,1972,electrica,alto,22.5,310.3
63,1,2016,electrica,bajo,22.9,151.8
51,6,1987,electrica,medio,14.8,425.3
179,1,1967,electrica,bajo,17.6,231.2
128,1,2019,electrica,bajo,14.9,274.6
183,4,2015,bomba_calor,bajo,15.9,423.4
80,2,1986,electrica,alto,23.8,206
85,1,1973,electrica,alto,18.1,167.4
200,2,1990,gas,alto,7.7,340.8
164,5,1989,bomba_calor,medio,15.7,443.1
78,1,1985,gas,alto,19.1,166.9
207,1,2012,bomba_calor,bajo,22.6,285.4
140,6,1966,bomba_calor,medio,17.2,411.8
153,6,2010,bomba_calor,medio,9.2,488.5
189,3,2015,bomba_calor,medio,3.2,461
217,6,2012,gas,bajo,13.7,548.3
107,3,1975,gas,medio,7.5,279.9
217,3,2013,electrica,alto,7.7,546.8
165,3,1960,electrica,bajo,23.2,309.1
206,1,1980,gas,bajo,12.1,274.4
130,6,1991,electrica,bajo,17.5,446.3
147,6,2018,gas,bajo,12.3,478.4
191,2,1984,gas,medio,6.1,333.5
70,5,2019,bomba_calor,alto,6.8,368
205,1,1982,bomba_calor,alto,4,382.1
40,5,2001,gas,bajo,18.3,365.8
173,1,1997,electrica,medio,21.2,245
52,4,1970,gas,bajo,18.3,259.4
98,5,1994,electrica,medio,9.8,426.8
86,3,1984,bomba_calor,medio,4.3,320.3
196,5,1973,electrica,alto,16.7,460.3
180,1,1972,gas,alto,13.6,218.1
102,3,2015,bomba_calor,alto,13.4,281.3
192,1,2002,gas,alto,13.1,267.4
149,1,2006,bomba_calor,bajo,10.8,264.1
207,2,1966,bomba_calor,medio,3.3,474.1
151,4,2004,gas,bajo,15.4,328.6
204,6,1982,bomba_calor,bajo,20.8,511.3
129,4,1978,electrica,alto,17.9,367.5
177,5,2004,gas,medio,13.2,452.1
44,6,1970,bomba_calor,alto,5.2,391.9
134,3,1961,bomba_calor,alto,7,365.2
101,4,1994,electrica,bajo,8.9,469.1
56,5,1987,gas,medio,23.6,361.5
209,4,1990,bomba_calor,alto,12,473.3
192,3,1993,bomba_calor,bajo,20.5,313
194,2,1965,electrica,alto,12,394.6
124,5,1989,electrica,medio,2.2,603.4
205,4,2010,electrica,bajo,10.2,648.3
77,6,1979,bomba_calor,alto,9.8,415.1
93,5,2007,gas,bajo,6.5,402.2
200,3,2018,bomba_calor,bajo,20.2,334.5
125,4,1970,bomba_calor,alto,19,350.7
197,4,2003,gas,bajo,5.2,448.1
85,6,1979,bomba_calor,medio,20.3,360
149,5,2008,gas,medio,21.7,421.3
55,5,2015,gas,alto,12.2,382.8
197,5,2019,gas,alto,23,444.5
210,6,1960,bomba_calor,alto,4.7,605.8
207,1,2004,gas,bajo,11.2,296.5
53,4,1985,bomba_calor,alto,13.9,277.4
118,3,1990,gas,alto,18,265.4
172,3,1986,electrica,bajo,4.3,765.1
75,3,1998,gas,bajo,15.4,278.8
163,5,1971,gas,bajo,6.3,483.5
161,2,2011,electrica,medio,20,245.8
219,5,2015,bomba_calor,alto,22.3,438.5
135,2,2007,gas,bajo,9.5,298.6
86,6,2014,bomba_calor,medio,17.6,422.7
213,6,1968,electrica,bajo,14.1,713.2
76,4,1992,electrica,alto,5.6,362.8
58,6,2019,gas,alto,13.5,369
184,1,2010,gas,alto,21.2,262
219,2,1968,electrica,alto,15.6,358.4
204,4,1997,electrica,alto,3.5,595.7
70,1,1985,gas,medio,4.9,177.2
203,4,2009,gas,medio,12.4,374.7
45,5,2014,bomba_calor,alto,6.8,339.4
132,2,1989,bomba_calor,bajo,5.1,375.9
81,4,1986,electrica,alto,18.6,317.5
138,4,1976,electrica,medio,9.3,476.9
110,2,2020,electrica,bajo,22.5,221.6
201,3,2003,electrica,alto,12.7,412.6
196,5,1990,electrica,alto,5.5,613.2
201,1,1975,gas,alto,3.6,269.5
130,5,1987,bomba_calor,medio,15.1,393.2
107,2,1999,gas,bajo,17.1,248.5
182,1,2014,electrica,medio,23.6,220.2
220,1,1962,bomba_calor,medio,12.6,293.3
92,4,2016,gas,bajo,7.3,338.2
195,4,1999,gas,medio,11.3,423.1
115,1,2018,bomba_calor,alto,5.6,255.1
169,3,1999,electrica,medio,4.3,578.2
166,6,1995,electrica,alto,2.8,599.9
106,1,1967,electrica,alto,18.3,178.4
146,3,2014,electrica,alto,16.5,349.6
166,5,2005,bomba_calor,medio,18.8,418.4
175,1,1968,electrica,alto,10.8,363.7
50,3,1988,gas,medio,14.4,230.2
165,3,1969,electrica,bajo,22.5,335
206,1,2021,electrica,medio,18.3,286.1
116,5,1992,bomba_calor,bajo,7.2,449.8
88,3,1976,bomba_calor,alto,8.9,287.5
50,5,1983,gas,alto,10.7,336.4
181,1,2001,gas,medio,11.8,259.4
41,4,2000,gas,alto,21.8,286.9
87,1,1994,bomba_calor,medio,14.1,193.2
119,4,2017,electrica,bajo,4.5,578.1
169,3,1971,electrica,medio,14.9,351.9
95,5,1970,gas,bajo,19.5,372.1
144,5,1973,bomba_calor,medio,17.5,419.6
162,6,1975,bomba_calor,bajo,15.3,485.3
190,2,1985,bomba_calor,alto,19.8,282.3
76,2,2011,bomba_calor,alto,16.1,185.4
60,6,1984,bomba_calor,medio,2,408.2
215,1,2017,electrica,bajo,7.9,664.7
63,3,1992,bomba_calor,bajo,20.3,230.7
180,4,1998,electrica,alto,20.6,401.7
135,4,1988,electrica,bajo,20,359
77,3,2013,gas,alto,9.5,251.7
119,1,1996,gas,medio,5.6,222.5
169,4,2016,bomba_calor,medio,13.3,420.3
72,1,1991,gas,medio,14.9,167.8
