x1,x2,x3,x4,x5,x6,x7,x8,c1,c2,c3,objetivo
-0.178,-0.766,0.645,0.474,-1.391,-1.113,0.731,1.206,cat1_1,cat2_0,cat3_0,si
-0.373,1.683,0.26,-1.993,-1.185,-0.896,1.112,1.814,cat1_3,cat2_4,cat3_4,no
-0.795,1.675,-1.678,-1.837,-0.658,1.093,0.968,-0.42,cat1_3,cat2_4,cat3_9,no
1.324,-0.903,-0.029,-1.29,1.905,0.401,1.479,1.071,cat1_2,cat2_2,cat3_7,si
,-1.948,-1.285,-1.68,1.807,1.708,-1.305,-1.318,cat1_1,cat2_3,cat3_4,no
1.54,,0.393,0.208,-1.922,1.644,1.463,1.854,cat1_3,cat2_0,cat3_14,si
1.313,1.662,0.228,-1.229,-1.61,-0.013,1.972,1.369,cat1_0,,cat3_10,si
0.207,-1.476,0.51,0.42,-1.186,-1.088,-0.718,-1.348,cat1_3,cat2_2,cat3_0,si
0.996,-0.545,-1.004,-0.099,-1.086,-1.78,-1.586,1.834,cat1_0,cat2_4,cat3_14,si
-1.648,-0.879,-1.84,0.362,0.313,1.969,-0.548,0.055,cat1_2,cat2_4,cat3_13,no
-0.655,-0.308,-0.301,-1.505,-1.326,-0.618,-1.718,-0.206,cat1_1,cat2_1,cat3_3,no
-1.127,1.488,1.743,1.545,0.837,-1.322,-0.843,-0.422,cat1_3,cat2_3,cat3_4,no
1.033,-1.225,1.894,-1.403,-1.605,-0.631,-1.562,-1.48,cat1_0,cat2_1,cat3_0,si
-0.483,-1.675,-0.366,-0.652,-0.033,0.188,0.213,1.416,cat1_1,cat2_2,cat3_2,no
0.959,0.945,-1.486,0.834,0.781,0.015,-1.501,1.941,cat1_2,cat2_3,cat3_7,no
0.973,1.533,-1.941,1.998,0.192,-1.32,-0.749,1.731,cat1_2,cat2_5,cat3_13,no
-1.465,-0.602,0.682,-0.307,1.369,-0.672,-1.272,0.725,cat1_3,cat2_4,cat3_3,no
,0.526,0.031,1.807,-0.585,-0.33,1.861,1.742,cat1_3,cat2_3,cat3_12,no
-1.115,-1.558,-0.258,-1.521,0.207,-1.559,1.334,0.277,cat1_1,cat2_3,cat3_2,no
-0.464,-0.389,1.695,-0.878,-0.503,-0.472,-0.04,-1.235,cat1_2,cat2_2,cat3_0,no
1.842,0.603,1.122,-1.817,0.499,0.603,-1.255,-1.566,cat1_1,cat2_5,cat3_10,si
0.926,1.347,0.989,-1.361,-1.183,-1.107,-1.385,0.729,cat1_3,cat2_1,cat3_8,no
-0.385,-0.285,-0.468,-1.035,0.165,-0.335,0.554,-1.38,cat1_1,cat2_5,cat3_14,si
0.509,-0.052,-1.929,-0.303,0.867,1.021,0.907,-0.693,cat1_3,cat2_2,cat3_5,si
1.007,0.818,-0.765,-1.788,-0.399,-0.335,-0.693,0.065,cat1_3,,cat3_7,no
-1.679,-1.125,-1.626,0.936,1.444,-1.542,1.777,1.766,cat1_0,cat2_2,cat3_0,no
1.996,-0.836,-1.908,-0.145,1.023,1.841,0.335,-0.153,cat1_3,cat2_2,cat3_11,no
0.57,1.55,-0.43,0.084,1.571,-0.49,-1.699,1.365,cat1_1,cat2_0,cat3_0,si
1.339,1.708,0.93,-0.782,-0.487,0.956,0.328,1.168,cat1_1,cat2_5,cat3_14,no
-0.784,-0.768,-1.629,1.741,1.373,-0.807,-0.896,-1.253,cat1_1,cat2_2,cat3_5,no
-0.391,-0.541,-1.259,0.503,0.916,0.369,1.721,1.563,cat1_2,cat2_0,cat3_8,si
-1.218,1.573,-1.535,-1.595,1.56,0.954,-0.367,-0.297,cat1_3,cat2_3,cat3_7,no
0.787,-0.21,0.559,-0.395,0.982,1.802,1.126,-0.265,cat1_2,cat2_4,cat3_10,no
-0.487,0.698,-1.733,-0.382,-0.728,-1.739,-0.891,1.364,cat1_2,cat2_4,cat3_6,no
1.777,0.946,-0.39,-1.702,-0.871,-0.006,0.785,1.334,cat1_3,cat2_5,cat3_10,no
-0.735,-0.881,1.64,0.159,1.717,0.001,-0.473,-1.371,cat1_0,cat2_3,cat3_4,no
,-1.388,1.151,1.807,-1.098,-1.824,-0.349,-0.672,cat1_1,cat2_0,cat3_3,no
0.7,-0.455,0.836,1.095,1.982,-1.206,-1.091,1.73,cat1_2,cat2_1,cat3_5,si
-0.852,0.491,-1.696,1.849,0.89,-0.915,-1.048,-1.118,cat1_1,cat2_3,cat3_2,no
0.692,-1.724,1.95,-0.1,1.026,-0.282,1.291,1.826,cat1_2,cat2_2,cat3_9,si
,0.434,0.379,0.736,0.115,-0.606,1.327,0.146,cat1_3,cat2_3,cat3_6,no
1.52,-1.125,0.613,1.239,1.79,-0.96,0.05,-0.615,cat1_1,cat2_5,cat3_11,si
-1.544,-0.403,1.002,-0.837,1.728,-1.63,-0.539,1.327,cat1_0,cat2_4,cat3_2,no
-1.795,-0.402,-0.81,-0.452,-1.444,-0.369,0.347,-1.316,cat1_2,cat2_4,cat3_3,si
-0.508,1.011,-0.677,0.126,1.402,1.774,1.806,-1.054,cat1_1,cat2_4,cat3_10,no
1.916,,-0.412,0.105,1.253,1.668,1.644,1.239,cat1_0,cat2_1,cat3_13,si
-0.916,0.843,-0.754,0.55,0.117,0.148,1.623,0.007,cat1_1,cat2_4,cat3_13,no
0.876,1.978,-0.326,0.261,-1.137,0.149,0.42,-1.892,cat1_2,cat2_5,cat3_5,no
0.915,0.032,1.348,0.759,0.423,0.985,-1.557,-1.089,cat1_2,cat2_5,cat3_8,no
,-1.191,-0.377,1.658,-0.036,-0.75,-0.378,-1.152,cat1_3,cat2_2,cat3_9,no
1.12,-1.719,-1.244,-0.11,1.147,0.57,0.365,-1.69,cat1_2,,cat3_13,si
0.401,-0.431,0.309,-1.985,0.272,-1.219,0.043,-1.936,cat1_1,cat2_3,cat3_8,si
1.173,1.43,-0.132,1.665,-1.037,-1.95,1.315,1.896,cat1_2,cat2_1,cat3_3,no
0.23,1.886,0.78,1.712,0.041,0.911,0.239,-0.404,cat1_1,cat2_0,cat3_9,si
1.062,,0.481,-0.559,1.693,-1.253,-1.176,0.706,cat1_2,cat2_1,cat3_7,si
-0.801,0.971,0.268,1.343,0.185,-0.69,-0.554,1.081,cat1_3,cat2_1,cat3_13,no
1.644,-1.597,-0.712,0.087,-1.464,-1.579,1.331,-1.546,cat1_2,cat2_1,cat3_14,si
-1.304,1.734,1.345,1.15,1.727,1.522,-0.471,-0.807,cat1_1,cat2_0,cat3_7,no
1.161,,0.93,0.699,0.784,1.41,0.543,-1.876,cat1_2,cat2_2,cat3_14,no
0.087,0.1,-1.678,-1.586,-1.58,1.756,-0.103,-1.258,cat1_3,cat2_4,cat3_4,no
-0.751,1.177,1.757,-0.676,1.601,1.957,-0.471,0.425,cat1_2,cat2_2,cat3_9,no
-0.082,0.008,1.266,1.712,-1.258,-1.74,-1.878,-1.629,cat1_3,cat2_5,cat3_11,no
0.744,0.463,1.736,0.799,-0.946,-0.465,-1.039,-1.885,cat1_2,cat2_4,cat3_2,no
-0.393,0.848,1.786,-1.786,0.685,1.684,-0.782,-1.022,cat1_0,cat2_4,cat3_5,no
0.273,-1.171,0.144,1.578,1.2,0.486,-1.071,-1.611,cat1_0,cat2_0,cat3_0,no
-1.613,-0.771,-0.979,1.216,-1.187,1.602,1.614,0.616,cat1_0,cat2_1,cat3_3,no
-1.794,-1.703,0.386,1.351,-0.147,-1.457,1.502,0.784,cat1_2,cat2_2,cat3_4,no
-0.048,-1.761,0.646,-1.176,0.251,-0.61,-1.346,-1.338,cat1_3,cat2_4,cat3_13,no
1.074,-1.414,1.615,-1.202,-1.342,0.968,-1.696,0.148,cat1_1,cat2_4,cat3_10,si
-1.61,-1.792,1.713,-1.583,-1.284,0.896,1.448,-0.52,cat1_3,cat2_0,cat3_1,no
1.707,1.888,-1.725,-0.359,1.74,0.899,-0.318,1.482,cat1_3,cat2_1,cat3_2,si
-1.82,-1.013,0.538,1.4,0.169,-1.996,1.056,-1.057,cat1_0,,cat3_2,no
-0.873,0.821,0.749,0.251,-1.109,-0.148,1.335,-1.38,cat1_1,cat2_4,cat3_6,si
-1.534,0.755,-1.421,-1.586,-0.809,-1.802,1.845,0.732,cat1_1,cat2_4,cat3_14,no
-1.165,-0.076,-1.012,1.371,-0.398,1.4,0.246,-1.61,cat1_0,cat2_2,cat3_6,no
1.851,1.061,0.704,-1.207,0.522,0.321,-1.78,-0.875,cat1_1,cat2_3,cat3_10,no
0.509,1.366,-0.146,1.785,1.631,-0.198,0.644,-0.945,cat1_3,cat2_0,cat3_4,no
0.327,-1.487,-0.601,1.505,-1.046,0.726,-0.161,-1.647,cat1_3,cat2_5,cat3_9,no
1.988,0.093,-0.053,0.674,-0.884,0.096,1.616,1.315,cat1_1,cat2_4,cat3_3,si
0.888,-1.945,-1.955,-0.492,1.826,1.489,1.352,-1.67,cat1_0,cat2_0,cat3_6,si
-0.352,-1.671,-0.572,1.734,0.194,1.38,-0.668,-1.212,cat1_1,cat2_5,cat3_11,si
,,-0.944,-0.167,-1.176,-1.158,-0.692,-0.115,cat1_1,cat2_2,cat3_2,si
-1.303,0.153,0.166,1.948,0.137,0.299,0.965,1.444,cat1_1,cat2_2,cat3_10,no
-1.79,0.113,-0.544,0.043,1.054,1.885,0.329,0.413,cat1_0,,cat3_14,no
1.94,-1.446,1.602,-1.457,0.372,-1.745,-0.19,1.551,cat1_1,cat2_2,cat3_6,si
1.729,-1.467,0.828,0.495,0.013,0.849,-0.105,-0.31,cat1_0,cat2_0,cat3_13,si
1.59,-0.74,0.371,0.731,-0.368,1.212,1.265,1.898,cat1_2,cat2_3,cat3_0,si
1.366,0.507,-0.323,-0.264,1.719,-0.972,0.635,-0.215,cat1_0,cat2_1,cat3_6,si
-0.924,,0.768,-1.677,-0.087,1.556,0.8,1.108,cat1_0,cat2_5,cat3_13,no
1.94,-1.68,-1.423,1.239,-0.071,0.619,1.369,-1.678,cat1_1,cat2_0,cat3_5,si
1.07,1.563,-1.703,-1.043,0.954,0.044,1.012,-0.798,cat1_0,cat2_4,cat3_6,no
-0.502,-1.048,-0.573,-0.136,-0.13,1.674,-0.013,0.792,cat1_3,cat2_4,cat3_14,no
0.343,1.123,1.013,0.89,-0.252,-1.619,0.483,1.195,cat1_0,cat2_0,cat3_0,no
-0.871,,1.728,1.517,-1.342,1.045,-1.865,0.632,cat1_0,cat2_0,cat3_10,no
-1.481,-0.426,1.692,-0.818,-1.774,-0.454,1.776,0.658,cat1_2,cat2_1,cat3_7,no
-1.042,-1.5,-1.685,-1.636,-1.127,-0.016,1.054,-1.423,cat1_1,cat2_4,cat3_2,no
-0.327,1.586,-1.949,-0.253,1.706,1.282,-0.427,0.939,cat1_2,cat2_4,cat3_13,no
0.357,1.053,-0.762,0.191,-1.555,-1.729,-0.666,0.898,cat1_2,cat2_4,cat3_5,no
-1.294,-0.386,-0.741,1.827,-0.028,-1.963,-0.177,0.591,cat1_1,cat2_3,cat3_6,no
-0.58,-0.912,-1.21,-0.912,-0.188,1.794,0.629,1.084,cat1_0,,cat3_11,si
1.073,-1.628,1.288,1.968,-0.444,1.141,1.924,1.577,cat1_3,,cat3_11,no
0.834,1.821,1.119,1.683,-1.382,-1.099,1.089,1.065,cat1_3,cat2_5,cat3_11,no
-1.823,-0.847,-0.879,1.596,1.102,-0.019,1.066,1.763,cat1_0,cat2_5,cat3_13,no
1.841,-1.042,0.688,-0.869,1.078,0.853,-1.657,0.855,cat1_1,cat2_4,cat3_2,si
1.342,0.945,-1.833,-0.085,-1.078,1.253,-0.739,0.556,cat1_2,cat2_1,cat3_0,si
-1.16,1.617,-0.976,-0.264,1.473,-1,0.398,1.843,cat1_2,cat2_1,cat3_2,no
1.551,-0.648,-1.915,1.368,-0.987,0.643,-1.356,0.022,cat1_0,cat2_4,cat3_2,no
1.132,-0.844,0.3,0.329,-1.173,0.386,-1.59,0.809,cat1_0,cat2_3,cat3_9,si
1.1,-0.531,-0.818,0.74,-1.68,1.482,0.878,-1.369,cat1_1,cat2_0,cat3_2,si
-1.488,1.377,-0.365,-1.815,-0.46,1.468,-0.848,0.237,cat1_1,cat2_3,cat3_1,no
1.787,1.361,1.671,-0.402,-1.89,-0.678,1.86,-0.873,cat1_3,,cat3_7,no
1.767,0.216,0.128,-1.809,-0.013,-0.259,0.41,0.959,cat1_3,cat2_4,cat3_7,si
1.619,-0.258,1.361,-0.064,-0.733,0.384,-0.102,-1.342,cat1_0,cat2_1,cat3_2,no
-0.42,1.317,-0.416,-1.601,1.029,0.219,-1.987,-0.348,cat1_3,cat2_5,cat3_8,no
-1.018,0.8,-1.587,-1.618,-0.583,-1.215,1.883,-0.981,cat1_3,cat2_4,cat3_5,no
-0.638,-0.016,1.46,-1.344,1.814,-1,0.742,-1.192,cat1_3,cat2_4,cat3_6,no
-0.931,1.362,0.733,-1.325,-0.936,-1.501,1.15,-1.981,cat1_1,cat2_1,cat3_0,no
-1.241,-1.865,1.02,0.737,1.886,1.075,1.795,-1.761,cat1_3,cat2_0,cat3_10,no
-0.432,1.243,-1.759,1.192,-1.023,1.561,1.369,1.434,cat1_1,cat2_3,cat3_4,no
-0.348,-1.477,-1.31,1.275,1.693,-0.048,0.465,0.518,cat1_3,cat2_1,cat3_2,no
1.232,1.47,0.114,-1.543,0.037,-0.153,-0.228,1.972,cat1_0,cat2_0,cat3_14,si
-0.214,-0.487,-1.014,1.568,-0.381,-0.897,0.103,-0.76,cat1_1,cat2_0,cat3_4,no
-0.105,1.784,0.794,-1.032,-1.739,-1.86,-0.921,0.42,cat1_0,cat2_4,cat3_10,no
-0.131,-1.281,1.36,-0.474,1.919,-1.815,0.9,0.446,cat1_1,cat2_2,cat3_5,no
1.004,-0.008,1.575,-0.628,0.08,1.51,-1.654,-0.634,cat1_2,cat2_3,cat3_5,no
0.084,0.166,-0.936,1.52,-0.922,-0.24,-0.421,-1.118,cat1_1,cat2_5,cat3_0,no
-1.497,1.093,-1.821,0.585,-1.103,-1.379,-1.388,-1.969,cat1_3,cat2_1,cat3_13,no
-0.173,-0.935,-1.705,-0.628,-1.406,-1.022,-0.75,0.343,cat1_3,cat2_0,cat3_11,no
-1.698,0.017,-0.575,-1.833,1.152,-0.862,1.381,-0.964,cat1_1,cat2_1,cat3_4,no
-1.707,,-0.292,0.39,1.411,-1.494,-1.815,-1.615,cat1_3,cat2_3,cat3_2,no
-0.694,1.513,0.939,-1.901,0.474,-1.737,0.616,1.313,cat1_0,cat2_3,cat3_9,no
1.405,,1.933,1.538,-0.686,0.848,0.274,0.478,cat1_3,cat2_5,cat3_5,no
-1.841,-0.114,1.837,0.963,1.155,1.876,1.92,1.65,cat1_3,cat2_1,cat3_6,no
-1.5,-1.215,0.38,-0.363,-0.351,1.717,-1.844,0.346,cat1_2,cat2_4,cat3_7,no
-0.088,1.91,-0.973,-0.4,-0.053,1.069,0.013,0.48,cat1_0,cat2_0,cat3_3,si
-0.137,1.424,-0.61,-0.712,-0.278,-1.182,1.241,-0.728,cat1_0,cat2_2,cat3_8,no
,1.63,1.719,0.638,-0.317,-1.148,1.301,1.299,cat1_1,cat2_3,cat3_12,no
-1.728,-1.342,-1.41,0.48,0.902,0.933,-0.377,-0.992,cat1_1,cat2_2,cat3_12,no
0.654,-1.427,0.863,-1.722,-1.716,-1.588,-1.215,1.812,cat1_0,cat2_5,cat3_10,no
-1.479,-0.848,-1.359,-1.424,-0.102,1.902,-0.594,-1.611,cat1_2,cat2_2,cat3_10,si
-1.656,1.622,0.567,1.481,1.177,0.237,-1.609,0.834,cat1_3,cat2_0,cat3_6,no
-0.948,0.504,-1.182,-1.903,-1.13,-1.062,0.971,0.339,cat1_2,cat2_4,cat3_9,no
-0.363,-0.61,-0.586,0.824,1.733,-1.347,-0.15,1.609,cat1_2,cat2_0,cat3_14,no
0.709,-1.349,1.289,-1.774,1.574,0.043,1.921,-1.539,cat1_0,cat2_4,cat3_5,si
1.101,-0.888,-0.416,0.818,-0.868,0.289,1.901,-0.881,cat1_2,cat2_1,cat3_3,si
-0.79,,-1.963,1.829,1.937,-0.142,0.571,-0.97,cat1_2,cat2_3,cat3_5,no
-1.413,0.378,-0.125,-1.229,-0.1,0.595,-0.924,1.383,cat1_2,cat2_4,cat3_3,no
0.799,1.856,-0.553,-0.706,1.692,-1.242,0.062,-1.065,cat1_2,cat2_4,cat3_12,no
-1.323,0.937,-0.029,-0.056,1.603,-1.337,-0.369,-0.572,cat1_3,cat2_2,cat3_10,no
-1.791,-1.681,-1.491,1.156,-1.431,1.266,-1.985,-1.233,cat1_0,cat2_4,cat3_14,si
0.577,1.644,0.647,-0.603,1.138,-1.546,-0.908,1.153,cat1_3,cat2_1,cat3_8,no
-1.509,-0.652,-0.93,1.828,1.286,1.683,-0.221,-0.585,cat1_3,cat2_3,cat3_13,no
-0.335,-1.785,-1.427,0.603,-1.49,1.989,-0.082,-0.654,cat1_3,cat2_1,cat3_11,si
1.008,-0.196,0.85,-1.312,0.503,-1.484,-1.536,-1.4,cat1_3,cat2_4,cat3_11,si
1.536,-1.776,1.217,1.122,-1.573,-0.106,1.248,1.792,cat1_1,cat2_1,cat3_11,si
1.542,,-0.181,1.224,-1.789,0.984,-1.193,-1.981,cat1_0,cat2_5,cat3_11,no
-1.403,-0.551,0.459,-0.669,-0.506,-0.504,-1.441,-1.264,cat1_1,cat2_1,cat3_7,no
,0.077,-0.439,1.276,-1.4,-0.052,1.335,1.511,cat1_2,cat2_2,cat3_9,no
-0.191,-1.242,1.093,1.692,-0.409,-0.901,0.005,0.504,cat1_0,cat2_1,cat3_14,no
-1.57,-1.428,1.28,0.592,0.399,-1.005,1.875,-0.856,cat1_1,cat2_1,cat3_5,no
-1.321,-0.438,0.452,-1.912,1.327,0.921,-0.865,0.595,cat1_0,cat2_3,cat3_0,no
-1.275,1.347,-1.323,0.353,1.914,-0.152,0.394,1.431,cat1_0,cat2_4,cat3_11,no
1.496,1.45,0.829,0.835,-1.587,-1.521,-1.326,0.684,cat1_3,cat2_2,cat3_1,si
,-0.196,-1.521,0.094,-1.009,-1.824,0.152,0.757,cat1_0,cat2_0,cat3_7,si
-1.669,1.131,-1.549,-1.759,1.407,-1.848,-1.329,1.784,cat1_1,cat2_5,cat3_12,no
-1.734,1.558,-1.592,0.285,1.005,-1.948,-0.915,1.034,cat1_2,cat2_5,cat3_14,no
-0.161,-1.088,-1.592,-0.524,-1.018,-1.528,-0.203,-0.027,cat1_0,cat2_2,cat3_7,no
0.655,0.713,-0.647,1.018,-0.642,0.049,1.333,-1.154,cat1_1,cat2_5,cat3_4,no
-0.125,-1.281,0.507,-0.827,1.793,1.266,0.291,-0.112,cat1_3,cat2_5,cat3_8,no
-0.753,-1.997,0.899,1.476,-0.011,-0.561,-1.743,-0.281,cat1_1,cat2_2,cat3_3,si
-1.887,1.776,-0.655,1.157,-1.759,-0.908,1.381,0.343,cat1_3,cat2_2,cat3_7,no
0.209,-0.524,1.62,1.459,1.071,0.896,-1.206,-0.173,cat1_3,cat2_0,cat3_11,si
-1.403,-0.935,0.32,-1.66,-1.402,0.965,0.241,1.9,cat1_2,cat2_5,cat3_11,no
-1.978,0.223,1.614,1.87,-1.536,1.488,1.09,-0.886,cat1_0,cat2_1,cat3_6,no
-0.554,1.676,1.869,-0.903,-1.15,1.685,-0.707,1.98,cat1_2,cat2_2,cat3_12,no
1.087,1.031,1.595,-0.303,0.822,-0.835,1.78,-0.45,cat1_2,cat2_5,cat3_8,no
-1.93,-0.185,-1.951,-1.158,1.617,1.874,0,-1.521,cat1_3,cat2_3,cat3_13,no
-1.833,1.286,-0.82,0.493,1.363,-1.685,0.501,0.186,cat1_3,cat2_1,cat3_14,no
,1.244,0.634,-0.242,-1.052,1.883,1.357,0.652,cat1_3,cat2_3,cat3_4,no
1.754,0.815,-1.701,0.924,-1.045,-0.478,0.011,1.991,cat1_3,cat2_4,cat3_10,si
-0.96,0.383,1.975,-0.979,-1.735,-1.213,0.943,1.741,cat1_0,cat2_3,cat3_0,no
-1.257,0.063,0.801,-1.872,-0.179,0.962,-1.449,-1.8,cat1_2,cat2_4,cat3_8,no
0.681,1.93,1.925,1.809,0.365,-0.755,0.017,0.681,cat1_3,cat2_5,cat3_4,no
1.501,0.015,-1.737,-1.736,1.915,1.123,-0.252,1.821,cat1_2,cat2_4,cat3_14,si
-1.241,0.54,-1.745,0.525,-0.207,-0.189,0.981,0.53,cat1_3,cat2_3,cat3_0,no
1.101,-1.983,-1.533,0.78,-0.346,-0.391,1.931,0.999,cat1_1,cat2_1,cat3_3,si
1.433,0.628,1.973,-0.611,0.406,-1.641,-0.834,-0.03,cat1_0,cat2_2,cat3_9,si
1.16,-0.423,0.163,-0.922,0.609,0.286,-0.18,-0.506,cat1_0,cat2_4,cat3_0,si
0.269,-1.533,-0.709,0.833,0.482,-0.662,-1.613,-1.416,cat1_2,cat2_2,cat3_14,no
-0.552,-1.691,-0.942,1.853,-0.413,0.015,1.788,-1.513,cat1_3,cat2_3,cat3_13,si
-1.675,-1.981,1.974,0.155,-1.187,0.409,1.762,-0.463,cat1_2,cat2_3,cat3_14,no
0.933,-0.275,-1.887,1.106,0.254,1.834,-0.791,1.684,cat1_0,cat2_5,cat3_9,no
,0.872,-1.71,-1.042,-1.015,-0.154,0.862,0.513,cat1_3,cat2_3,cat3_5,si
-0.884,,-1.706,1.133,0.782,0.915,-1.931,0.016,cat1_1,cat2_2,cat3_8,si
-1.39,1.684,-0.886,-1.004,0.983,1.951,0.732,0.692,cat1_2,cat2_2,cat3_1,no
0.914,0.175,0.533,0.233,-0.953,-1.441,1.874,-1.282,cat1_2,cat2_1,cat3_5,no
0.777,,-0.589,1.137,-1.586,1.674,-1.82,1.288,cat1_1,cat2_0,cat3_0,si
1.192,0.776,-0.882,-0.374,1.811,0.994,1.08,-0.765,cat1_0,cat2_4,cat3_0,no
-1.572,1.333,-1.684,-1.794,0.15,0.189,0.519,0.458,cat1_2,,cat3_13,no
-0.071,0.173,1.075,1.936,-1.077,-0.68,-1.143,1.015,cat1_0,cat2_0,cat3_4,si
-0.245,-0.353,-0.141,-0.184,-1.716,0.308,-1.759,-1.922,cat1_1,cat2_4,cat3_13,si
0.074,-0.718,0.904,-0.29,0.301,-1.205,0.43,1.951,cat1_0,,cat3_1,no
-0.59,-1.572,0.172,-0.513,1.562,1.758,-0.549,-0.352,cat1_3,cat2_0,cat3_7,no
1.782,-1.342,1.776,-0.619,-1.883,0.44,-0.797,1.557,cat1_2,cat2_2,cat3_13,si
0.713,1.636,-0.731,-0.976,-1.948,-1.889,1.25,1.214,cat1_0,cat2_3,cat3_8,no
-0.413,-0.064,0.926,1.925,1.043,-1.321,1.067,-0.044,cat1_1,,cat3_12,si
-1.448,,1.498,-0.586,0.748,1.116,0.39,-1.511,cat1_2,,cat3_10,no
-1.188,-1.816,0.081,-1.6,-1.123,1.227,1.884,-1.013,cat1_1,cat2_5,cat3_12,no
0.977,-0.73,0.557,0.458,0.411,1.911,1.116,-1.404,cat1_2,,cat3_8,si
1.387,0.466,0.484,-1,-1.21,0.861,0.059,0.685,cat1_2,cat2_5,cat3_4,si
0.526,0.253,1.055,-1.215,0.327,0.653,-0.243,-1.756,cat1_1,cat2_5,cat3_3,si
,-0.412,1.516,0.021,0.64,-0.588,0.459,0.296,cat1_2,cat2_1,cat3_12,si
1.566,-0.485,-1.767,0.556,0.569,-1.125,-0.715,-1.465,cat1_1,cat2_1,cat3_10,si
0.626,0.325,1.654,1.626,1.009,-1.836,-1.179,-1.175,cat1_1,cat2_4,cat3_1,si
-1.506,0.305,1.001,-0.767,-0.884,1.483,1.294,1.53,cat1_1,cat2_2,cat3_3,no
-0.715,0.423,-0.392,0.603,-1.919,0.807,0.631,1.268,cat1_1,cat2_1,cat3_9,no
-1.283,-0.042,-1.023,-0.945,1.049,-0.764,-1.934,-0.014,cat1_1,cat2_4,cat3_10,no
0.377,1.699,1.588,-0.764,-1.538,-1.72,-1.207,-1.585,cat1_3,,cat3_2,no
-1.615,0.008,1.752,-0.761,-0.45,-0.243,1.903,0.089,cat1_2,cat2_5,cat3_7,no
0.114,1.449,0.393,0.232,-1.945,1.175,-1.893,-1.23,cat1_2,cat2_1,cat3_6,no
-1.533,0.504,-1.851,-1.621,-1.993,1.279,1.199,1.953,cat1_2,cat2_3,cat3_3,no
0.797,0.556,0.321,-0.93,0.232,0.869,-1.638,-1.399,cat1_0,cat2_3,cat3_0,no
-1.235,0.683,0.651,-0.471,1.771,1.116,-0.553,-1.001,cat1_3,cat2_5,cat3_9,no
-1.232,1.974,0.031,1.965,-0.987,-1.568,-1.013,-0.551,cat1_1,cat2_5,cat3_0,no
-0.468,-1.681,1.128,-1.727,1.35,0.306,-1.884,1.325,cat1_2,cat2_2,cat3_8,si
-0.25,,-0.642,0.532,-0.27,1.339,0.4,1.115,cat1_0,cat2_4,cat3_13,si
0.711,,1.723,1.629,-1.165,1.821,-1.961,-0.763,cat1_1,cat2_5,cat3_11,no
-0.837,-1.869,0.595,0.624,0.039,-1.355,-1.992,0.601,cat1_3,,cat3_8,no
-0.972,-1.015,-1.932,-1.386,-1.664,-0.429,1.046,-1.664,cat1_0,,cat3_7,si
1.408,1.082,0.661,-1.119,-1.52,1.542,-0.531,1.294,cat1_0,cat2_3,cat3_1,no
1.611,-1.385,-1.192,-1.548,0.714,0.467,-1.944,-1.235,cat1_2,cat2_5,cat3_3,si
0.587,,-0.408,-0.901,-0.534,-1.227,0.848,-0.314,cat1_2,cat2_5,cat3_8,si
1.074,-0.414,-0.674,0.905,1.338,1.562,-1.144,-0.075,cat1_3,cat2_1,cat3_6,si
-1.263,-1.085,1.843,1.94,-0.932,0.187,1.549,1.599,cat1_1,cat2_4,cat3_5,no
1.832,-1.494,1.539,0.194,1.68,-0.822,-0.77,-0.621,cat1_1,cat2_4,cat3_14,si
0.913,,-1.058,-0.794,-1.796,-1.018,0.259,0.294,cat1_1,cat2_2,cat3_12,si
0.97,1.353,1.107,-1.851,-1.645,-0.924,0.892,-1.046,cat1_2,cat2_3,cat3_12,no
1.032,1.438,1.919,-1.812,0.751,-1.274,-1.931,0.366,cat1_1,cat2_0,cat3_5,si
0.281,-1.282,-1.286,-1.814,-0.809,0.854,1.396,0.125,cat1_2,cat2_0,cat3_14,si
-0.467,1.42,0.354,1.315,1.837,1.481,0.735,-0.338,cat1_1,cat2_0,cat3_2,no
0.47,-0.399,0.366,0.032,-1.131,-0.195,0.654,1.034,cat1_2,cat2_5,cat3_6,si
0.51,-1.816,0.278,-1.894,0.405,-0.685,-0.274,-0.713,cat1_1,cat2_5,cat3_8,no
-1.51,1.817,-1.36,1.119,0.86,-0.173,1.455,0.209,cat1_0,cat2_1,cat3_6,no
1.612,,0.095,-1.73,-0.541,-1.896,1.551,-1.832,cat1_3,cat2_1,cat3_14,no
-1.128,-1.951,-0.234,-1.657,1.337,-0.044,-1.493,-0.703,cat1_0,cat2_2,cat3_4,no
-0.457,1.253,1.968,-0.81,-0.277,0.534,-2,-0.682,cat1_0,cat2_3,cat3_11,no
,0.787,1.738,-0.754,0.974,-1.27,-1.604,-0.234,cat1_3,cat2_4,cat3_9,no
1.254,1.636,1.982,-0.369,1.976,-0.5,-0.157,-1.551,cat1_3,cat2_3,cat3_14,no
-0.83,-0.047,1.826,-1.667,0.095,-0.798,-1.907,-1.773,cat1_2,,cat3_10,no
1.825,-0.722,0.685,0.202,1.992,0.394,-0.362,0.711,cat1_0,cat2_3,cat3_5,no
1.117,-1.876,0.609,-0.05,-1.259,0.023,0.237,-1.094,cat1_0,cat2_5,cat3_0,no
-1.733,-0.551,-0.731,1.047,-1.533,-1.662,1.179,-0.838,cat1_3,cat2_0,cat3_14,no
-1.553,1.846,1.025,1.56,1.445,0.857,-1.71,-1.115,cat1_3,cat2_3,cat3_12,no
-1.302,-1.403,-1.596,-0.336,1.392,0.27,0.564,1.793,cat1_2,,cat3_2,no
0.806,-0.526,0.178,1.944,-0.096,-0.754,1.57,0.16,cat1_3,cat2_3,cat3_13,si
0.369,-1.842,1.46,1.354,-1.737,0.286,1.653,0.905,cat1_3,cat2_0,cat3_12,si
-0.375,,0.349,-1.152,-1.092,-0.506,0.473,1.91,cat1_1,cat2_5,cat3_12,no
1.02,1.268,-0.832,0.947,-1.34,1.108,0.057,-0.473,cat1_0,cat2_4,cat3_3,no
0.527,-1.846,-1.898,1.153,0.553,0.554,0.469,-0.967,cat1_1,cat2_4,cat3_9,si
-0.49,,1.834,0.433,0.217,-1.567,0.29,1.233,cat1_2,cat2_5,cat3_3,si
-1.069,-0.492,1.715,-1.858,-0.519,1.027,-1.36,-0.967,cat1_1,cat2_4,cat3_1,no
0.318,-1.096,-1.782,-1.568,-0.558,1.763,-1.473,-0.326,cat1_2,cat2_0,cat3_7,si
1.827,0.309,0.751,-1.949,1.885,1.32,0.482,0.225,cat1_1,cat2_5,cat3_0,si
0.153,0.76,-0.006,-0.324,0.279,1.156,0.762,-1.678,cat1_3,cat2_1,cat3_2,no
-0.614,0.562,0.534,1.083,-1.683,-1.108,-1.703,-0.133,cat1_1,cat2_2,cat3_4,no
1.018,0.513,0.083,1.394,-1.549,1.376,-1.921,-0.664,cat1_1,cat2_3,cat3_14,no
0.081,1.246,-1.836,0.591,-0.653,0.904,-0.905,1.024,cat1_1,cat2_3,cat3_3,no
1.659,1.589,-1.393,1.658,1.139,-1.209,-1.824,-0.939,cat1_1,cat2_0,cat3_7,si
1.407,-1.581,-0.586,1.125,-1.772,1.162,-1.283,-0.096,cat1_1,cat2_5,cat3_1,si
-1.41,-0.073,1.901,-1.623,-1.418,0.455,-1.375,-1.776,cat1_2,cat2_4,cat3_1,no
1.69,-0.786,-1.632,-0.424,-1.018,1.74,-0.304,1.895,cat1_1,cat2_0,cat3_7,si
-0.484,-0.631,0.733,0.209,1.852,0.852,-0.105,-1.477,cat1_0,cat2_4,cat3_7,no
1.783,0.089,1.094,-1.505,1.219,0.743,-1.597,-0.602,cat1_0,cat2_1,cat3_14,si
0.567,-1.975,1.309,-0.832,-1.69,-1.547,1.752,-1.313,cat1_0,cat2_1,cat3_6,si
-1.868,0.278,-1.594,1.625,0.124,0.625,1.395,-0.285,cat1_2,cat2_2,cat3_1,no
-1.539,0.68,-0.902,1.616,-1.064,-0.516,0.673,-1.552,cat1_0,cat2_3,cat3_12,no
-0.064,0.785,0.749,-1.153,0.245,0.653,0.525,0.812,cat1_0,cat2_3,cat3_5,no
-0.083,1.105,1.558,-0.545,-0.002,-1.578,-0.269,0.187,cat1_3,cat2_1,cat3_8,no
-0.978,-0.47,0.04,-2,-0.311,0.491,1.191,-0.908,cat1_2,cat2_2,cat3_7,si
-1.194,1.671,-1.969,1.486,-0.418,-1.067,0.98,-1.254,cat1_2,cat2_5,cat3_10,no
-0.357,-1.445,-1.298,1.79,1.759,-0.103,0.207,0.852,cat1_3,cat2_5,cat3_10,si
0.716,-1.518,0.426,-1.832,-0.755,-1.627,0.236,1.558,cat1_0,cat2_3,cat3_7,si
1.199,1.88,-0.552,-1.156,-1.684,-1.59,0.24,1.709,cat1_0,cat2_2,cat3_3,no
0.513,-0.49,-0.519,-0.839,0.193,-1.183,1.331,-0.196,cat1_0,cat2_5,cat3_7,no
-0.671,0.398,-1.202,-0.764,-1.161,-1.477,-1.144,1.939,cat1_1,cat2_5,cat3_0,si
,1.22,1.069,-0.883,-1.396,1.575,-1.083,-1.426,cat1_1,cat2_3,cat3_14,no
1.159,-0.122,-1.769,-0.66,0.245,1.195,0.606,-0.543,cat1_3,cat2_2,cat3_10,si
1.899,-1.426,1.682,1.376,-1.669,0.337,-1.415,0.423,cat1_0,cat2_0,cat3_14,si
0.188,-1.161,0.767,-1.708,0.802,1.719,-0.052,-1.469,cat1_0,cat2_5,cat3_2,no
-0.076,-1.564,1.35,0.309,0.252,1.439,1.537,0.879,cat1_3,cat2_5,cat3_10,si
0.899,-0.013,0.731,-1.664,-0.811,1.207,-0.403,-0.17,cat1_1,cat2_0,cat3_3,no
1.17,-0.272,1.388,-0.045,1.138,1.266,-1.051,-0.384,cat1_3,cat2_4,cat3_12,no
-1.133,0.988,0.231,-0.148,-0.291,-1.396,1.518,-0.77,cat1_2,cat2_4,cat3_2,no
1.774,1.404,0.79,1.36,1.899,1.262,-0.916,1.262,cat1_3,cat2_0,cat3_1,si
1.597,-0.177,1.364,-1.956,0.986,-1.484,0.996,-0.118,cat1_0,cat2_2,cat3_11,no
-1.942,-1.356,-0.309,-0.51,-1.179,1.118,1.35,1.891,cat1_1,cat2_2,cat3_11,si
1.308,1.592,-0.919,1.401,-1.249,0.741,-0.896,0.228,cat1_3,cat2_2,cat3_10,no
-1.501,0.767,-1.361,1.677,-1.68,1.6,1.046,0.095,cat1_3,cat2_0,cat3_2,no
-0.353,1.433,-1.211,-0.123,0.101,-0.948,1.827,-1.095,cat1_1,cat2_2,cat3_5,si
-0.943,-1.07,-0.884,-0.273,-0.18,-1.758,0.207,0.826,cat1_0,cat2_1,cat3_1,si
-0.877,-0.249,1.672,-1.166,-1.412,-1.58,-0.294,-0.006,cat1_0,cat2_5,cat3_8,no
-1.946,-0.335,-1.791,-1.197,-1.746,-1.881,-0.526,1.591,cat1_2,cat2_2,cat3_8,no
-1.908,-0.98,-1.504,0.998,-1.95,-0.685,-0.602,0.785,cat1_1,,cat3_7,no
1.077,1.517,-0.45,0.278,0.237,0.336,1.777,-1.609,cat1_2,cat2_1,cat3_0,no
-0.049,-1.873,-0.333,1.674,-1.896,0.346,-1,1.786,cat1_2,cat2_4,cat3_3,no
1.897,0.447,1.953,-0.136,-0.837,1.041,-0.039,1.066,cat1_2,cat2_0,cat3_0,no
-1.561,-0.15,0.583,0.564,1.836,0.995,-0.38,1.421,cat1_0,cat2_0,cat3_11,no
0.907,1.439,1.444,-1.571,1.91,0.215,0.406,0.391,cat1_0,cat2_2,cat3_0,no
0.394,1.742,-1.997,-0.958,0.865,-1.124,0.751,-0.342,cat1_3,cat2_5,cat3_11,no
1.247,-0.948,-1.58,1.272,1.154,-1.704,-1.391,-1.699,cat1_2,cat2_0,cat3_10,no
0.8,0.224,-1.247,-1.045,0.799,1.4,-1.673,1.472,cat1_1,cat2_4,cat3_7,no
0.477,1.381,-1.085,1.979,0.815,-1.676,0.51,1.327,cat1_3,cat2_4,cat3_6,no
1.606,1.489,-0.694,0.166,-1.772,1.029,1.725,-1.904,cat1_2,cat2_0,cat3_13,si
1.086,1.291,0.798,0.123,-1.4,1.787,0.95,1.143,cat1_3,cat2_4,cat3_8,si
1.282,-1.499,1.488,1.837,1.499,1.526,0.286,1.723,cat1_2,cat2_5,cat3_5,si
-0.404,-1.858,-0.39,1.474,-0.203,-1.944,-0.54,1.07,cat1_3,cat2_2,cat3_9,no
-0.029,1.889,1.644,1.976,1.62,1.952,-0.59,-0.719,cat1_3,cat2_0,cat3_10,no
1.364,0.752,0.723,-1.125,-1.262,-0.571,0.971,-0.352,cat1_1,cat2_5,cat3_0,no
0.62,0.242,-0.242,1.488,0.853,-1.349,-1.745,-0.391,cat1_1,cat2_1,cat3_9,si
-0.08,-0.226,0.812,-0.577,-0.913,-0.782,1.518,-0.119,cat1_1,,cat3_1,no
-1.195,1.376,1.76,-0.377,-1.142,0.222,-1.532,1.816,cat1_2,,cat3_5,no
0.232,0.669,-1.918,0.186,-1.741,-0.104,1.396,0.974,cat1_1,cat2_3,cat3_1,si
-1.693,-1.393,-1.886,0.551,-0.715,-1.498,1.905,-0.492,cat1_0,cat2_5,cat3_9,no
1.459,0.243,1.384,-1.152,0.848,0.738,-0.347,1.934,cat1_2,cat2_4,cat3_3,no
-1.104,,0.889,-1.331,1.278,1.229,-1.975,0.309,cat1_1,cat2_0,cat3_10,no
-1.921,-0.037,0.987,-2,1.72,-1.961,1.372,0.618,cat1_1,cat2_0,cat3_10,no
-0.489,1.358,0.987,-0.396,-0.862,-1.927,0.575,1.283,cat1_1,cat2_1,cat3_14,no
-1.604,0.927,-1.538,1.036,0.611,1.892,1.692,-0.985,cat1_0,,cat3_4,no
1.962,-1.648,1.339,-1.943,-1.227,0.367,-0.643,1.55,cat1_1,cat2_3,cat3_3,si
-0.142,1.551,0.268,-0.453,0.4,-0.372,-0.258,0.348,cat1_2,cat2_1,cat3_7,no
-0.984,1.014,-0.202,1.932,0.776,0.107,-1.875,0.753,cat1_3,cat2_5,cat3_7,no
1.658,1.44,-1.669,-0.155,0.869,-1.452,-0.47,0.429,cat1_2,cat2_4,cat3_8,si
-0.6,1.531,1.49,-1.658,1.989,-0.174,1.945,1.796,cat1_0,cat2_4,cat3_4,no
1.323,-0.036,1.134,-0.118,1.18,0.742,-1.775,0.498,cat1_1,cat2_1,cat3_13,si
1.525,1.475,0.91,0.227,-0.319,-0.319,0.545,1.476,cat1_3,cat2_5,cat3_11,no
1.904,1.723,-1.351,-1.535,-0.218,1.012,1.887,-1.792,cat1_0,cat2_1,cat3_13,no
-1.751,1.556,1.219,1.031,-0.96,-1.321,-1.778,-1.449,cat1_3,cat2_4,cat3_13,no
0.751,1.074,-1.183,-1.211,0.98,-1.571,0.649,-0.534,cat1_2,cat2_4,cat3_0,no
0.736,1.128,-0.999,0.276,1.879,-1.639,0.243,0.518,cat1_1,cat2_1,cat3_5,si
0.823,-0.022,1.264,-0.018,0.355,-0.748,0.291,1.827,cat1_2,cat2_3,cat3_7,no
-0.51,-1.231,0.742,1.977,1.918,0.996,-0.576,-1.901,cat1_3,cat2_4,cat3_0,no
-0.69,1.185,0.397,-1.016,-1.125,1.326,-0.434,1.33,cat1_1,cat2_4,cat3_12,no
-1.538,1.307,-0.107,-0.258,-0.366,-1.966,-1.712,0.217,cat1_0,cat2_4,cat3_7,no
1.151,-1.087,-1.193,-0.874,0.341,-0.271,-0.472,-0.549,cat1_1,cat2_5,cat3_8,no
1.575,1.28,-1.36,-0.855,-1.75,-0.769,-1.637,-1.253,cat1_1,cat2_5,cat3_2,si
-0.577,0.698,-0.515,-1.749,0.627,1.476,-0.88,0.25,cat1_2,cat2_0,cat3_13,no
-0.826,1.536,-0.791,1.966,-1.726,0.688,-1.055,0.796,cat1_3,cat2_2,cat3_13,no
0.805,0.088,0.029,-0.556,-0.594,-1.321,0.946,0.919,cat1_2,cat2_4,cat3_0,no
,-1.47,-1.907,-1.074,1.218,-0.299,-1.188,-0.138,cat1_1,cat2_5,cat3_5,si
0.545,-1.731,-0.811,1.851,1.614,-0.881,-0.026,0.89,cat1_0,cat2_0,cat3_11,si
-1.288,0.317,-0.327,0.421,1.379,-1.506,0.041,-0.209,cat1_2,cat2_0,cat3_9,no
1.213,1.22,0.288,1.896,-1.827,0.909,-1.824,1.009,cat1_3,cat2_4,cat3_1,no
0.53,-0.18,0.845,1.07,0.721,-1.254,-1.739,-1.596,cat1_3,cat2_3,cat3_0,no
1.867,0.367,-1.192,-1.192,0.185,-1.526,1.164,-1.206,cat1_1,cat2_4,cat3_8,si
,-0.098,0.244,1.162,-1.755,1.688,1.047,0.236,cat1_2,cat2_0,cat3_6,no
-1.867,0.807,0.956,-1.625,-1.064,-0.84,1.548,-0.521,cat1_3,cat2_5,cat3_4,no
0.025,-1.408,0.944,-1.276,1.164,-0.927,0.227,-0.416,cat1_3,cat2_5,cat3_13,no
,-1.834,-1.572,0.864,1.241,0.663,-0.649,-1.67,cat1_2,cat2_3,cat3_14,no
0.251,,0.909,-0.251,-0.716,0.471,-0.334,-0.453,cat1_1,cat2_0,cat3_6,no
1.421,-1.908,0.13,-1.945,-1.893,0.242,-0.508,0.496,cat1_1,cat2_4,cat3_2,si
0.581,-1.481,-0.714,-1.926,-0.552,1.38,1.571,1.082,cat1_1,cat2_4,cat3_3,si
1.79,1.42,1.299,-1.529,-0.945,1.721,1.503,0.835,cat1_3,cat2_1,cat3_11,no
0.156,1.783,-1.445,1.093,0.484,-1.267,1.626,0.465,cat1_1,cat2_5,cat3_14,no
-0.258,-1.615,1.868,0.928,-0.774,-1.805,-1.36,0.22,cat1_2,cat2_5,cat3_1,si
0.447,-1.019,0.075,1.996,-0.981,1.321,-1.504,0.589,cat1_2,cat2_1,cat3_5,no
0.637,-0.686,1.952,-1.587,-0.098,0.721,0.504,-0.645,cat1_3,cat2_2,cat3_7,no
-1.168,-0.962,0.41,0.641,-1.811,-1.165,0.629,0.178,cat1_0,cat2_4,cat3_12,no
-0.583,-1.536,1.27,-0.782,-1.669,-1.259,-1.544,-1.851,cat1_2,cat2_0,cat3_3,no
1.067,1.642,-1.799,-0.186,1.228,0.086,-0.108,1.644,cat1_0,cat2_3,cat3_9,no
-0.846,0.83,-0.699,-1.722,1.304,-1.744,0.963,0.603,cat1_3,cat2_1,cat3_11,no
-1.5,0.298,1.726,-0.789,1.341,-0.105,0.943,-0.661,cat1_2,cat2_2,cat3_0,no
1.407,0.093,0.815,-0.223,1.096,-0.065,-1.925,0.843,cat1_3,cat2_1,cat3_7,no
0.662,0.829,1.115,-1.782,0.999,1.3,-0.341,-0.863,cat1_1,,cat3_3,si
,-0.294,-1.678,0.424,1.128,1.163,-0.314,1.155,cat1_1,cat2_3,cat3_8,si
-0.688,-0.916,0.127,-1.549,1.533,0.592,1.154,-1.783,cat1_3,cat2_2,cat3_0,no
-1.284,0.51,-1.921,-1.708,1.707,-0.068,-1.034,0.401,cat1_0,cat2_5,cat3_2,no
1.691,-0.481,-0.918,0.127,-0.299,0.125,-0.044,0.671,cat1_3,cat2_2,cat3_8,no
1.075,1.006,-1.233,-1.909,-0.598,0.661,0.574,0.595,cat1_1,cat2_0,cat3_10,si
-0.246,1.772,-1.059,-1.518,0.225,-1.401,-1.584,0.07,cat1_3,cat2_5,cat3_0,no
-0.899,-0.375,0.018,1.114,1.994,-1.713,-1.592,1.696,cat1_1,cat2_4,cat3_11,no
1.381,0.001,1.223,0.001,0.544,-0.137,-1.073,1.014,cat1_3,cat2_3,cat3_1,si
,-1.356,-1.518,1.413,-1.15,0.444,-1.765,1.514,cat1_1,cat2_4,cat3_2,no
-1.45,0.818,-0.97,-0.798,1.546,0.239,-0.422,1.082,cat1_0,cat2_0,cat3_5,no
-1.772,,1.842,-1.377,-0.033,1.369,1.559,1.808,cat1_1,cat2_1,cat3_6,no
1.181,-1.164,-0.271,1.862,-0.889,-1.462,0.681,0.144,cat1_2,cat2_0,cat3_4,si
-0.451,-0.449,1.339,0.774,1.251,-0.324,1.735,-1.598,cat1_3,cat2_4,cat3_3,no
-0.318,0.682,-1.705,-0.228,-1.235,1.999,0.258,0.554,cat1_0,cat2_2,cat3_2,no
-1.86,1.338,1.3,1.483,1.537,-0.526,0.042,0.636,cat1_1,cat2_5,cat3_13,no
-0.096,-1.493,-0.195,1.771,-1.055,0.852,-1.166,0.593,cat1_3,cat2_3,cat3_0,si
0.764,0.397,0.779,1.969,0.571,0.007,-1.816,1.429,cat1_1,cat2_2,cat3_14,si
0.461,-0.037,0.844,-0.196,1.085,1.345,1.289,0.08,cat1_3,cat2_5,cat3_13,no
1.011,-0.338,-1.5,-1.729,0.193,-1.211,1.68,-1.41,cat1_3,cat2_0,cat3_6,no
-0.132,-0.305,1.164,-0.711,-1.772,1.176,-1.442,-0.38,cat1_2,cat2_3,cat3_7,no
-0.182,-1.592,1.106,0.824,1.986,1.342,-1.252,1.314,cat1_3,cat2_4,cat3_12,no
-0.294,-0.123,1.749,-1.339,1.755,-1.303,-0.355,0.721,cat1_3,cat2_5,cat3_1,no
0.36,0.276,1.2,-0.239,0.737,0.083,1.579,0.192,cat1_1,,cat3_3,no
-1.661,1.19,0.121,-0.129,0.469,-1.949,-0.984,1.095,cat1_1,cat2_1,cat3_5,no
0.367,-1.071,-0.265,-1.74,0.298,0.476,-0.76,-1.491,cat1_1,cat2_4,cat3_3,si
-1.276,0.754,1.218,-0.637,-1.232,1.908,0.404,-1.691,cat1_0,cat2_5,cat3_2,no
-1.008,0.301,-1.308,-0.102,-0.07,1.085,1.3,-0.396,cat1_0,cat2_1,cat3_3,no
0.187,-1.918,0.572,0.323,0.958,-1.108,1.055,-1.746,cat1_0,cat2_5,cat3_11,si
1.396,-0.813,1.348,0.339,-1.319,1.084,1.91,-0.017,cat1_1,cat2_4,cat3_8,si
1.837,-1.944,1.659,0.579,-1.536,0.808,-1.719,-0.488,cat1_3,cat2_4,cat3_12,si
1.636,-0.032,-0.995,-1.293,-0.366,-0.497,-1.177,-1.908,cat1_0,cat2_1,cat3_1,si
0.552,,0.868,-1.901,-0.757,0.992,-0.621,-0.949,cat1_3,cat2_2,cat3_1,no
-1.005,-0.041,0.129,-0.945,-1.382,1.451,-0.135,-0.882,cat1_2,cat2_0,cat3_11,si
0.698,0.647,-0.135,-0.827,-0.78,1.388,1.416,0.283,cat1_0,cat2_5,cat3_2,no
-0.201,1.557,1.746,-1.571,1.916,-0.657,1.05,-1.288,cat1_3,cat2_4,cat3_10,no
0.881,-0.316,-1.769,-1.323,0.134,-1.404,1.967,1.016,cat1_0,cat2_2,cat3_12,no
-1.145,0.927,-1.746,1.812,0.872,-1.974,1.478,-0.921,cat1_1,cat2_0,cat3_7,no
1.598,0.453,0.381,-1.809,1.945,-1.525,-0.698,-1.908,cat1_3,cat2_5,cat3_8,no
-1.167,1.073,-0.602,-1.902,-0.33,-0.919,-0.004,1.226,cat1_1,cat2_2,cat3_11,no
-1.255,1.98,-0.575,0.204,-1.596,1.836,-1.341,-1.864,cat1_2,cat2_1,cat3_8,no
,-0.746,1.647,-1.417,-0.645,-0.611,-1.674,-1.25,cat1_3,cat2_0,cat3_11,no
1.014,0.422,-1.281,-1.799,1.175,-0.887,1.55,-0.807,cat1_2,cat2_4,cat3_13,si
-1.05,0.607,-1.409,-0.781,-1.139,1.35,-1.967,-0.487,cat1_3,cat2_0,cat3_8,no
0.884,0.639,1.8,-1.711,1.789,0.231,-1.701,-0.686,cat1_2,cat2_3,cat3_6,no
-1.609,-0.653,-1.159,1.681,-0.472,1.163,0.432,-1.894,cat1_1,cat2_5,cat3_14,no
-1.088,0.851,-0.855,-0.249,-0.332,0.801,-0.313,-0.18,cat1_0,cat2_0,cat3_4,no
-0.558,0.86,-0.63,1.314,0.782,-0.576,0.196,1.931,cat1_3,,cat3_9,no
-0.506,0.955,0.899,0.998,0.668,-0.228,1.858,1.282,cat1_3,cat2_5,cat3_14,no
1.627,-1.603,0.117,0.308,0.247,-0.598,0.439,1.971,cat1_3,cat2_2,cat3_6,no
-0.612,-1.363,1.57,-1.671,1.479,-0.449,-0.914,0.318,cat1_1,cat2_1,cat3_10,no
0.941,1.837,-0.416,-1.803,0.658,-0.938,-1.338,-0.762,cat1_2,cat2_3,cat3_1,no
,-0.807,-0.137,-0.497,-1.19,-1.275,0.283,-1.828,cat1_1,cat2_5,cat3_14,si
-1.052,-0.675,-0.375,1.141,0.955,-0.303,1.279,1.696,cat1_0,,cat3_11,no
1.017,-1.789,1.159,1.731,1.103,1.684,0.586,1.615,cat1_3,cat2_0,cat3_5,no
0.818,-1.947,-0.95,-0.147,1.431,-1.412,1.33,-0.84,cat1_1,cat2_4,cat3_13,si
-0.966,-1.67,1.627,-0.851,-0.736,-1.154,-1.151,1.47,cat1_1,cat2_5,cat3_3,no
0.904,-1.539,-0.071,0.998,-0.705,-1.702,-1.761,-0.911,cat1_0,cat2_5,cat3_5,si
-0.085,-0.582,0.061,1.729,1.944,1.705,-0.66,-1.111,cat1_0,cat2_2,cat3_5,no
0.055,-1.887,-0.199,-1.002,-1.354,0.555,1.185,1.466,cat1_0,cat2_5,cat3_13,no
1.702,1.341,-1.324,1.466,-1.239,1.811,1.189,-0.087,cat1_2,cat2_0,cat3_14,si
0.055,-1.284,1.658,1.337,1.274,-0.018,-0.836,-0.518,cat1_0,cat2_1,cat3_12,si
-1.966,-0.928,-1.676,1.158,1.519,-0.616,0.924,0.223,cat1_0,cat2_1,cat3_14,no
0.136,-1.539,-0.66,1.481,0.36,-1.026,-1.986,1.769,cat1_0,cat2_0,cat3_0,no
0.224,1,1.222,-0.769,1.064,-1.436,-1.401,-0.492,cat1_2,cat2_2,cat3_3,no
-1.958,1.687,1.229,-0.572,0.692,-0.344,0.107,-1.983,cat1_2,cat2_4,cat3_3,no
-0.205,-1.397,-1.743,-1.252,-0.421,-0.135,1.204,0.154,cat1_3,cat2_2,cat3_12,si
-1.584,-0.991,-1.055,-1.593,1.457,-1.933,-1.604,1.405,cat1_3,cat2_3,cat3_4,no
-0.065,-1.183,-1.838,1.643,0.907,1.588,-1.138,-0.715,cat1_1,cat2_4,cat3_7,si
0.843,0.909,-1.329,1.401,-1.048,-0.143,-1.331,-1.597,cat1_0,cat2_4,cat3_7,no
0.13,1.325,-1.035,0.883,1.377,-0.198,1.444,0.216,cat1_1,cat2_5,cat3_8,si
-0.65,1.811,1.359,-1.513,-1.991,1.624,0.635,-1.212,cat1_1,cat2_5,cat3_14,no
0.141,-1.174,0.289,-0.733,-0.991,-1.163,-1.525,1.349,cat1_2,cat2_3,cat3_4,no
-1.972,-1.991,-1.205,0.846,0.58,-1.778,-0.695,1.808,cat1_0,cat2_5,cat3_4,no
-1.118,,-1.152,1.534,1.687,-1.414,1.547,-0.253,cat1_1,cat2_2,cat3_0,no
,-1.582,0.174,-1.519,1.301,1.46,-1.705,1.498,cat1_2,cat2_0,cat3_0,no
-0.996,-1.301,0.859,-0.9,0.143,-1.929,-1.537,-1.44,cat1_3,cat2_2,cat3_14,no
-1.608,-0.098,0.412,0.273,0.48,-0.477,-0.587,0.054,cat1_1,cat2_4,cat3_1,si
-1.74,-0.555,1.205,1.104,0.469,0.344,-0.535,-1.682,cat1_2,cat2_1,cat3_11,no
-0.507,-1.002,-0.383,-0.719,0.249,0.466,0.392,1.301,cat1_3,cat2_0,cat3_2,no
-0.487,-1.597,1.84,-1.067,-1.293,0.222,1.71,-0.953,cat1_3,cat2_4,cat3_6,no
0.931,-1.266,-1.143,1.078,1.884,-1.929,-0.943,-1.079,cat1_0,cat2_3,cat3_1,si
0.096,1.624,1.196,-1.91,1.931,-0.432,0.147,1.246,cat1_0,cat2_1,cat3_2,no
-1.117,-0.671,0.051,-0.566,1.881,0.03,-0.582,1.685,cat1_3,cat2_1,cat3_4,no
1.104,-1.142,-1.779,-1.846,-0.65,-1.499,-1.302,0.726,cat1_1,cat2_0,cat3_7,si
,0.271,1.298,-1.634,0.624,0.216,-1.945,1.841,cat1_2,cat2_5,cat3_2,no
-1.932,1.905,-1.84,1.201,0.446,-1.123,1.551,1.639,cat1_0,cat2_1,cat3_11,no
1.876,-1.415,0.37,-0.432,1.311,1.09,-0.746,-1.144,cat1_2,cat2_2,cat3_2,si
0.203,-1.314,0.547,0.049,0.378,-1.176,-0.447,-1.104,cat1_0,cat2_4,cat3_10,si
-0.962,-1.589,-0.55,-1.964,1.359,-1.005,0.648,-0.669,cat1_0,cat2_2,cat3_4,si
-1.224,-1.957,1.979,1.264,1.889,0.588,0.005,-1.91,cat1_0,cat2_5,cat3_5,si
-1.673,-1.735,-0.884,0.684,1.228,0.558,-1.378,-0.191,cat1_0,cat2_2,cat3_0,no
1.927,0.734,-0.261,-0.116,1.615,-1.207,-0.675,-0.759,cat1_1,cat2_3,cat3_1,si
-0.299,1.77,-1.635,-1.046,0.056,-0.319,1.003,0.537,cat1_3,cat2_0,cat3_0,no
0.222,0.785,-0.099,0.774,1.168,-1.562,1.003,-1.264,cat1_1,cat2_4,cat3_13,no
1.896,1.49,-0.764,1.81,1.52,-0.291,1.39,0.07,cat1_0,,cat3_2,no
1.045,-0.125,-0.199,0.338,0.107,0.58,1.725,0.185,cat1_3,cat2_4,cat3_7,no
0.148,-0.46,0.841,0.571,-0.34,1.825,0.886,1.534,cat1_2,cat2_2,cat3_0,si
1.829,0.715,-0.564,0.478,1.774,-1.91,-1.373,-0.826,cat1_1,cat2_1,cat3_9,no
1.571,1.938,1.464,1.97,1.931,1.388,0.477,-0.472,cat1_1,cat2_0,cat3_0,no
1.978,-1.114,1.601,1.497,-0.646,0.722,-0.811,-1.819,cat1_1,cat2_1,cat3_6,si
1.854,-1.473,0.928,-1.717,-1.724,1.429,1.094,1.494,cat1_2,cat2_3,cat3_7,si
-1.278,0.508,0.956,0.72,-0.762,1.915,-1.686,1.02,cat1_1,cat2_2,cat3_4,no
-0.905,-1.497,-1.524,0.575,-0.503,-0.265,-1.132,-1.801,cat1_0,cat2_5,cat3_9,no
-1.187,-0.352,-1.433,1.561,1.639,0.948,-0.87,-1.491,cat1_1,cat2_2,cat3_9,no
-0.211,-1.745,-1.509,-1.597,0.389,1.223,-0.276,1.754,cat1_2,cat2_5,cat3_2,si
0.316,-0.094,-1.294,1.444,0.677,-0.329,-1.071,1.186,cat1_3,cat2_1,cat3_14,no
1.068,,0.541,-0.699,-0.052,-1.057,-1.021,0.778,cat1_1,cat2_3,cat3_3,no
-1.19,0.509,-0.341,-0.296,-0.588,-1.813,-1.791,-1.114,cat1_1,cat2_3,cat3_10,no
,-0.689,1.841,0.96,0.155,-0.21,-0.081,-1.773,cat1_1,cat2_2,cat3_2,si
1.685,1.028,0.89,-0.158,1.354,1.633,0.016,0.355,cat1_2,cat2_4,cat3_8,no
-0.616,-1.518,0.243,-1.547,0.435,1.671,0.7,0.532,cat1_1,cat2_5,cat3_3,si
-0.15,-0.912,0.854,-1.912,-1.781,-0.002,1.441,0.691,cat1_0,cat2_2,cat3_5,no
1.94,1.031,1.925,-0.485,1.427,-1.634,1.264,1.627,cat1_3,cat2_3,cat3_12,si
-1.12,0.98,-0.501,0.152,0.706,1.394,1.977,0.477,cat1_3,cat2_4,cat3_14,no
-0.207,-0.588,-1.604,-0.633,0.447,0.906,-1.463,1.082,cat1_1,cat2_5,cat3_3,no
-1.756,0.339,0.015,-1.136,-0.236,0.829,0.592,-0.468,cat1_1,cat2_5,cat3_1,no
1.064,0.972,1.996,-0.506,1.4,0.036,1.058,1.435,cat1_1,cat2_0,cat3_5,no
1.621,-1.811,-1.473,0.999,1.292,-1.726,-1.296,0.505,cat1_1,cat2_4,cat3_11,si
1.535,1.92,1.953,1.02,1.489,0.326,-0.909,0.12,cat1_0,cat2_5,cat3_7,no
,1.69,-0.572,-1.24,-1.472,-0.022,-1.006,1.119,cat1_0,cat2_4,cat3_13,si
1.54,-0.158,1.668,-0.6,-1.853,-1.39,0.882,1.563,cat1_2,cat2_5,cat3_5,no
-0.503,0.546,-1.24,-0.882,-1.518,1.236,1.178,0.74,cat1_1,cat2_0,cat3_13,si
1.188,0.539,1.19,-1.852,-0.762,0.612,-0.259,-1.898,cat1_1,cat2_3,cat3_12,no
-1.7,1.904,-0.16,-0.351,-0.519,-0.399,-1.421,0.351,cat1_2,cat2_2,cat3_13,no
-0.531,1.005,0.156,-0.679,-1.212,0.39,-1.642,0.096,cat1_3,cat2_3,cat3_4,no
-1.543,1.072,-0.06,-0.035,-0.123,1.762,0.194,-0.207,cat1_1,cat2_4,cat3_5,no
0.293,1.895,-0.371,-1.356,1.493,1.146,1.726,-1.756,cat1_3,cat2_0,cat3_12,no
-1.644,-0.888,-0.695,-0.304,1.811,-1.584,0.683,1.077,cat1_2,cat2_3,cat3_5,no
0.449,-1.287,-0.188,1.372,0.807,0.053,-1.052,-1.859,cat1_0,cat2_5,cat3_7,no
-0.403,0.997,-0.707,1.337,0.217,-1.562,1.684,-1.099,cat1_3,cat2_0,cat3_5,no
-0.689,1.991,-0.307,0.192,1.729,1.414,-1.313,0.283,cat1_3,cat2_3,cat3_8,si
,1.093,-1.088,-0.2,-1.938,-0.35,1.672,-0.35,cat1_0,cat2_3,cat3_14,no
-0.481,1.97,0.544,-1.7,-1.177,-0.751,1.755,0.002,cat1_2,cat2_2,cat3_6,no
0.148,1.136,-1.472,1.033,1.616,-0.809,-0.172,1.054,cat1_2,,cat3_3,no
,-0.873,0.587,1.397,-0.487,0.006,-1.76,-0.291,cat1_2,cat2_4,cat3_9,si
1.105,1.027,-1.361,0.849,0.849,-0.469,1.267,0.531,cat1_2,cat2_1,cat3_14,no
-1.092,-0.875,-1.95,-0.005,0.564,-0.956,0.081,-1.068,cat1_0,cat2_3,cat3_7,si
0.176,-0.214,1.219,-1.42,1.76,1.822,-0.448,0.593,cat1_3,cat2_0,cat3_9,no
0.328,-1.807,1.84,1.963,-1.48,1.704,0.721,1.079,cat1_0,cat2_5,cat3_4,si
-1.225,-0.341,-0.198,-0.489,-0.652,1.076,1.319,-1.332,cat1_3,cat2_1,cat3_12,no
-1.003,1.245,-1.369,-0.03,1.312,0.272,0.063,-1.629,cat1_1,cat2_2,cat3_11,no
-0.334,1.88,1.914,1.918,-1.472,0.16,0.648,-1.735,cat1_2,cat2_5,cat3_11,si
-1.124,0.773,-0.265,-0.794,-0.202,-1.188,-1.929,-0.031,cat1_3,,cat3_6,no
-0.28,0.259,1.296,-0.694,-0.68,1.619,-0.688,0.948,cat1_2,cat2_0,cat3_4,no
1.479,-1.486,-0.118,-0.657,-1.891,-1.839,-0.412,-1.192,cat1_3,cat2_2,cat3_1,si
1.915,1.971,1.289,-1.066,1.892,-1.572,0.455,-0.139,cat1_3,cat2_1,cat3_2,si
,0.014,1.766,1.833,-1.684,-0.951,0.609,0.044,cat1_1,cat2_0,cat3_9,si
0.829,0.662,1.548,1.141,-1.983,0.683,-0.36,0.622,cat1_2,cat2_3,cat3_6,no
-0.509,-0.91,-1.573,1.251,-1.499,0.658,-0.198,-1.67,cat1_2,cat2_3,cat3_11,si
1.568,-0.493,0.154,-0.204,0.215,1.585,0.436,-0.47,cat1_0,cat2_2,cat3_0,no
-1.494,0.331,0.855,-1.61,1.302,-0.882,1.805,0.839,cat1_0,,cat3_14,no
-1.5,-1.484,-1.043,0.105,-0.479,-1.455,-0.773,1.017,cat1_3,cat2_4,cat3_1,no
1.995,-0.138,-1.086,1.002,-0.513,-1.772,0.955,-1.774,cat1_2,cat2_1,cat3_9,si
,-1.175,-1.583,1.515,0.493,1.521,-1.168,0.288,cat1_0,cat2_4,cat3_0,no
0.148,,-1.666,0.454,-0.491,-0.073,1.495,-1.824,cat1_0,cat2_2,cat3_2,no
1.277,1.258,-0.918,1.176,-1.138,-1.62,-1.096,-0.389,cat1_3,cat2_5,cat3_1,no
-1.932,-1.5,0,-0.514,-1.307,1.352,-1.078,1.233,cat1_3,cat2_5,cat3_4,no
1.698,-1.404,-0.524,0.616,-0.72,0.227,-0.68,0.963,cat1_0,cat2_1,cat3_14,si
0.399,1.432,-1.599,1.388,1.06,-1.107,-1.513,0.941,cat1_1,cat2_0,cat3_3,no
-1.917,0.119,-1.898,1.789,1.597,0.083,-1.726,0.015,cat1_2,cat2_4,cat3_9,no
0.288,1.166,0.712,1.503,1.355,-1.415,0.451,-1.114,cat1_3,cat2_0,cat3_1,no
-0.161,0.131,-0.631,-0.564,-1.843,-1.053,1.163,1.928,cat1_2,cat2_1,cat3_4,no
-0.757,0.045,0.595,-1.43,0.965,0.955,-0.987,1.999,cat1_1,cat2_1,cat3_13,no
1.316,-1.953,-0.648,-0.442,0.039,-1.792,-1.459,-1.852,cat1_2,cat2_3,cat3_6,si
-0.678,0.037,-1.206,-0.889,1.639,-1.744,-1.138,-1.254,cat1_2,cat2_4,cat3_13,no
0.982,1.815,-0.223,-0.562,1.974,1.729,-1.1,1.142,cat1_0,cat2_1,cat3_9,si
1.166,0.373,-0.057,0.608,-0.691,1.274,1.521,0.561,cat1_3,cat2_2,cat3_4,no
-0.381,-0.719,1.953,-0.156,-0.09,-1.47,-1.739,-1.267,cat1_0,cat2_5,cat3_12,no
-0.82,-1.426,0.385,-1.111,0.036,0.39,0.305,-1.936,cat1_3,cat2_0,cat3_0,no
-0.006,-1.961,0.344,-0.965,1.069,0.702,0.182,-0.757,cat1_2,cat2_2,cat3_6,no
1.207,1.946,-1.149,-1.781,0.575,0.927,-0.876,-1.79,cat1_0,cat2_4,cat3_1,no
-0.398,-0.984,-0.252,-0.343,-0.911,-1.729,-0.567,-1.891,cat1_1,cat2_3,cat3_13,si
1.172,-0.695,0.553,0.058,-0.259,-0.543,-0.803,-0.739,cat1_3,cat2_5,cat3_10,si
,-0.285,1.328,0.356,-0.877,0.097,-1.956,0.939,cat1_0,cat2_2,cat3_10,si
-0.367,0.948,-1.112,-0.856,-0.135,1.26,0.144,1.956,cat1_3,cat2_5,cat3_11,no
,-0.529,0.443,-1.333,1.142,-0.053,-1.287,1.04,cat1_1,cat2_5,cat3_9,no
-0.89,0.492,1.185,0.966,1.125,-1.286,-1.291,-0.482,cat1_3,cat2_1,cat3_14,no
-1.605,,-0.433,-1.457,-1.743,1.905,1.254,-1.873,cat1_3,cat2_3,cat3_3,no
-0.791,1.755,0.901,-1.081,-1.247,-0.296,1.823,-1.845,cat1_1,cat2_1,cat3_6,no
0.334,1.69,-0.56,0.447,-1.05,-0.109,-1.821,0.015,cat1_3,cat2_2,cat3_9,no
,-1.071,0.299,-1.747,1.981,0.52,1.648,0.976,cat1_2,cat2_3,cat3_12,no
-0.531,0.582,-1.034,1.408,0.134,1.062,-1.387,1.316,cat1_0,cat2_4,cat3_9,no
-0.646,-1.653,0.901,1.559,-1.28,0.963,1.938,-1.053,cat1_3,cat2_4,cat3_7,no
0.737,-0.323,0.799,0.595,0.06,1.51,1.944,1.187,cat1_1,cat2_2,cat3_9,si
1.899,-1.517,-1.369,-1.937,1.728,-0.155,-1.016,-1.621,cat1_0,cat2_5,cat3_1,si
-0.295,-0.21,-1.215,-1.3,1.024,1.979,1.271,0.863,cat1_3,cat2_3,cat3_4,no
-1.151,-1.555,1.925,-1.552,0.633,-1.995,-1.558,-1.84,cat1_0,cat2_1,cat3_12,no
0.499,1.016,0.128,-1.976,-1.486,1.831,0.289,1.891,cat1_2,cat2_4,cat3_1,no
1.479,-0.774,0.512,-1.391,-1.101,0.899,-1.293,1.39,cat1_2,cat2_4,cat3_4,no
-0.231,-1.108,0.233,1.114,0.048,0.532,1.629,-0.989,cat1_3,cat2_3,cat3_13,no
-0.966,-1.846,0.845,1.295,-1.325,-1.004,0.154,-1.558,cat1_2,cat2_4,cat3_14,si
1.698,1.092,0.46,0.553,1.742,1.067,1.523,0.73,cat1_2,cat2_2,cat3_6,si
0.324,1.844,1.987,-1.149,0.483,-1.659,1.577,-0.049,cat1_3,cat2_1,cat3_1,no
0.201,1.474,0.538,-0.35,1.664,-1.631,-0.779,-1.091,cat1_2,cat2_1,cat3_3,no
-1.923,,-1.043,-0.179,-1.546,-0.986,1.561,1.505,cat1_2,cat2_1,cat3_11,no
1.379,0.338,1.909,1.771,0.671,-0.11,1.896,1.654,cat1_3,cat2_2,cat3_5,si
0.092,1.825,1.067,-0.375,0.561,-0.335,-1.344,0.436,cat1_1,cat2_0,cat3_11,no
-1.679,-0.822,-1.114,-0.232,0.42,1.042,-1.443,1.597,cat1_0,cat2_1,cat3_1,si
-1.117,-1.799,-0.814,1.446,-1.213,1.098,0.451,0.464,cat1_2,cat2_2,cat3_9,si
,,0.87,1.099,0.489,0.038,0.915,1.831,cat1_0,cat2_5,cat3_12,no
0.58,-1.112,-1.143,0.193,0.758,-0.678,1.504,1.126,cat1_0,cat2_1,cat3_9,si
1.835,-1.153,1.179,0.014,1.456,1.087,-1.127,0.994,cat1_0,,cat3_8,si
-1.895,-0.809,-1.237,1.719,1.407,-0.421,-0.764,0.355,cat1_3,cat2_1,cat3_11,no
0.921,0.911,-0.186,0.768,-0.055,-0.977,1.892,1.999,cat1_0,cat2_4,cat3_9,no
-1.732,1.092,1.839,-0.042,1.961,-0.439,0.684,1.281,cat1_1,cat2_3,cat3_9,no
-0.094,-0.61,1.313,1.188,-1.602,-1.768,1.16,0.858,cat1_3,cat2_2,cat3_5,no
-1.703,1.358,-1.542,0.888,-1.395,-1.741,0.998,-0.152,cat1_0,cat2_5,cat3_8,no
1.464,-1.984,1.759,-1.979,-1.388,1.877,0.908,-0.775,cat1_0,cat2_2,cat3_8,si
1.49,1.086,0.22,-0.065,-1.591,-0.372,-1.936,1.829,cat1_2,cat2_4,cat3_5,no
-1.617,1.734,1.308,-1.96,0.812,0.3,-1.404,1.978,cat1_0,cat2_2,cat3_14,no
,-1.737,-1.852,0.057,-0.944,-1.217,-1.428,0.22,cat1_3,,cat3_2,no
,,-0.43,-1.985,1.579,-0.044,-0.88,0.914,cat1_2,cat2_5,cat3_9,no
0.767,0.069,0.288,1.063,-0.68,-1.983,0.904,0.002,cat1_3,cat2_1,cat3_13,no
-1.423,1.847,-1.153,-0.571,0.482,0.2,1.777,1.901,cat1_0,cat2_3,cat3_7,no
,-0.768,-0.789,-1.608,0.954,-1.671,-0.867,0.652,cat1_1,,cat3_0,si
-1.599,-0.938,1.128,-0.335,0.913,0.113,0.009,-0.614,cat1_1,cat2_1,cat3_4,no
-0.151,1.21,1.887,-1.311,0.347,1.506,1.415,-0.118,cat1_2,cat2_4,cat3_9,no
0.666,-1.169,1.997,1.688,1.2,-1.532,1.2,0.984,cat1_3,cat2_1,cat3_11,si
1.231,-0.851,0.008,-0.339,1.153,-1.318,1.493,0.572,cat1_3,cat2_3,cat3_1,si
0.409,0.513,1.45,-0.388,1.488,-1.381,1.89,-1.543,cat1_0,cat2_4,cat3_12,no
-0.255,-0.134,-1.184,1.689,1.628,-0.031,1.855,-0.57,cat1_0,cat2_5,cat3_1,no
1.115,1.244,-1.12,-0.634,1.227,1.022,0.741,-1.433,cat1_1,cat2_4,cat3_8,si
1.124,1.39,-1.637,1.84,1.655,-0.21,-0.32,0.21,cat1_3,cat2_2,cat3_6,si
-0.995,0.396,0.612,1.819,-1.899,0.087,1.567,-1.178,cat1_0,cat2_4,cat3_10,no
-1.26,1.42,-1.304,-1.313,-0.766,1.524,0.958,0.869,cat1_2,cat2_5,cat3_3,no
0.067,,-0.644,1.081,0.102,-1.028,-0.061,-0.875,cat1_1,cat2_1,cat3_1,si
1.634,1.515,1.257,-0.776,-0.833,0.173,-1.482,-0.065,cat1_3,cat2_2,cat3_8,no
-1.648,,-0.098,-1.527,0.019,0.365,-1.946,1.502,cat1_0,cat2_1,cat3_3,si
-1.985,,0.835,-0.304,-1.416,1.953,-1.265,1.673,cat1_0,cat2_1,cat3_7,no
0.101,0.471,1.635,-0.187,0.424,1.668,1.221,-0.324,cat1_1,cat2_1,cat3_13,no
0.494,-0.467,1.256,0.888,0.626,1.273,1.285,-1.981,cat1_3,cat2_2,cat3_11,no
,1.427,-1.666,-1.524,0.553,1.407,1.493,1.241,cat1_1,cat2_3,cat3_9,no
0.829,0.996,-1.973,-1.762,1.652,-0.905,1.075,-0.777,cat1_3,cat2_2,cat3_7,no
1.368,-1.849,-0.645,0.629,-0.009,1.207,0.374,-0.915,cat1_1,cat2_5,cat3_6,si
-1.8,0.146,-0.224,-0.392,-0.612,-0.469,0.584,1.916,cat1_2,cat2_2,cat3_5,no
0.144,1.73,-1.497,1.595,-0.486,0.808,1.497,-1.615,cat1_2,cat2_4,cat3_10,no
0.026,-1.833,-1.79,-1.537,-1.423,0.817,-1.981,1.963,cat1_2,cat2_4,cat3_14,si
-1.688,-0.604,-1.564,0.672,-1.866,0.791,1.22,-0.677,cat1_3,,cat3_7,no
-0.699,-1.452,-0.849,1.435,-1.986,-0.879,0.723,-1.657,cat1_1,cat2_0,cat3_2,no
1.947,0.054,-0.896,0.264,1.106,1.827,1.413,1.977,cat1_3,cat2_2,cat3_5,no
-1.633,0.811,-1.913,1.168,-0.292,0.175,-1.572,-0.549,cat1_1,cat2_1,cat3_3,no
1.676,-1.616,-0.329,0.891,0.544,-1.371,1.219,0.111,cat1_1,cat2_1,cat3_2,no
,-1.665,0.408,-0.915,-1.02,0.463,1.109,-1.598,cat1_1,cat2_2,cat3_13,si
0.783,1.081,-1.202,1.033,-0.434,-0.78,-0.726,-0.941,cat1_2,cat2_0,cat3_5,no
0.672,1.462,-0.332,-1.201,-1.929,-1.382,-0.382,0.898,cat1_0,cat2_0,cat3_14,no
-1.476,1.263,0.296,1.696,-0.341,-0.971,-0.153,1.822,cat1_0,cat2_0,cat3_14,no
-1.168,1.268,-1.372,-0.983,0.528,1,-1.328,-1.839,cat1_2,cat2_2,cat3_1,no
1.515,0.335,-0.592,1.32,-1.915,-1.414,-1.754,-1.284,cat1_0,cat2_4,cat3_3,no
0.806,0.207,0.933,1.162,-0.727,-0.412,0.016,1.054,cat1_3,cat2_2,cat3_2,no
0.848,-0.243,1.769,-1.249,0.911,-0.321,0.953,-1.39,cat1_3,cat2_2,cat3_1,no
-1.356,-1.22,-1.517,-0.292,0.568,-0.969,1.87,0.361,cat1_1,cat2_4,cat3_1,si
0.443,0.408,0.165,0.856,0.221,1.083,0.734,0.842,cat1_2,cat2_2,cat3_6,no
-0.959,1.548,0.349,-1.839,1.108,-1.721,-1.176,-0.718,cat1_0,cat2_1,cat3_14,si
0.616,1.214,-0.521,-0.192,0.66,-0.792,0.152,-1.503,cat1_2,cat2_0,cat3_9,no
0.482,-0.199,1.91,-1.058,-1.976,0.057,-1.92,1.929,cat1_3,cat2_5,cat3_3,no
-1.78,-1.223,-1.537,-1.4,-1.733,-1.208,-1.265,1.935,cat1_2,cat2_0,cat3_9,no
-0.566,0.441,1.639,1.037,-1.554,-0.784,-1.555,1.841,cat1_1,cat2_1,cat3_4,no
0.944,-0.45,0.688,1.445,-1.632,-1.05,-1.26,1.946,cat1_3,cat2_3,cat3_1,si
1.7,0.88,1.454,1.084,-0.69,-1.226,-0.851,0.417,cat1_2,cat2_4,cat3_5,si
-0.419,-0.462,-1.158,0.934,-0.163,1.272,0.673,-1.543,cat1_2,cat2_3,cat3_11,no
0.387,1.37,-1.603,1.275,-1.001,-0.861,1.768,1.066,cat1_3,cat2_5,cat3_12,no
1.19,-0.377,-1.173,1.519,-0.445,-0.443,-0.659,1.911,cat1_0,cat2_3,cat3_5,no
0.408,-0.926,-0.296,-1.275,-1.997,-1.291,-1.64,-1.995,cat1_0,cat2_0,cat3_10,si
-0.897,0.908,-1.191,0.89,-0.867,-0.395,-1.494,0.313,cat1_0,cat2_0,cat3_9,no
,-1.768,-0.18,-0.494,0.664,-1.684,1.583,1.339,cat1_0,cat2_2,cat3_6,no
-1.243,-0.599,-0.359,-0.929,0.754,1.131,-0.782,-0.301,cat1_1,cat2_1,cat3_11,si
-1.488,-0.918,0.667,-0.738,-1.309,-0.63,0.476,1.703,cat1_3,cat2_3,cat3_12,no
-1.754,-1.917,0.986,0.896,0.749,1.294,1.237,1.197,cat1_2,cat2_5,cat3_7,si
-1.343,-1.213,-1.693,-0.574,0.978,-0.646,-0.967,-1.769,cat1_0,cat2_1,cat3_12,si
-1.103,0.34,1.861,1.974,-1.776,1.562,1.476,0.187,cat1_0,cat2_1,cat3_12,no
-0.999,-1.821,1.933,0.927,1.006,-0.006,-1.501,1.372,cat1_0,cat2_5,cat3_3,no
-1.964,-0.705,-0.082,-1.943,0.881,0.07,1.328,-0.579,cat1_2,,cat3_5,no
-0.903,1.4,0.429,-0.713,0.744,0.763,0.094,-0.599,cat1_2,cat2_5,cat3_4,no
1.237,1.082,0.944,-1.492,-0.346,-1.551,-1.992,-1.364,cat1_1,cat2_1,cat3_11,no
0.567,-0.734,1.789,-0.1,-1.624,1.377,0.516,0.535,cat1_3,cat2_2,cat3_13,no
0.719,-0.51,0.425,0.076,-0.998,0.598,-0.283,0.784,cat1_3,cat2_5,cat3_1,no
-0.45,-0.131,-1.7,-0.513,-1.615,-1.406,0.352,1.481,cat1_1,cat2_4,cat3_6,no
-1.192,0.531,1.009,-0.646,-1.1,-1.941,-1.312,1.989,cat1_1,cat2_0,cat3_3,no
1.251,1.689,0.199,-0.24,-1.221,-0.943,0.959,1.806,cat1_3,cat2_5,cat3_5,no
-0.631,-0.128,1.755,-0.896,0.72,-1.373,1.185,0.904,cat1_0,cat2_4,cat3_12,no
-0.503,0.854,-0.975,0.128,-0.584,0.983,0.725,1.478,cat1_2,cat2_0,cat3_8,no
,1.299,1.575,0.806,-0.034,-1.1,0.472,-1.55,cat1_3,cat2_4,cat3_5,no
-1.358,-0.692,0.237,-0.771,-1.114,1.662,1.932,-1.191,cat1_1,cat2_5,cat3_3,no
-1.268,1.744,1.565,0.037,-1.503,0.978,0.26,1.866,cat1_3,cat2_1,cat3_11,no
1.907,1.044,0.22,0.456,-0.09,1.232,0.933,0.148,cat1_0,cat2_1,cat3_1,si
-0.831,1.285,-0.391,0.678,-0.21,-1.243,1.425,0.775,cat1_2,cat2_1,cat3_6,no
1.212,0.986,0.618,1.436,0.28,1.85,0.675,-1.452,cat1_2,cat2_5,cat3_5,no
0.74,1.894,-1.26,0.539,-0.377,1.149,-0.964,-0.387,cat1_0,cat2_4,cat3_13,no
1.31,1.238,1.792,1.153,0.849,1.924,0.728,1.97,cat1_1,cat2_1,cat3_11,si
1.318,-0.62,-1.403,0.883,0.398,-0.938,1.205,0.694,cat1_3,cat2_4,cat3_6,no
0.663,1.989,1.84,0.487,-0.573,1.817,0.063,-1.899,cat1_2,cat2_1,cat3_8,no
1.72,-0.031,-0.257,1.962,-1.252,-1.215,1.815,-0.839,cat1_2,cat2_2,cat3_11,si
0.009,-1.578,-1.15,-0.834,-1.715,-0.418,-1.026,-1.246,cat1_3,cat2_3,cat3_11,si
1.467,1.173,0.055,1.772,-0.816,-0.397,0.352,-1.29,cat1_1,cat2_5,cat3_0,si
-0.615,-1.696,-1.042,0.632,0.737,-1.643,-0.118,-0.737,cat1_3,cat2_0,cat3_13,no
0.89,1.578,-0.318,0.001,1.742,-1.118,1.903,0.005,cat1_2,cat2_5,cat3_10,no
-1.103,-1.482,0.75,1.172,-1.976,-0.302,-0.847,-0.475,cat1_0,cat2_4,cat3_13,no
0.999,-1.454,1.346,-1.911,0.076,-0.109,-1.451,0.281,cat1_0,cat2_4,cat3_4,no
-0.395,-1.34,-0.061,-1.94,-1.16,-1.447,1.248,0.304,cat1_2,cat2_0,cat3_0,si
-0.406,0.095,0.848,-0.76,-0.42,1.225,0.889,0.674,cat1_2,cat2_5,cat3_7,no
,-0.953,1.02,-0.266,-1.402,0.605,1.239,-1.733,cat1_2,cat2_0,cat3_6,si
0.268,0.901,1.343,1.073,1.532,-1.361,-0.455,1.001,cat1_1,cat2_0,cat3_10,si
-0.483,-1.4,0.366,-1.794,0.13,-0.865,-1.675,-1.088,cat1_3,cat2_1,cat3_3,no
0.313,-1.608,1.508,-1.532,-0.074,-0.004,-1.288,-0.468,cat1_1,cat2_1,cat3_4,no
-0.562,-0.101,-0.866,-0.248,0.868,0.862,-1.628,-0.974,cat1_0,cat2_3,cat3_7,no
-0.998,1.276,-1.942,-1.462,-0.467,1.279,0.282,1.694,cat1_2,cat2_2,cat3_2,no
1.434,-0.605,-0.755,-0.053,0.745,1.746,1.711,-0.246,cat1_1,cat2_5,cat3_8,si
0.849,-0.681,1.077,0.895,-0.195,0.599,0.946,1.33,cat1_3,cat2_3,cat3_11,no
-0.838,-0.542,-0.911,-1.405,-1.233,-0.148,1.48,-0.656,cat1_1,cat2_5,cat3_6,no
-0.235,1.866,1.387,-0.374,-1.916,-1.669,0.051,1.527,cat1_2,cat2_1,cat3_5,no
-0.092,-1.622,-0.775,0.322,1.674,0.475,1.851,0.993,cat1_3,cat2_5,cat3_11,no
,-0.483,1.239,-0.201,1.988,-0.669,-0.958,0.707,cat1_3,cat2_4,cat3_14,no
1.568,-1.267,0.307,-0.951,1.523,-0.911,-0.463,0.289,cat1_0,cat2_4,cat3_2,si
-0.787,-0.219,0.535,-1.349,-0.848,0.338,-0.501,-0.131,cat1_3,cat2_0,cat3_7,no
1.811,-0.463,-1.311,0.15,-1.012,-1.973,-0.724,-1.505,cat1_0,cat2_3,cat3_5,no
-0.125,0.041,-1.699,-0.917,0.221,1.16,-0.444,0.284,cat1_1,cat2_1,cat3_2,si
-1.941,-1.517,-1.961,0.895,1.392,0.585,-0.952,-1.108,cat1_3,cat2_0,cat3_2,no
-1.555,-0.28,1.97,-0.008,1.031,0.907,-0.648,0.405,cat1_0,cat2_0,cat3_13,no
-0.279,1.014,-0.651,-1.086,-1.047,-1.558,-1.9,-0.45,cat1_1,,cat3_3,si
-1.68,-1.297,0.539,-0.522,-0.444,-0.308,-0.172,0.708,cat1_1,cat2_1,cat3_13,no
-0.87,,0.854,1.773,-0.112,0.436,-1.402,-1.274,cat1_1,cat2_3,cat3_13,no
0.984,0.484,-1.703,0.981,-0.024,1.261,-1.869,-0.706,cat1_1,cat2_5,cat3_3,si
1.122,1.873,-0.71,0.264,1.57,0.63,1.027,0.487,cat1_3,cat2_5,cat3_11,no
0.582,0.725,1.339,-1.946,-0.109,-0.979,1.418,-0.543,cat1_1,cat2_0,cat3_7,si
-1.557,1.302,0.688,-0.092,1.047,1.221,0.102,0.389,cat1_1,cat2_5,cat3_1,no
-1.789,-1.331,0.494,-1.555,1.7,0.146,-1.051,-1.188,cat1_1,cat2_2,cat3_13,no
-0.287,0.013,0.965,-1.661,0.603,-0.815,1.139,0.125,cat1_2,cat2_1,cat3_6,no
0.679,-0.682,-1.222,1.972,-0.965,1.207,0.843,-1.176,cat1_2,cat2_2,cat3_14,no
0.193,1.619,0.552,1.118,-1.152,0.358,-1.912,-1.375,cat1_2,cat2_0,cat3_3,no
-1.991,1.775,-0.424,-1.167,-0.021,-0.769,0.996,0.703,cat1_0,cat2_5,cat3_2,no
-0.45,1.211,0.557,1.967,1.426,0.388,-0.758,1.645,cat1_3,cat2_3,cat3_1,si
,-1.974,0.817,-0.14,0.046,-0.99,-1.178,-0.037,cat1_2,cat2_5,cat3_0,si
0.442,0.918,0.204,-0.057,-1.272,0.103,0.694,-1.693,cat1_0,cat2_3,cat3_0,no
,-1.834,-0.272,-1.538,-1.092,1.39,1.9,0.167,cat1_1,cat2_1,cat3_1,si
0.191,-1.462,1.404,-0.783,1.988,-0.805,0.022,-1.859,cat1_1,,cat3_3,no
,0.267,-0.35,-0.54,-1.269,0.122,-1.673,-1.641,cat1_1,cat2_5,cat3_5,no
-1.661,1.804,0.38,-0.546,-1.598,1.145,-1.747,0.066,cat1_1,cat2_4,cat3_9,no
-1.577,-0.337,1.643,0.317,0.578,1.031,1.569,0.864,cat1_3,cat2_2,cat3_3,no
-0.083,-0.678,1.444,-0.355,-0.262,0.485,1.175,0.273,cat1_2,cat2_1,cat3_5,si
0.218,-0.932,1.427,-1.336,-1.226,1.082,0.407,-1.768,cat1_1,cat2_3,cat3_11,no
1.298,-0.893,1.769,-1.555,0.724,-0.416,0.211,1.046,cat1_3,cat2_0,cat3_3,no
-1.304,-0.168,0.529,-0.519,-1.269,0.613,-0.803,1.66,cat1_2,cat2_1,cat3_0,no
-0.373,1.551,1.112,1.81,1.04,-1.928,-0.052,0.657,cat1_3,cat2_0,cat3_12,no
0.029,-1.513,0.647,0.733,1.933,0.962,-1.336,1.481,cat1_2,cat2_2,cat3_0,si
0.021,-1.513,-0.47,-1.653,-1.401,1.371,1.883,0.001,cat1_2,cat2_4,cat3_5,si
0.06,-1.504,-0.827,0.337,-0.843,0.134,-0.013,0.205,cat1_0,cat2_0,cat3_9,no
-1.501,-0.034,-0.33,-0.318,0.053,-1.038,0.605,1.931,cat1_0,cat2_1,cat3_12,no
-0.842,-1.794,-0.541,-0.161,0.343,-1.73,-0.161,1.952,cat1_2,cat2_5,cat3_14,no
1.328,1.175,1.774,1.891,1.093,-1.479,-0.475,-1.764,cat1_3,cat2_5,cat3_11,no
0.554,-1.645,0.458,0.169,-0.489,0.783,-1.394,-0.794,cat1_2,cat2_3,cat3_8,si
1.785,-0.087,-1.125,-1.364,1.441,0.501,1.188,-0.674,cat1_0,cat2_4,cat3_5,no
-0.189,0.501,1.259,-0.972,-1.721,-1.028,0.913,-0.592,cat1_2,cat2_2,cat3_0,no
-1.568,-1.509,-1.483,0.659,-0.264,-0.251,-1.862,1.683,cat1_0,cat2_3,cat3_9,no
1.139,1.225,1.712,-0.333,-1.955,-0.016,1.72,0.813,cat1_3,cat2_1,cat3_7,no
0.452,1.923,1.34,0.861,-1.315,0.96,-1.837,1.435,cat1_3,cat2_1,cat3_6,si
-1.242,-1.503,-0.146,-1.569,1.962,-1.013,0.576,-0.356,cat1_0,cat2_5,cat3_9,si
0.993,-0.514,0.673,0.445,0.697,0.487,-0.972,-0.543,cat1_0,cat2_2,cat3_10,no
-1.075,0.824,-0.645,-1.861,-1.477,-0.32,-0.687,-0.917,cat1_3,cat2_1,cat3_12,no
-1.977,-0.661,-0.651,-1.458,-1.478,-0.241,1.553,-0.238,cat1_0,cat2_2,cat3_12,no
-0.951,1.032,-0.407,-0.698,-1.86,1.659,0.926,-1.227,cat1_0,cat2_5,cat3_1,no
-1.938,-1.229,-1.375,-1.948,-0.935,1.477,-1.638,0.346,cat1_3,cat2_4,cat3_11,no
0.205,1.943,0.969,-0.389,0.797,0.799,1.494,1.263,cat1_0,cat2_4,cat3_13,no
1.321,-1.586,1.155,-0.485,-1.857,-0.336,1.6,1.943,cat1_1,cat2_5,cat3_1,si
-1.404,-0.533,0.993,-1.783,0.191,1.8,0.426,-0.513,cat1_3,cat2_1,cat3_4,no
-1.413,-0.381,-1.791,1.809,1.418,-1.635,-0.24,-0.733,cat1_0,cat2_1,cat3_4,no
1.452,-1.758,-1.961,-0.472,-1.75,-0.754,-0.653,0.176,cat1_0,cat2_2,cat3_9,si
-0.747,-0.324,1.705,1.84,-0.545,-0.057,-1.457,-1.954,cat1_1,cat2_2,cat3_0,si
-1.51,1.774,1.835,0.98,-0.506,-0.838,-0.055,0.421,cat1_3,cat2_1,cat3_9,no
-0.36,0.193,0.205,0.365,-1.882,-1.126,-1.331,-0.94,cat1_2,cat2_0,cat3_14,no
1.696,1.028,-1.732,0.704,-1.858,-0.174,-0.296,0.261,cat1_1,cat2_5,cat3_6,no
-0.465,-1.127,-1.828,-1.009,-1.295,1.004,1.856,-1.688,cat1_0,cat2_0,cat3_8,no
-1.054,-0.955,0.128,-0.874,0.415,0.351,-1.762,-0.981,cat1_2,cat2_3,cat3_8,si
0.1,-0.066,-0.118,0.178,-1.471,0.147,-0.524,0.085,cat1_0,cat2_5,cat3_5,si
0.212,-1.331,1.683,1.641,-1.448,-0.898,-0.671,0.972,cat1_0,cat2_2,cat3_13,si
1.646,-0.497,-0.878,0.378,-1.051,1.661,0.07,-0.086,cat1_0,cat2_0,cat3_2,no
0.504,0.534,0.527,0.669,-0.959,-0.995,0.637,-1.607,cat1_2,cat2_0,cat3_5,si
-0.56,1.726,0.778,0.25,1.328,1.878,0.723,-1.906,cat1_1,cat2_0,cat3_10,si
-1.63,0.07,-1.638,1.22,-1.933,-1.392,-0.072,0.761,cat1_1,cat2_1,cat3_4,no
1.538,-1.078,-0.217,-0.143,0.275,1.836,-1.479,-1.756,cat1_1,cat2_3,cat3_9,si
0.229,-0.149,-0.918,0.697,-0.034,0.539,-0.847,-0.405,cat1_3,cat2_5,cat3_14,no
1.956,1.282,1.736,-0.384,0.259,0.509,0.76,0.915,cat1_3,cat2_5,cat3_2,no
-0.632,,0.777,-0.368,-0.137,0.39,-0.647,-1.044,cat1_2,cat2_2,cat3_5,no
1.635,-0.295,1.027,0.354,0.51,-0.158,-1.279,-1.169,cat1_3,cat2_4,cat3_10,no
1.409,1.841,-0.101,-0.453,1.494,0.788,0.177,0.725,cat1_3,cat2_4,cat3_2,no
-0.91,1.557,-1.263,0.02,0.183,-1.972,-0.712,-1.867,cat1_2,cat2_2,cat3_9,no
-1.169,-0.592,0.888,1.144,-1.568,-1.911,1.68,-1.867,cat1_0,cat2_1,cat3_5,no
,-0.083,1.162,1.359,0.141,-0.497,-1.922,-0.953,cat1_0,cat2_3,cat3_8,no
0.8,-1.983,-0.499,-0.402,-0.857,-1.051,0.598,-0.116,cat1_1,cat2_2,cat3_13,si
-0.831,0.993,-1.931,-0.042,-1.958,1.741,1.857,-0.472,cat1_2,cat2_2,cat3_11,no
-0.683,0.421,1.085,1.45,1.817,0.783,0.766,-1.322,cat1_1,cat2_3,cat3_1,si
1.688,-0.874,1.35,-0.216,0.047,-1.431,1.727,1.707,cat1_3,cat2_2,cat3_13,no
0.434,1.432,0.524,0.055,-0.162,-1.653,-1.379,-0.446,cat1_2,cat2_4,cat3_11,si
-0.919,-0.258,0.929,0.785,-0.121,0.06,1.955,1.867,cat1_0,cat2_0,cat3_5,no
0.427,1.75,-1.611,-1.292,-0.282,0.419,-1.708,-1.415,cat1_2,cat2_0,cat3_11,no
1.186,-0.972,0.062,-0.813,-0.819,1.71,-1.947,1.329,cat1_2,cat2_4,cat3_3,si
0.036,-1.959,-1.4,0.894,1.608,-0.68,-0.269,1.923,cat1_0,cat2_3,cat3_4,si
-1.091,-0.731,0.152,1.39,1.18,-1.2,-0.293,-1.783,cat1_0,cat2_2,cat3_6,no
-1.508,-1.105,-1.474,-0.447,-1.879,-0.718,-0.843,0.692,cat1_2,cat2_3,cat3_4,no
0.635,-0.898,-0.769,1.515,-1.301,-0.312,0.943,0.033,cat1_0,cat2_3,cat3_10,no
,0.624,-0.195,-0.463,0.419,-0.026,1.798,0.907,cat1_3,,cat3_4,no
-1.091,1.326,1.787,-1.772,-1.578,-1.956,-1.475,0.423,cat1_0,cat2_3,cat3_9,no
-0.799,1.002,0.144,0.946,-0.319,0.568,-0.147,-0.282,cat1_3,cat2_3,cat3_11,no
-0.943,-0.858,0.12,0.068,-1.426,-0.378,0.018,-1.874,cat1_3,cat2_1,cat3_4,no
0.611,1.579,0.18,-1.899,-1.664,-0.898,1.229,-0.703,cat1_1,cat2_4,cat3_3,si
0.635,0.243,-0.282,0.485,-0.513,-0.396,1.752,1.09,cat1_2,cat2_2,cat3_5,si
0.189,-1.254,1.295,1.827,-0.331,1.662,0.359,-1.952,cat1_2,cat2_3,cat3_12,si
1.771,-1.519,1.192,-1.323,-0.216,0.892,1.092,-0.676,cat1_0,cat2_3,cat3_9,si
0.093,0.181,-1.91,-0.121,-0.774,-1.965,0.983,-1.451,cat1_3,cat2_4,cat3_12,no
1.777,0.002,0.577,1.608,1.38,-0.478,-0.729,1.25,cat1_2,cat2_2,cat3_5,si
,1.866,0.606,-0.84,1.174,-0.2,1.798,0.351,cat1_1,cat2_0,cat3_3,no
-1.186,1.904,-1.44,-1.096,-0.035,-0.873,-0.142,-1.734,cat1_3,cat2_4,cat3_8,no
0.694,0.397,0.444,-1.269,0.298,-1.421,-1.59,0.227,cat1_0,cat2_2,cat3_4,si
1.888,0.563,0.62,-1.743,-0.923,-1.974,1.545,1,cat1_0,cat2_1,cat3_11,si
-1.649,1.946,-0.034,0.708,0.569,-0.185,-0.07,1.384,cat1_2,cat2_0,cat3_12,no
1.12,-1.841,1.867,-1.416,0.584,0.853,-1.911,0.876,cat1_1,cat2_0,cat3_9,si
-1.669,-0.192,1.776,1.069,0.474,0.199,1.54,-0.566,cat1_0,cat2_5,cat3_12,no
0.669,,1.673,-1.155,-0.096,-0.34,-0.372,-1.192,cat1_3,cat2_0,cat3_5,no
-0.563,-0.23,0.742,-1.687,1.846,-0.145,-0.381,1.204,cat1_0,cat2_4,cat3_3,no
-1.63,,-0.914,-0.522,0.963,-0.737,-0.251,-0.828,cat1_2,cat2_5,cat3_7,no
-1.904,0.046,-1.406,0.694,-0.909,-0.62,1.317,-0.935,cat1_2,cat2_5,cat3_2,no
0.763,-1.749,-0.315,-1.013,-1.699,-1.493,0.574,1.764,cat1_3,cat2_1,cat3_14,no
-1.986,-0.886,-0.646,1.635,-1.593,-0.681,1.58,0.62,cat1_2,cat2_0,cat3_9,no
-0.91,0.234,1.776,1.098,1.075,-0.789,-0.373,0.127,cat1_2,cat2_0,cat3_3,no
-0.535,-1.564,-0.754,0.274,-0.711,0.97,0.878,-0.508,cat1_2,cat2_4,cat3_10,no
1.373,0.593,-1.803,-1.148,0.733,-0.979,1.015,0.685,cat1_1,cat2_5,cat3_9,si
-0.847,-0.133,1.356,1.813,-1.963,-1.529,1.886,-0.849,cat1_0,cat2_5,cat3_5,no
-1.134,1.367,-0.385,-1.763,-0.173,-1.414,-1.941,0.162,cat1_0,cat2_5,cat3_14,no
-0.438,1.562,-0.784,-1.573,0.414,1.279,-1.095,1.443,cat1_3,cat2_5,cat3_1,no
-0.843,0.234,1.617,-1.994,-0.951,-0.72,0.49,1.441,cat1_1,cat2_4,cat3_14,no
-1.336,-0.228,-0.372,0.693,-0.671,-0.753,-1.802,1.421,cat1_3,cat2_0,cat3_11,no
0.816,-1.37,0.815,1.245,-1.297,-0.376,-0.434,-1.387,cat1_0,cat2_1,cat3_13,no
-0.293,1.395,1.887,-1.218,-0.331,-1.998,1.708,0.813,cat1_0,cat2_5,cat3_8,no
0.523,-1.472,-0.108,-1.021,-1.966,0.722,-0.582,0.595,cat1_2,cat2_3,cat3_11,si
-1.327,-0.72,-1.173,-0.341,-0.338,-0.702,-0.943,0.149,cat1_3,cat2_5,cat3_14,no
-0.649,0.382,1.052,0.143,0.357,0.944,-0.972,-0.931,cat1_0,cat2_4,cat3_1,no
1.912,0.747,-0.83,1.656,1.253,-1.29,1.255,1.274,cat1_2,cat2_1,cat3_13,si
-0.617,-0.376,-1.508,1.987,-1.626,0.071,1.466,-0.849,cat1_3,cat2_2,cat3_12,si
-1.189,-0.852,-0.04,0.986,1.659,1.609,0.168,0.889,cat1_3,cat2_5,cat3_1,si
-0.385,0.644,-1.04,1.519,1.869,-0.337,-0.391,0.775,cat1_2,cat2_5,cat3_2,si
-1.987,0.078,-1.772,-0.206,-0.247,1.6,0.529,0.867,cat1_3,cat2_1,cat3_4,no
1.824,-1.207,-1.244,-1.394,-0.873,-0.007,-0.488,-1.702,cat1_1,cat2_0,cat3_10,si
0.931,-0.941,-0.854,0.726,0.377,1.132,-0.016,0.491,cat1_2,cat2_5,cat3_9,si
1.554,-1.336,-1.509,-0.233,0.942,0.297,-0.58,-1.143,cat1_0,cat2_0,cat3_1,si
0.78,0.841,-0.861,-0.072,-1.362,0.113,-1.408,0.998,cat1_0,cat2_0,cat3_8,no
-0.495,1.101,-1.224,-1.543,0.196,0.165,1.246,0.017,cat1_0,cat2_2,cat3_2,no
-1.016,0.256,-1.577,1.404,-1.474,-0.84,0.047,1.673,cat1_0,cat2_0,cat3_11,no
-0.699,1.221,-1.716,-0.364,1.804,-0.12,-0.904,-0.371,cat1_0,cat2_0,cat3_6,no
,0.545,-1.753,1.46,-1.485,1.15,0.751,-1.981,cat1_0,cat2_0,cat3_8,no
1.276,1.594,1.327,0.506,0.703,1.103,-1.819,-0.131,cat1_1,cat2_5,cat3_0,si
0.575,-1.971,0.51,-1.217,0.664,-1.251,-1.835,0.126,cat1_3,cat2_3,cat3_6,no
0.306,1.52,-0.73,0.959,0.118,1.027,-1.046,-1.535,cat1_0,cat2_3,cat3_4,no
0.216,-0.66,1.874,1.218,-1.966,-1.706,0.976,-1.818,cat1_3,cat2_4,cat3_7,no
1.723,0.415,-0.091,-1.825,-0.617,-0.231,-1.249,1.429,cat1_0,cat2_0,cat3_14,si
0.307,1.929,1.685,0.482,0.333,-0.985,1.145,-0.627,cat1_3,cat2_4,cat3_12,no
-0.087,-1.823,0.384,0.37,0.918,1.161,-1.126,-0.631,cat1_2,cat2_0,cat3_4,si
1.541,-0.799,-0.863,-1.01,1.808,-0.109,-0.022,1.103,cat1_1,cat2_3,cat3_11,si
0.341,0.355,-1.363,0.534,-1.075,1.61,0.608,1.553,cat1_1,cat2_3,cat3_14,no
-1.498,-0.238,-0.077,1.141,1.553,1.729,1.895,-0.452,cat1_0,cat2_3,cat3_2,no
-0.83,0.756,1.121,1.858,-0.314,0.666,-0.754,0.559,cat1_3,cat2_1,cat3_5,no
1.676,0.965,-0.479,1.068,0.254,-1.107,-0.86,-0.702,cat1_0,cat2_3,cat3_0,no
-0.813,0.419,-1.153,-1.735,-1.313,-1.845,-0.065,1.71,cat1_1,,cat3_12,no
-0.031,1.473,-1.96,1.936,-1.995,1.804,1.833,0.838,cat1_2,cat2_5,cat3_5,si
-1.321,-1.107,0.41,1.541,1.912,-1.269,-0.744,1.347,cat1_2,cat2_2,cat3_6,no
0.4,0.729,0.316,1.36,1.676,1.229,0.824,1.497,cat1_2,cat2_3,cat3_3,no
-1.432,1.131,1.62,-0.94,1.826,0.572,1.032,-0.786,cat1_3,cat2_5,cat3_14,no
-1.448,-1.923,-0.272,-1.321,0.485,0.469,-1.011,0.135,cat1_1,cat2_2,cat3_10,si
-0.91,1.367,-0.553,1.814,0.082,0.46,-1.715,-1.911,cat1_1,cat2_2,cat3_1,si
1.077,0.775,-1.415,0.314,-1.967,-0.246,-1.522,-0.602,cat1_0,cat2_1,cat3_2,no
1.183,1.15,1.176,0.267,0.596,-0.063,1.147,0.643,cat1_2,cat2_0,cat3_3,si
-1.234,-0.727,1.404,-1.878,0.655,-1.126,1.441,0.751,cat1_2,cat2_3,cat3_7,si
-1.474,-0.646,1.067,0.387,1.434,1.483,-0.293,-1.011,cat1_0,cat2_2,cat3_14,no
1.464,-0.966,0.862,-1.522,-1.826,1.76,0.741,1.984,cat1_3,cat2_2,cat3_0,si
0.128,-0.669,-0.321,0.779,0.745,-1.927,1.06,0.861,cat1_1,cat2_3,cat3_14,si
0.184,-1.017,-1.857,-1.425,-0.195,-0.931,-1.852,1.492,cat1_1,cat2_0,cat3_6,no
0.696,0.807,0.826,1.598,-0.369,-1.546,1.882,-0.015,cat1_3,cat2_0,cat3_4,si
-1.697,-0.762,0.24,1.72,1.433,0.539,1.509,-1.834,cat1_3,cat2_2,cat3_2,no
-1.059,-1.963,-0.976,1.283,0.609,0.733,-1.341,0.602,cat1_3,cat2_1,cat3_8,no
0.984,1.044,1.732,1.687,-0.564,-1.304,1.473,-0.874,cat1_1,cat2_0,cat3_12,si
0.022,-1.284,-0.712,1.863,-1.967,0.688,0.5,-1.426,cat1_3,cat2_4,cat3_10,no
-1.261,0.239,-1.355,-0.98,0.67,1.303,-1.619,0.834,cat1_3,,cat3_9,si
0.126,1.725,-1.498,-1.87,-0.762,-0.852,1.113,0.305,cat1_2,cat2_3,cat3_9,no
1.662,0.779,1.489,0.262,0.978,-1.521,-1.854,-1.35,cat1_3,cat2_2,cat3_4,si
-0.7,1.12,-1.95,1.006,-1.39,0.593,-1.558,0.532,cat1_1,cat2_1,cat3_6,no
-1.24,,-0.306,-1.167,-0.701,1.04,-1.258,0.611,cat1_1,,cat3_4,si
1.053,-0.833,-0.332,-0.8,-0.919,-0.911,-1.48,0.505,cat1_1,cat2_3,cat3_2,si
-1.561,,1.249,0.846,-1.314,-1.871,-1.867,-0.899,cat1_1,cat2_4,cat3_3,no
0.279,-1.601,-1.676,0.735,-1.497,0.476,0.629,-0.361,cat1_0,cat2_1,cat3_4,no
,1.644,1.092,-0.887,0.884,0.184,0.493,-1.401,cat1_2,cat2_5,cat3_10,no
-0.809,-0.647,-0.094,0.763,-1.176,1.479,-1.824,-0.134,cat1_0,cat2_4,cat3_11,no
-1.9,-1.021,-1.382,-0.66,0.212,0.492,1.631,-1.202,cat1_0,cat2_4,cat3_1,no
1.317,1.165,1.828,1.672,-1.782,-1.523,-0.199,-0.407,cat1_2,cat2_0,cat3_12,si
-0.334,0.087,0.975,-1.579,0.843,1.25,-1.755,-0.855,cat1_2,cat2_0,cat3_1,no
0.92,0.35,0.782,-0.695,0.1,0.816,-1.038,-1.188,cat1_1,cat2_2,cat3_4,no
0.904,-1.566,-1.597,-0.263,1.772,1.17,0.026,0.516,cat1_3,cat2_0,cat3_12,no
1.124,1.973,0.569,0.141,-0.089,-0.113,-0.651,0.748,cat1_0,,cat3_1,no
-0.715,0.25,-0.922,-0.365,-0.257,0.549,1.981,1.423,cat1_3,cat2_3,cat3_5,no
0.223,-0.319,-0.602,0.283,1.111,1.745,-0.173,-0.931,cat1_1,cat2_2,cat3_13,no
0.286,-0.6,1.24,1.907,1.936,-1.933,0.545,0.567,cat1_0,cat2_4,cat3_7,si
-1.35,-1.038,0.827,-0.238,-1.658,-0.423,-1.607,-1.338,cat1_3,cat2_1,cat3_5,no
0.333,1.446,1.938,1.393,-0.594,0.94,-1.285,0.525,cat1_1,,cat3_10,no
-0.629,0.186,0.226,0.882,-1.064,-0.434,0.165,-0.814,cat1_1,cat2_0,cat3_13,no
-1.465,-1.404,1.602,0.946,-1.44,-0.282,-0.357,1.602,cat1_1,cat2_0,cat3_3,no
1.047,-0.094,-0.761,-0.118,0.275,1.555,-1.923,-0.578,cat1_0,cat2_4,cat3_8,si
,-0.406,0.894,0.605,-0.444,1.081,-1.499,0.064,cat1_3,cat2_5,cat3_5,si
-1.447,1.066,0.838,0.292,-1.642,-1.847,-1.621,-0.086,cat1_2,cat2_4,cat3_3,no
0.814,-1.234,1.581,0.903,1.74,0.449,-1.043,0.381,cat1_0,cat2_0,cat3_14,no
1.783,1.895,-1.371,-0.393,0.111,0.545,-0.403,0.91,cat1_3,cat2_3,cat3_11,no
-1.155,0.73,1.684,-0.614,1.525,0.903,-0.765,-1.407,cat1_2,cat2_2,cat3_10,no
-1.448,0.786,-1.457,-0.491,-1.464,0.95,-0.533,-1.841,cat1_3,cat2_3,cat3_5,no
-1.998,-0.693,1.849,0.852,-0.488,0.134,-0.669,0.66,cat1_2,cat2_0,cat3_2,no
0.004,1.449,0.59,-0.97,-1.393,0.068,-1.727,-1.747,cat1_1,cat2_1,cat3_13,no
1.415,1.036,-1.223,-0.599,-1.982,-1.582,0.115,0.79,cat1_1,cat2_5,cat3_0,no
1.629,-1.317,1.303,0.504,-0.985,-1.75,1.032,-0.131,cat1_2,cat2_5,cat3_12,si
,,1.811,1.035,-0.765,1.125,-1.954,-0.12,cat1_3,cat2_4,cat3_14,no
0.536,-1.294,-0.23,-1.226,0.942,0.256,1.98,0.504,cat1_0,cat2_2,cat3_5,si
-0.913,0.352,1.218,0.913,0.883,1.046,1.822,-1.088,cat1_0,cat2_5,cat3_10,si
0.557,-1.905,-1.48,1.959,1.925,0.61,-1.425,0.08,cat1_0,cat2_5,cat3_14,si
0.067,0.393,1.862,-0.072,1.484,-0.531,-0.852,-1.045,cat1_2,cat2_0,cat3_11,no
,-0.504,0.341,-1.841,0.539,-1.06,-1.562,-0.53,cat1_3,cat2_1,cat3_7,si
-1.811,-0.503,1.186,1.453,0.053,1.78,0.674,-1.436,cat1_3,cat2_1,cat3_10,no
-1.454,-0.414,1.342,-0.911,-1.899,1.268,-0.811,1.738,cat1_0,cat2_1,cat3_1,no
-1.144,,1.118,1.32,0.695,1.818,-1.149,0.507,cat1_1,,cat3_12,no
0.78,-0.855,1.228,0.835,1.824,-0.912,1.241,-0.015,cat1_2,cat2_3,cat3_13,si
1.911,-0.922,-1.75,1.522,-0.735,-0.57,1.992,-0.227,cat1_3,cat2_0,cat3_1,no
-0.836,-0.508,1.057,0.254,1.982,-0.29,1.246,0.675,cat1_1,cat2_1,cat3_14,no
0.735,0.947,0.755,1.077,-1.065,-1.365,-0.004,1.303,cat1_3,cat2_3,cat3_11,no
1.396,0.254,-1.061,-1.225,0.646,0.505,0.861,0.586,cat1_0,cat2_4,cat3_10,si
0.354,1.999,-0.851,-0.924,1.061,-0.488,-1.029,0.807,cat1_3,cat2_4,cat3_13,no
,-0.679,0.828,1.405,-0.325,1.009,0.87,-0.995,cat1_2,cat2_2,cat3_13,no
1.581,-0.78,0.716,1.71,-1.947,1.292,1.551,-0.554,cat1_2,cat2_4,cat3_1,si
1.169,-0.968,-0.381,-1.267,-0.533,-1.476,-0.051,0.946,cat1_2,cat2_2,cat3_9,si
-1.947,-0.177,-1.93,-0.708,1.683,-1.487,0.342,1.548,cat1_2,cat2_2,cat3_9,no
-0.412,-1.213,-1.59,1.557,-1.63,-1.681,-0.565,0.815,cat1_3,cat2_5,cat3_6,si
0.873,1.508,-1.046,-1.9,0.609,1.693,-1.079,0.079,cat1_3,cat2_4,cat3_3,no
-1.964,1.044,1.597,0.741,0.855,-0.652,0.151,0.368,cat1_0,,cat3_14,no
-0.943,-0.538,-1.222,-1.51,0.344,-0.457,-0.297,-1.665,cat1_1,,cat3_8,no
0.756,0.163,-1.219,1.124,0.253,1.238,-1.99,1.203,cat1_1,cat2_0,cat3_9,si
-0.243,1.715,-0.696,0.587,-1.212,-1.758,0.292,0.375,cat1_2,cat2_3,cat3_13,no
0.965,-0.66,1.476,0.468,-0.186,0.234,-1.611,0.35,cat1_0,cat2_2,cat3_14,si
1.758,-1.432,-1.643,-1.481,1.438,-0.597,-0.284,1.882,cat1_3,cat2_5,cat3_10,no
0.731,0.502,-0.359,0.532,0.302,1.709,-1.119,1.014,cat1_1,cat2_0,cat3_5,no
-1.902,0.835,0.081,-0.297,0.084,0.27,0.871,-0.449,cat1_0,cat2_3,cat3_14,no
0.767,0.679,1.298,-0.485,1.229,0.866,-0.033,1.444,cat1_2,cat2_1,cat3_14,no
1.098,-1.536,1.257,0.107,0.946,-1.478,-1.483,-0.722,cat1_3,cat2_5,cat3_0,si
1.046,1.457,1.949,0.354,-1.38,-1.677,0.452,1.948,cat1_2,,cat3_7,no
-0.676,1.126,-1.871,-1.96,1.524,1.939,1.757,1.856,cat1_3,cat2_2,cat3_9,no
-0.531,1.243,0.429,0.106,-0.039,0.743,0.306,-0.295,cat1_3,,cat3_14,no
0.252,-0.46,0.437,0.543,1.176,1.591,1.443,1,cat1_3,cat2_3,cat3_3,si
-0.555,-0.084,-0.378,-0.972,0.626,0.534,-1.546,-1.089,cat1_0,cat2_0,cat3_6,no
-0.956,1.816,1.408,0.522,0.637,1.922,-2,-0.056,cat1_3,cat2_3,cat3_13,no
0.413,,1.614,-0.104,-1.044,0.574,1.622,-0.511,cat1_2,cat2_2,cat3_11,no
1.094,,-1.202,1.341,-0.488,1.461,0.23,0.804,cat1_1,cat2_4,cat3_13,si
-0.105,1.196,0.854,0.361,0.052,1.859,-0.53,0.936,cat1_1,cat2_0,cat3_8,si
0.603,1.994,-1.852,0.282,-0.792,1.993,1.675,-1.053,cat1_1,cat2_1,cat3_10,no
-1.378,-0.16,-1.55,-0.36,-1.165,-0.403,-0.892,-1.41,cat1_0,cat2_5,cat3_13,no
-0.98,0.77,-0.905,1.217,-0.095,1.247,0.048,0.326,cat1_0,cat2_2,cat3_7,no
-0.618,0.899,-1.21,-1.662,0.921,1.335,0.579,0.599,cat1_3,cat2_4,cat3_0,no
-0.431,-1.339,1.522,0.621,0.15,0.399,1.032,-1.662,cat1_1,cat2_4,cat3_9,si
0.768,,-0.978,1.145,-0.916,1.537,0.32,-0.59,cat1_1,cat2_1,cat3_7,si
1.378,-0.347,-0.088,1.008,0.853,-0.135,0.513,0.435,cat1_0,cat2_1,cat3_6,si
1.568,-1.843,-0.208,0.311,-1.353,-0.08,-1.656,-1.813,cat1_2,cat2_4,cat3_6,no
-0.103,,1.612,-1.281,0.32,-1.301,-0.151,-1.103,cat1_2,cat2_4,cat3_2,no
-1.757,-0.502,0.504,-1.273,0.269,-1.986,0.098,0.096,cat1_3,cat2_3,cat3_4,no
1.678,0.163,-0.944,1.936,-0.016,-1.755,-0.65,1.965,cat1_1,cat2_4,cat3_3,si
-0.302,-1.372,-1.154,0.009,-0.071,-0.088,-0.235,-0.529,cat1_3,cat2_3,cat3_14,si
1.163,-1.383,1.21,-0.816,-0.54,-1.005,1.236,-1.421,cat1_3,cat2_0,cat3_1,si
-1.714,,-1.799,-0.079,0.574,0.604,-1.705,-1.421,cat1_0,cat2_0,cat3_7,no
-1.796,0.106,-1.181,0.036,1.213,0.945,-0.47,1.092,cat1_1,cat2_5,cat3_6,no
-1.867,1.776,-1.132,1.95,-0.348,-1.485,0.788,0.745,cat1_0,cat2_1,cat3_3,no
-1.785,0.339,1.584,1.878,1.517,-1.187,0.542,-0.1,cat1_2,cat2_2,cat3_2,no
1.419,-1.979,0.894,1.895,-0.143,0.552,-1.223,-1.363,cat1_3,cat2_0,cat3_8,no
0.092,0.309,-0.842,-1.588,0.463,-1.404,-0.569,-0.813,cat1_3,cat2_0,cat3_4,no
-1.587,-0.077,-1.764,-1.096,-1.426,0.789,0.62,0.559,cat1_1,cat2_1,cat3_9,si
0.072,-0.21,-0.766,-0.114,1.217,-1.603,0.945,0.418,cat1_3,cat2_2,cat3_5,no
0.448,1.38,-1.463,-0.2,0.534,-0.671,0.628,0.237,cat1_3,cat2_0,cat3_8,no
0.356,-0.22,1.423,1.557,1.47,-0.123,-1.54,-0.573,cat1_2,cat2_3,cat3_5,si
1.011,0.844,1.779,1.978,0.557,-0.616,-1.87,-1.819,cat1_3,cat2_3,cat3_4,si
1.2,-0.617,1.203,-0.339,0.488,-0.859,0.036,0.412,cat1_1,cat2_5,cat3_11,si
0.516,1.983,-0.505,0.448,0.946,-0.1,-0.621,1.489,cat1_2,cat2_5,cat3_6,no
0.457,-1.782,-1.227,-1.271,0.674,-0.265,1.084,0.605,cat1_3,cat2_1,cat3_13,si
0.468,-1.906,-1.453,-1.975,-1.023,-1.588,-1.392,1.696,cat1_0,cat2_3,cat3_8,si
-1.632,-0.197,0.711,-1.553,-1.736,1.874,1.489,0.496,cat1_1,,cat3_14,no
1.583,-1.498,-1.592,-1.814,1.678,0.46,-1.291,-1.754,cat1_2,cat2_1,cat3_5,si
0.92,-1.058,-0.749,1.601,1.64,-1.315,-1.665,-1.242,cat1_1,cat2_0,cat3_6,no
-1.359,0.745,0.489,-1.654,1.462,0.429,-0.545,1.072,cat1_2,cat2_4,cat3_12,no
0.21,-1.254,-1.194,-1.484,-1.228,0.073,-0.324,1.136,cat1_3,cat2_5,cat3_2,no
-1.087,-0.327,-0.847,1.492,-1.776,0.962,0.347,0.468,cat1_2,cat2_3,cat3_7,no
,1.692,0.867,0.1,-0.225,-1.937,0.973,1.594,cat1_1,cat2_2,cat3_3,no
-1.452,-1.826,-0.333,1.604,0.335,-0.655,-1.225,0.712,cat1_1,cat2_1,cat3_7,si
1.601,1.233,-0.273,0.721,-0.129,-0.878,1.088,-1.671,cat1_1,cat2_5,cat3_7,si
-0.206,0.655,1.447,0.587,0.508,0.059,1.683,0.511,cat1_3,,cat3_4,no
-1.644,-0.376,0.06,0.053,1.533,-1.412,0.644,1.547,cat1_0,cat2_2,cat3_12,no
-0.611,0.346,-1.962,0.662,1.14,-0.152,1.405,-0.026,cat1_2,cat2_3,cat3_4,no
1.523,1.84,-1.305,0.035,-1.885,0.379,0.41,-1.496,cat1_2,cat2_0,cat3_1,si
-1.469,-0.079,1.591,-1.07,0.387,-0.181,-0.722,-0.956,cat1_3,cat2_4,cat3_4,no
1.149,-1.763,1,0.821,0.95,-1.527,0.303,-0.762,cat1_3,cat2_5,cat3_5,si
1.95,1.935,0.361,0.489,-1.475,-0.273,1.326,0.402,cat1_3,cat2_3,cat3_1,no
-1.616,0.886,-0.308,-0.219,0.057,1.093,0.623,0.488,cat1_3,cat2_3,cat3_4,no
-0.973,-1.953,-1.939,-0.467,0.11,-0.844,-1.881,-1.139,cat1_1,cat2_4,cat3_3,si
1.817,-1.098,0.581,0.661,0.413,1.511,-1.239,0.07,cat1_2,cat2_4,cat3_4,si
-0.367,-0.563,1.883,1.855,-1.325,-0.418,-1.358,-0.472,cat1_0,cat2_4,cat3_11,no
-0.086,-0.607,-1.716,-0.821,1.685,0.773,1.417,-1.007,cat1_2,cat2_3,cat3_6,no
-0.617,-1.771,1.819,1.982,1.709,-1.518,-0.593,0.298,cat1_0,cat2_5,cat3_10,si
-1.538,1.575,1.356,-0.309,1.775,0.738,-1.339,0.693,cat1_1,cat2_5,cat3_9,no
1.028,-1.17,1.055,0.827,0.556,1.853,-0.244,1.225,cat1_3,cat2_4,cat3_5,si
0.432,0.54,0.608,-1.705,-1.545,-1.189,-1.419,0.651,cat1_2,cat2_0,cat3_5,no
,1.939,-0.769,-1.426,-0.263,0.797,-0.859,0.105,cat1_3,cat2_4,cat3_12,no
-0.61,1.935,-1.776,1.845,1.489,-0.866,0.31,1.412,cat1_0,cat2_5,cat3_0,no
-1.725,,0.918,1.713,1.14,1.492,-0.905,-1.332,cat1_0,cat2_5,cat3_1,no
-0.083,-0.561,-0.965,-1.187,0.386,1.483,-0.176,-0.582,cat1_3,cat2_4,cat3_5,no
-0.4,1.952,0.827,1.585,1.457,0.244,0.455,-0.453,cat1_2,cat2_2,cat3_4,no
-1.119,0.634,1.96,1.689,0.193,0.454,-1.632,-0.073,cat1_0,cat2_2,cat3_9,no
0.352,-1.001,-1.855,1.974,-0.193,-1.579,-1.871,0.646,cat1_0,cat2_3,cat3_2,no
0.04,-1.83,-0.169,0.684,-1.046,0.329,0.612,-1.547,cat1_2,cat2_3,cat3_2,no
-1.07,0.937,1.743,-1.722,-1.788,1.277,-0.298,-1.233,cat1_2,cat2_2,cat3_8,si
-1.483,-0.456,-0.953,-0.094,1.437,-0.442,-1.233,-1.186,cat1_0,cat2_1,cat3_13,no
-1.553,1.528,1.123,-0.653,-1.72,-1.45,-0.653,-0.367,cat1_1,cat2_2,cat3_7,no
1.016,-1.611,1.492,0.954,-1.223,-0.1,0.893,0.267,cat1_1,cat2_4,cat3_7,si
-0.582,-0.706,-1.632,-0.633,1.872,-1.414,0.387,1.373,cat1_2,cat2_1,cat3_7,no
,-1.734,-0.989,-1.588,-0.725,-1.065,-1.78,-0.529,cat1_2,cat2_5,cat3_0,si
-1.538,0.474,0.635,-0.134,1.664,0.621,1.691,1.144,cat1_3,cat2_4,cat3_0,no
-0.411,-0.522,1.93,-0.867,0.767,1.284,-1.919,-0.425,cat1_3,cat2_3,cat3_1,no
,-0.701,0.432,0.404,0.926,1.895,0.202,-1.698,cat1_3,cat2_2,cat3_6,no
0.56,-0.069,-0.452,1.443,-0.204,0.948,1.412,-0.84,cat1_1,cat2_5,cat3_12,si
0.963,0.009,1.303,1.958,1.133,1.787,0.964,-0.195,cat1_0,cat2_3,cat3_12,si
,1.752,-0.981,1.207,-0.296,-0.911,-1.623,-0.808,cat1_3,,cat3_5,no
1.894,1.451,0.548,-1.213,0.296,1.432,-0.716,-1.981,cat1_3,cat2_2,cat3_11,no
1.043,-1.578,-1.362,-1.585,-0.378,-1.019,0.283,-1.94,cat1_1,cat2_4,cat3_8,si
-1.405,-0.03,1.43,0.971,-1.332,-1.98,-0.001,-0.141,cat1_1,cat2_3,cat3_3,no
1.628,-0.009,-1.985,1.203,0.508,-1.819,1.143,-1.801,cat1_0,,cat3_6,no
0.902,-0.106,-0.567,-1.11,1.914,-1.4,1.691,-1.047,cat1_1,cat2_2,cat3_7,si
0.174,-0.978,-1.885,-1.9,1.286,0.685,-1.733,-1.211,cat1_3,cat2_3,cat3_11,no
-0.263,0.858,1.981,-1.959,-0.754,0.43,1.4,1.999,cat1_1,,cat3_13,no
-1.577,0.129,-0.157,0.191,1.403,-1.628,-0.016,1.46,cat1_0,cat2_4,cat3_8,no
-0.761,0.676,0.706,1.318,-1.608,-1.711,-1.741,0.557,cat1_0,cat2_5,cat3_11,si
0.501,-0.312,0.083,-0.991,1.382,1.393,-0.015,0.317,cat1_1,cat2_5,cat3_4,si
1.07,1.279,1.421,-0.746,-0.966,0.8,-1.061,-1.255,cat1_1,cat2_4,cat3_0,no
-1.511,-0.992,0.431,-0.498,0.947,1.644,1.062,-0.955,cat1_2,cat2_4,cat3_11,no
1.111,0.599,-0.31,1.924,0.469,1.668,-0.932,0.814,cat1_2,cat2_3,cat3_5,no
0.092,1.642,0.946,0.349,-1.334,-1.496,0.435,-1.022,cat1_0,cat2_5,cat3_9,no
-1.304,,-0.678,-1.17,-1.401,-1.988,1.403,-1.554,cat1_2,cat2_1,cat3_0,no
-0.726,1.055,-0.097,-0.772,1.972,1.448,-0.362,-1.578,cat1_0,cat2_4,cat3_13,no
0.784,-0.332,0.245,-0.023,0.307,-0.798,0.04,-0.625,cat1_2,cat2_2,cat3_2,si
1.559,0.956,1.952,-1.123,-0.982,1.783,0.885,-0.461,cat1_2,,cat3_7,no
-0.046,-0.777,0.849,0.195,-1.052,0.967,1.545,1.082,cat1_0,cat2_0,cat3_13,no
0.032,1.508,-1.532,0.389,-0.897,-0.117,1.682,-1.692,cat1_3,cat2_3,cat3_4,no
1.261,0.519,-0.21,0.951,0.003,-0.084,1.707,0.773,cat1_2,cat2_2,cat3_10,no
1.955,-1.971,-1.114,-0.388,-0.638,-1.428,-0.711,-0.657,cat1_0,cat2_3,cat3_14,si
0.145,-1.951,0.994,0.311,-0.555,-0.897,1.592,1.449,cat1_2,cat2_5,cat3_12,no
1.842,0.132,1.266,0.024,-0.653,1.2,1.181,1.296,cat1_0,cat2_2,cat3_14,si
1.969,-1.68,1.719,-0.2,-0.557,0.414,-1.886,-1.512,cat1_0,cat2_3,cat3_7,si
-1.46,0.076,-0.794,1.942,-1.67,1.619,-1.59,-1.585,cat1_2,cat2_4,cat3_5,no
-1.6,,-1.357,1.109,0.697,-1.202,-1.59,0.736,cat1_3,cat2_1,cat3_3,no
-1.248,1.337,-0.912,0.476,0.011,0.918,-0.664,1.611,cat1_0,cat2_3,cat3_13,no
1.775,-1.267,0.043,-0.541,-0.088,-0.106,-1.841,1.068,cat1_3,cat2_0,cat3_7,si
-0.065,-0.457,-0.316,0.722,1.574,-0.978,0.981,1.188,cat1_0,cat2_4,cat3_0,si
1.357,1.372,1.064,1.592,1.654,0.824,-0.3,-0.184,cat1_1,cat2_0,cat3_10,si
-0.551,0.228,-0.195,-1.094,0.565,1.48,-0.011,-0.559,cat1_2,cat2_0,cat3_4,no
-0.543,-1.787,-0.342,-0.606,0.971,0.201,1.35,0.875,cat1_0,cat2_1,cat3_2,si
-1.129,0.998,0.212,-0.827,-0.993,1.41,0.784,-1.678,cat1_0,cat2_2,cat3_2,no
1.821,-0.03,-1.13,1.424,-1.586,-1.073,-1.811,-1.381,cat1_2,cat2_0,cat3_13,si
-1.25,-1.253,-0.843,0.321,-1.059,-1.971,-0.319,-0.576,cat1_2,cat2_0,cat3_11,no
0.606,0.763,1.557,0.065,0.451,-1.995,-1.444,0.444,cat1_3,cat2_3,cat3_0,no
1.386,,-1.662,0.505,-1.31,1.05,-1.512,1.229,cat1_1,cat2_5,cat3_1,si
-0.758,0.842,-1.905,-1.369,1.471,0.04,0.122,0.419,cat1_0,cat2_4,cat3_4,no
0.069,-0.559,1.126,-1.19,-1.291,-1.905,-1.967,0.184,cat1_0,cat2_3,cat3_6,no
-1.211,1.576,0.474,-0.337,-0.277,-1.675,-1.337,-1.735,cat1_1,cat2_0,cat3_12,no
-0.662,1.449,0.297,-0.21,1.403,-1.674,-1.184,-1.873,cat1_0,cat2_1,cat3_9,no
-0.713,1.124,-1.215,-1.128,0.798,-0.607,0.248,1.303,cat1_1,cat2_5,cat3_2,no
-1.237,0.402,-0.788,-1.427,-0.299,1.312,-1.78,1.015,cat1_2,cat2_5,cat3_8,no
1.265,,1.663,0.305,-1.719,0.534,0.734,-1.287,cat1_1,cat2_3,cat3_12,si
-1.452,-1.356,0.423,1.501,1.425,1.847,-0.694,0.419,cat1_1,cat2_2,cat3_10,no
1.946,-1.534,-0.632,1.28,1.562,1.809,-0.351,-0.721,cat1_3,cat2_0,cat3_9,si
-1.498,1.703,0.996,-0.471,0.406,-1.909,-0.68,-1.414,cat1_3,cat2_2,cat3_1,no
-1.283,1.6,-1.36,-1.693,-0.159,0.921,-0.126,0.099,cat1_1,,cat3_10,no
-1.242,1.823,1.912,1.974,1.899,0.291,-1.938,0.147,cat1_3,cat2_2,cat3_10,no
0.943,-1.234,0.55,1.303,-0.542,-0.947,-0.49,1.608,cat1_1,cat2_0,cat3_4,si
-0.636,-0.203,-0.394,-0.838,-1.943,-0.976,0.672,-0.355,cat1_3,cat2_0,cat3_7,no
1.123,-0.941,0.641,-0.456,-0.296,1.789,-1.696,1.189,cat1_2,cat2_3,cat3_10,no
-0.164,-1.905,-0.507,1.346,-0.426,-0.436,0.417,0.258,cat1_3,cat2_0,cat3_4,no
-0.554,-1.084,-1.102,0.861,-1.579,1.164,-1.589,1.095,cat1_2,cat2_1,cat3_4,no
-0.223,0.92,1.545,0.203,-0.851,-1.283,-0.675,0.237,cat1_1,cat2_1,cat3_6,si
0.273,-1.195,0.706,-1.658,1.145,-1.756,1.543,-1.578,cat1_2,cat2_0,cat3_14,si
-1.703,0.306,-0.033,-1.176,-0.204,-0.371,-1.557,1.152,cat1_0,cat2_4,cat3_14,no
-0.681,-0.248,0.634,1.091,-1.062,-0.692,-1.437,-0.155,cat1_2,,cat3_14,no
-1.309,1.65,-0.285,0.165,0.998,-0.047,1.91,1.273,cat1_1,cat2_5,cat3_4,no
1.471,,-0.371,0.839,-1.543,-0.686,-0.421,-0.547,cat1_1,,cat3_9,si
-1.236,1.458,0.669,-1.62,1.386,1.765,-0.203,-1.676,cat1_3,cat2_3,cat3_6,no
1.932,-0.755,-0.237,-0.803,-1.735,1.441,-0.852,0.448,cat1_2,cat2_5,cat3_6,si
1.39,1.709,-0.232,-1.951,-0.042,-1.63,-0.754,-0.04,cat1_2,cat2_0,cat3_6,no
1.69,-1.483,0.254,0.296,-0.252,1.203,1.137,-0.26,cat1_0,cat2_1,cat3_3,si
-1.078,1.105,1.329,1.09,0.551,0.503,0.146,0.039,cat1_2,cat2_5,cat3_9,no
,0.359,1.825,-0.244,1.76,-1.19,1.9,1.632,cat1_0,cat2_2,cat3_11,no
1.11,1.559,-1.494,-0.684,-1.796,0.566,1.205,-1.761,cat1_0,cat2_1,cat3_1,no
-1.266,0.458,1.678,-0.425,0.907,-1.748,1.564,-1.824,cat1_0,cat2_4,cat3_8,no
1.299,-0.004,-1.781,-0.941,-0.534,0.142,1.447,-1.613,cat1_2,cat2_3,cat3_13,no
-1.709,1.934,1.596,-0.663,1.016,-1.987,-1.155,0.867,cat1_2,cat2_4,cat3_0,no
0.59,1.065,-0.153,0.252,0.875,-1.722,-1.656,-0.884,cat1_3,cat2_3,cat3_3,no
-1.531,1.935,-0.03,-1.794,-1.586,1.544,0.114,-0.869,cat1_3,cat2_3,cat3_2,no
-1.148,,0.905,-0.929,0.945,1.581,-1.157,-1.065,cat1_3,,cat3_13,no
-0.322,1.226,-1.76,0.875,0.092,-1.195,0.83,-1.092,cat1_2,cat2_4,cat3_13,no
1.089,-1.823,-1.724,0.843,0.662,-1.012,1.136,1.187,cat1_2,cat2_2,cat3_14,no
-0.738,-0.54,-0.421,0.366,0.013,-0.506,-0.37,-1.165,cat1_2,cat2_3,cat3_2,no
0.603,-0.129,-1.819,-0.671,-0.362,-1.234,0.08,1.005,cat1_0,cat2_3,cat3_1,si
0.833,1.982,-0.01,-1.69,-0.412,-1.491,1.858,-0.394,cat1_0,cat2_2,cat3_6,si
0.836,-0.741,-0.795,0.119,-0.221,1.077,-0.486,-0.574,cat1_3,cat2_1,cat3_13,si
0.803,-0.222,1.676,1.092,-0.671,-0.235,-1.459,-0.198,cat1_2,,cat3_5,no
0.329,-0.08,1.793,-0.833,1.396,1.034,-1.937,-1.98,cat1_2,,cat3_0,si
1.256,,0.511,-1.362,0.889,-1.02,-1.66,0.164,cat1_1,cat2_3,cat3_8,no
-0.926,1.461,0.666,-0.375,-1.332,0.33,0.86,-1.948,cat1_1,cat2_1,cat3_9,no
-1.048,1.898,0.467,0.011,0.892,1.562,-1.337,-1.409,cat1_2,cat2_1,cat3_8,no
0.966,,-1.446,1.317,1.845,-0.883,-0.405,0.419,cat1_2,cat2_2,cat3_3,no
0.981,-1.732,-0.613,-0.642,0.668,-0.337,-0.083,-0.016,cat1_2,,cat3_10,si
1.217,-1.758,0.635,-1.618,1.311,-1.739,-1.928,-1.216,cat1_1,cat2_5,cat3_5,si
0.378,0.058,-1.228,0.359,0.592,1.363,-0.341,-0.582,cat1_1,cat2_4,cat3_9,no
0.704,-1.616,-0.384,-1.024,-0.865,0.844,-1.569,1.18,cat1_3,cat2_1,cat3_9,si
1.082,1.111,-1.825,-0.707,-0.415,-0.387,1.791,0.536,cat1_3,cat2_5,cat3_8,no
1.571,0.841,1.768,0.393,1.709,0.784,-1.422,-0.669,cat1_3,cat2_4,cat3_3,si
1.26,-0.945,-0.181,-1.294,-0.647,-0.396,0.702,-0.127,cat1_0,cat2_1,cat3_0,si
1.937,-0.309,-1.286,-1.625,0.06,0.913,-0.779,-0.47,cat1_0,cat2_0,cat3_4,si
-1.652,-1.715,0.172,1.87,1.563,-1.667,-0.121,0.181,cat1_1,cat2_2,cat3_0,no
-1.758,,1.713,1.114,0.453,0.604,-0.843,-0.62,cat1_2,cat2_5,cat3_12,no
1.741,0.183,-1.102,0.089,1.86,-0.456,0.137,-0.315,cat1_0,cat2_4,cat3_11,si
1.074,-0.973,1.899,-1.351,-0.847,-1.185,-0.772,-1.231,cat1_1,cat2_2,cat3_10,si
-1.929,-1.533,-1.979,-1.134,1.271,-1.9,-1.766,0.177,cat1_1,cat2_5,cat3_1,si
1.632,-1.899,1.844,1.023,-1.027,-0.625,0.508,0.875,cat1_1,cat2_1,cat3_5,si
1.076,-1.915,0.859,-0.419,-0.872,-0.457,-0.356,-0.86,cat1_1,cat2_3,cat3_11,si
0.312,-1.54,0.67,-0.235,1.084,-1.052,1.951,1.169,cat1_2,cat2_4,cat3_12,no
-0.218,0.027,0.626,0.65,0.027,-1.803,0.49,-1.183,cat1_0,cat2_1,cat3_10,no
1.887,1.727,-1.675,1.454,-1.424,0.846,0.454,-0.652,cat1_0,cat2_4,cat3_6,no
0.344,0.56,-1.01,-0.145,0.516,-0.924,-0.723,0.334,cat1_1,cat2_5,cat3_4,no
-1.204,0.964,0.293,-0.145,-1.84,-1.55,0.887,1.914,cat1_0,cat2_2,cat3_5,no
0.594,-0.975,0.412,-0.304,0.855,1.552,-1.553,0.403,cat1_3,cat2_5,cat3_14,no
0.541,0.8,0.661,1.37,-1.167,1.365,-0.205,-0.837,cat1_2,cat2_1,cat3_9,no
,-1.481,0.254,1.457,1.441,-1.408,-0.808,1.315,cat1_1,,cat3_9,si
1.441,-1.059,-0.937,-0.777,1.795,0.105,-1.507,0.385,cat1_3,,cat3_2,no
-1.388,-1.13,0.882,1.002,0.227,1.615,1.836,0.741,cat1_0,cat2_5,cat3_14,si
-0.836,-1.054,0.567,-0.767,-1.358,-0.591,-0.969,-0.448,cat1_2,cat2_1,cat3_6,no
0.277,1.726,-1.071,0.624,-0.392,1.404,1.236,-1.501,cat1_0,cat2_5,cat3_11,no
0.415,0.671,0.852,0.049,-0.118,1.137,-0.98,1.352,cat1_3,cat2_3,cat3_5,no
-1.134,-1.678,-1.642,1.333,1.935,1.125,0.377,-1.92,cat1_0,cat2_2,cat3_1,no
-1.564,0.764,1.171,-0.543,-0.834,-1.893,-0.279,0.251,cat1_2,cat2_4,cat3_4,no
0.216,-1.791,0.188,1.136,0.463,1.371,0.899,-1.008,cat1_1,cat2_2,cat3_11,no
1.751,1.299,0.545,0.043,0.758,-0.542,0.166,-0.972,cat1_3,cat2_4,cat3_1,no
-1.574,-0.787,1.197,-0.07,1.304,0.458,1.736,0.757,cat1_3,cat2_2,cat3_10,no
-0.434,-0.917,-1.095,-0.422,-0.181,0.335,-1.634,-1.147,cat1_2,cat2_1,cat3_14,no
-0.763,1.893,1.301,-1.377,1.782,0.328,-0.853,1.985,cat1_2,cat2_1,cat3_10,no
0.787,-0.431,1.166,1.411,1.377,-1.512,1.353,-1.073,cat1_3,cat2_3,cat3_14,si
-1.322,-0.469,-0.039,-1.351,-1.486,-0.516,1.787,-1.313,cat1_1,cat2_0,cat3_2,no
-0.932,-1.14,-1.805,-1.157,-1.514,1.216,1.094,0.654,cat1_0,cat2_3,cat3_6,no
-1.03,-1.314,-0.403,0.26,-0.658,1.448,1.233,1.349,cat1_3,cat2_4,cat3_3,no
-0.822,-1.478,-1.301,-0.438,0.17,-1.805,0.112,-0.321,cat1_2,cat2_3,cat3_13,no
0.863,-1.746,-1.786,0.102,0.467,1.223,-0.203,1.204,cat1_2,cat2_3,cat3_0,si
1.975,1.225,1.517,-1.341,1.55,1.997,-1.801,-1.535,cat1_2,cat2_2,cat3_6,no
0.446,1.887,1.116,-1.669,0.01,0.275,-1.32,-0.822,cat1_3,cat2_5,cat3_7,no
-0.038,1.652,-1.706,-1.139,0.047,-1.047,0.327,1.03,cat1_1,cat2_3,cat3_0,no
0.779,1.52,-0.992,0.517,1.415,-1.722,1.837,-1.443,cat1_2,cat2_2,cat3_4,si
0.49,-0.587,0.709,-0.735,-0.514,0.663,-1.985,-0.934,cat1_2,cat2_3,cat3_1,no
-1.424,0.649,-1.515,0.399,-0.823,-1.046,-0.34,1.314,cat1_2,cat2_3,cat3_13,no
1.537,-1.736,-0.902,-1.445,1.22,-1.978,-1.278,-0.087,cat1_1,cat2_5,cat3_2,si
-0.96,1.406,0.847,-0.7,-0.495,-1.053,1.688,-0.533,cat1_3,cat2_4,cat3_10,no
1.308,-1.929,0.951,-0.013,-1.582,-0.272,1.008,-1.996,cat1_0,,cat3_2,si
0.849,-1.112,-1.97,-1.399,-0.021,0.84,-0.159,-0.167,cat1_0,cat2_3,cat3_6,si
-1.559,-0.296,-0.013,0.761,0.735,-0.576,-0.013,-0.387,cat1_2,cat2_1,cat3_5,no
0.063,-0.123,0.828,1.611,-0.636,0.789,1.462,-0.649,cat1_3,cat2_3,cat3_12,no
1.364,-1.628,1.369,-1.194,-0.632,-1.894,-0.79,1.485,cat1_2,cat2_0,cat3_11,si
0.155,-0.093,-0.445,-0.875,-0.81,0.387,1.195,1.079,cat1_1,cat2_2,cat3_2,si
-1.701,1.469,0.864,-1.523,-0.226,-1.718,1.778,-0.443,cat1_0,cat2_3,cat3_5,no
1.495,0.012,0.895,-1.473,-0.726,-0.565,0.12,-1.027,cat1_0,cat2_1,cat3_11,no
0.58,0.367,1.115,1.922,-1.208,-0.337,-1.196,-1.985,cat1_1,cat2_0,cat3_13,si
1.841,0.884,-1.981,-0.979,-1.432,0.025,-0.5,-1.953,cat1_2,cat2_0,cat3_4,si
-0.885,0.434,-1.118,0.017,-0.379,1.144,0.345,-0.211,cat1_0,cat2_1,cat3_0,no
-1.473,-1.194,0.354,-0.15,-1.001,-0.373,0.18,1.47,cat1_0,cat2_2,cat3_5,no
1.583,-0.086,1.359,0.271,-0.411,-0.882,-1.415,-0.823,cat1_3,cat2_5,cat3_3,si
0.883,-1.325,1.954,1.265,-0.249,-0.488,0.685,-1.151,cat1_2,cat2_5,cat3_4,si
,-0.851,-1.316,-0.217,-0.204,0.477,-1.756,-0.861,cat1_3,cat2_0,cat3_8,no
0.398,1.098,-1.456,0.849,-0.793,-1.119,-1.621,-1.008,cat1_2,,cat3_6,no
0.122,0.947,-1.348,1.91,0.609,0.365,0.156,-1.018,cat1_2,cat2_3,cat3_3,no
-1.164,-1.129,-1.107,-1.209,1.99,-1.778,1.347,-1.069,cat1_1,cat2_3,cat3_1,si
-0.414,,0.084,-1.476,-1.44,0.522,-0.77,-0.77,cat1_1,cat2_4,cat3_13,no
-0.035,-0.47,-0.223,-0.482,-0.229,1.799,0.976,-0.185,cat1_2,cat2_0,cat3_10,no
,-1.052,1.026,-1.241,-0.149,1.371,-0.626,-0.971,cat1_3,cat2_1,cat3_9,no
0.143,-0.971,-0.201,-0.324,1.675,1.474,0.592,-1.713,cat1_2,cat2_0,cat3_7,no
-1.247,-0.698,-0.743,0.672,-0.856,-1.279,0.485,0.395,cat1_2,cat2_1,cat3_11,no
0.341,0.485,-1.399,-0.062,-1.614,1.027,0.095,-0.019,cat1_1,cat2_2,cat3_3,si
-1.731,-0.849,-0.895,1.654,0.455,1.043,0.982,-1.042,cat1_0,cat2_1,cat3_4,no
1.275,1.029,0.185,-0.595,1.565,0.687,-0.179,0.867,cat1_1,cat2_3,cat3_1,no
-1.968,0.866,-0.812,0.327,-1.151,-0.703,0.384,-0.841,cat1_0,cat2_5,cat3_4,no
0.239,1.253,-1.553,1.733,-1.062,-0.85,1.245,-1.603,cat1_2,cat2_0,cat3_13,no
0.083,0.12,-0.647,-0.282,-1.177,-0.178,-1.45,-0.077,cat1_1,cat2_5,cat3_14,no
-1.342,-1.502,-0.761,0.793,-0.417,-1.116,0.371,0.492,cat1_1,cat2_5,cat3_5,no
0.522,0.388,-1.31,1.86,-1.978,1.407,-0.948,-1.35,cat1_2,,cat3_14,no
0.199,-0.503,-0.958,-0.653,-1.577,-1.353,1.786,0.743,cat1_1,cat2_4,cat3_14,si
-0.777,-0.872,0.331,-0.514,-0.037,-0.475,1.646,1.49,cat1_1,cat2_0,cat3_4,si
-0.97,0.295,1.162,-0.369,-1.404,-0.231,0.801,-0.095,cat1_2,cat2_5,cat3_5,no
-0.738,1.678,-1.42,1.614,0.452,0.536,-0.566,1.741,cat1_3,,cat3_6,no
1.978,-0.506,0.407,1.86,-0.21,-0.149,-1.564,-1.12,cat1_0,cat2_4,cat3_1,si
-0.974,-1.908,-0.279,-0.999,-1.983,-0.733,1.016,-0.095,cat1_1,cat2_3,cat3_6,no
0.746,0.787,-1.226,1.602,-1.019,0.365,0.389,-0.219,cat1_1,cat2_2,cat3_13,no
-0.579,-0.22,-0.009,0.173,0.894,-1.351,1.25,0.592,cat1_0,cat2_5,cat3_8,no
0.271,,0.853,0.971,1.3,-1.712,-1.881,-1.574,cat1_2,cat2_4,cat3_6,si
1.231,1.162,-1.27,1.334,0.496,1.78,-1.446,0.009,cat1_2,cat2_2,cat3_1,no
-1.214,1.817,1.243,1.669,-0.69,1.008,1.716,-0.491,cat1_2,cat2_0,cat3_13,no
-1.945,0.718,1.063,0.773,-0.891,-1.432,-1.787,-1.526,cat1_1,cat2_1,cat3_4,no
-0.378,-0.602,1.901,0.382,1.094,1.771,-1.593,-0.064,cat1_2,cat2_1,cat3_11,no
-1.015,-0.302,-1.978,0.494,-0.385,1.835,1.323,0.314,cat1_1,cat2_2,cat3_5,no
1.166,-1.045,-0.618,1.841,-1.485,1.437,-0.485,0.761,cat1_2,cat2_1,cat3_4,si
-1.578,-1.435,-1.744,-0.461,0.754,0.735,1.219,1.913,cat1_2,cat2_2,cat3_10,no
0.051,0.776,-1.405,-0.9,-0.588,-0.137,0.658,1.203,cat1_3,cat2_4,cat3_1,no
0.281,-1.16,-0.913,-0.549,1.236,-0.342,-1.036,0.228,cat1_1,cat2_4,cat3_9,si
1.252,1.797,-1.171,1.446,0.938,0.642,-0.098,0.686,cat1_1,cat2_5,cat3_0,no
0.331,-0.243,1.479,-1.086,-1.324,-0.823,0.814,-1.77,cat1_0,cat2_4,cat3_11,no
-0.727,-1.942,0.132,-0.89,1.811,1.005,0.846,1.168,cat1_2,cat2_2,cat3_8,no
1.812,-1.379,0.334,-1.662,-0.153,-0.288,-1.196,-1.759,cat1_0,,cat3_3,si
-1.177,0.489,-1.983,1.417,-1.808,-1.919,1.602,-1.174,cat1_1,cat2_0,cat3_5,si
0.336,1.129,-1.171,1.147,1.546,-1.069,1.86,1.238,cat1_2,cat2_3,cat3_0,no
-0.097,1.181,-0.467,0.588,-1.444,-1.8,0.371,0.599,cat1_0,cat2_5,cat3_3,no
0.912,-1.664,0.031,1.061,0.038,-1.201,1.94,-0.76,cat1_2,cat2_0,cat3_7,si
1.369,-0.486,1.458,-1.324,-0.884,-0.02,1.242,0.381,cat1_0,cat2_0,cat3_12,no
0.089,,-0.233,0.218,-0.495,-1.5,-0.359,0.101,cat1_2,cat2_3,cat3_14,si
-0.211,-0.834,-1.837,1.168,-0.625,-1.531,0.958,0.756,cat1_2,cat2_4,cat3_12,no
0.773,0.027,-1.739,-0.796,-1.915,-0.415,-0.192,0.377,cat1_3,cat2_2,cat3_1,no
1.425,0.189,1.432,-0.112,0.792,1.973,1.541,0.897,cat1_2,cat2_1,cat3_12,no
1.819,,1.244,-1.626,-1.544,1.51,1.331,-0.125,cat1_3,cat2_3,cat3_14,si
-1.529,1.792,0.434,-0.361,1.426,-0.303,-0.58,-0.379,cat1_3,cat2_0,cat3_1,no
-0.164,-1.673,-1.269,-0.872,0.939,-0.984,-1.878,-0.308,cat1_0,cat2_1,cat3_6,no
1.923,-1.166,0.632,-1.942,-1.371,-1.645,1.564,-1.931,cat1_0,cat2_4,cat3_12,no
1.225,-1.187,1.818,1.514,-0.142,1.385,1.369,1.668,cat1_1,cat2_4,cat3_12,si
1.296,0.712,-0.184,0.358,-1.623,-1.307,0.701,-0.509,cat1_1,cat2_4,cat3_0,no
1.274,1.392,-1.496,0.79,1.199,-0.429,0.003,1.325,cat1_1,cat2_1,cat3_0,no
1.272,,1.563,-1.217,0.99,-1.276,0.118,-0.648,cat1_0,cat2_4,cat3_1,no
-0.718,0.892,-0.192,0.617,-1.714,1.178,-0.504,-1.185,cat1_1,cat2_5,cat3_1,no
-1.133,-0.021,-1.888,-1.21,-1.434,-1.584,1.694,-0.717,cat1_1,cat2_1,cat3_12,no
-0.741,1.453,-0.809,-1.553,1.944,-0.057,-1.171,-1.476,cat1_1,cat2_1,cat3_14,no
1.499,,-1.802,1.315,-0.949,-1.494,-0.075,-1.3,cat1_3,cat2_4,cat3_6,si
1.027,-1.807,0.895,1.093,-0.266,0.933,-1.964,-1.476,cat1_0,cat2_2,cat3_11,si
1.928,0.686,0.142,-1.698,0.714,1.717,1.338,-1.156,cat1_3,cat2_0,cat3_13,si
1.492,1.015,1.18,0.977,0.072,1.8,0.066,0.765,cat1_2,cat2_1,cat3_10,si
-0.95,-0.147,-0.489,-1.022,1.883,1.07,-0.604,-0.287,cat1_0,cat2_0,cat3_1,no
-1.896,-1.275,-1.189,0.002,-1.889,0.771,-0.476,-1.204,cat1_2,cat2_4,cat3_0,no
1.789,0.554,1.366,-0.489,-0.443,-0.103,-0.925,-0.489,cat1_0,cat2_1,cat3_10,si
-0.715,1.823,0.935,-1.345,1.717,-1.612,1.431,-1.381,cat1_1,cat2_4,cat3_9,no
-1.142,-0.141,-1.399,-0.436,1.806,1.045,0.905,-1.08,cat1_3,cat2_4,cat3_3,no
1.999,-1.142,-0.781,-0.636,1.611,-0.061,-1.987,-1.354,cat1_3,cat2_3,cat3_5,si
1.71,1.279,-1.87,1.8,0.809,1.74,0.296,0.345,cat1_2,cat2_3,cat3_10,no
-1.526,-0.188,1.251,-1.421,-1.108,-1.823,1.993,1.801,cat1_1,cat2_0,cat3_12,no
0.601,1.598,0.47,1.787,-1.596,1.346,-0.925,-0.333,cat1_2,cat2_2,cat3_3,no
1.067,-1.494,-0.358,-1.05,-0.491,1.799,-1.558,-0.482,cat1_2,cat2_0,cat3_3,si
-1.321,-0.075,-0.9,-0.311,0.681,1.086,-0.236,0.866,cat1_0,cat2_1,cat3_8,no
1.121,0.923,-0.703,-0.948,1.337,-1.296,-0.661,-0.841,cat1_3,cat2_1,cat3_2,no
1.487,1.607,-1.202,1.855,-1.87,-1.829,-1.677,-1.136,cat1_0,cat2_1,cat3_13,si
0.894,0.374,-1.999,-1.198,-1.188,-1.585,-0.351,1.894,cat1_2,cat2_1,cat3_13,si
0.538,-0.32,-0.243,0.625,-0.745,0.812,-0.601,1.048,cat1_0,cat2_2,cat3_11,no
-0.4,-1.917,-1.061,-0.523,0.498,-0.865,0.333,0.15,cat1_0,cat2_1,cat3_12,no
0.782,1.246,0.641,1.645,1.076,0.365,-1.305,-0.594,cat1_0,cat2_1,cat3_12,si
-0.499,-1.816,-1.862,-0.388,0.666,1.054,1.817,0.835,cat1_2,cat2_3,cat3_11,no
-1.199,0.778,-1.745,1.066,1.726,-1.219,1.219,-0.372,cat1_2,cat2_2,cat3_13,no
1.86,-0.015,-0.326,1.863,1.871,1.795,-1.588,-0.189,cat1_2,cat2_3,cat3_7,si
-0.55,1.36,-1.752,-0.243,0.738,-1.422,0.435,1.833,cat1_1,cat2_3,cat3_5,no
,-1.8,-1.869,1.626,0.74,1.853,1.318,-0.135,cat1_2,cat2_2,cat3_11,si
-1.285,0.001,0.151,1.466,-0.114,1.897,1.59,0.746,cat1_3,cat2_3,cat3_11,no
-0.057,1.429,1.047,-0.216,-0.09,0.342,-1.427,-1.437,cat1_0,cat2_1,cat3_10,no
-0.212,,-1.776,-1.411,-1.202,0.382,0.37,1.043,cat1_0,,cat3_5,no
0.607,0.325,-0.621,-0.272,1.52,-0.989,-1.683,0.679,cat1_0,cat2_1,cat3_5,si
-1.892,0.978,0.515,-0.348,-0.275,-1.631,-1.075,-0.254,cat1_1,,cat3_13,no
-1.84,-0.571,1.369,1.212,0.131,0.363,1.785,-1.909,cat1_3,cat2_4,cat3_1,no
-1.798,-0.167,-0.651,-1.257,-0.297,-0.43,1.796,1.256,cat1_3,cat2_3,cat3_4,no
-1.619,-0.618,-0.617,-0.148,1.238,1.171,-1.776,-1.665,cat1_0,cat2_0,cat3_7,no
-1.291,-1.608,1.785,-0.663,0.451,-0.666,-0.478,1.646,cat1_2,cat2_0,cat3_14,no
1.745,,-0.65,0.07,0.43,0.929,-0.101,1.55,cat1_1,cat2_5,cat3_13,si
,-0.26,-0.521,-1.274,1.312,-0.636,0.014,1.516,cat1_0,cat2_2,cat3_3,no
1.237,0.163,-1.304,-1.798,-1.088,-0.314,-0.52,-0.761,cat1_3,cat2_0,cat3_5,no
1.226,1.084,1.489,-1.765,-0.898,0.757,1.471,-0.898,cat1_2,cat2_2,cat3_6,no
,-1.252,-0.018,-1.141,1.378,-1.866,1.326,0.834,cat1_2,cat2_2,cat3_12,no
0.095,1.419,1.12,-0.414,1.859,-0.433,0.204,0.898,cat1_0,cat2_5,cat3_3,no
-0.275,1.599,-1.346,-1.548,0.425,-1.634,-1.099,0.451,cat1_0,cat2_2,cat3_12,no
1.264,-0.023,-0.341,-1.148,1.794,-1.902,0.075,-0.537,cat1_0,cat2_2,cat3_2,no
-1.571,0.649,1.532,-1.868,0.537,1.988,-1.395,0.375,cat1_3,cat2_4,cat3_0,no
-0.447,0.057,1.674,-1.766,-0.581,-0.091,-1.825,-1.362,cat1_3,cat2_5,cat3_11,no
-1.829,0.279,0.592,1.875,0.796,-1.356,-0.555,1.914,cat1_0,cat2_0,cat3_9,no
-1.824,-1.249,-0.152,-1.039,-1.897,1.44,-1.552,-0.371,cat1_3,cat2_3,cat3_4,no
-0.093,-0.018,1.057,-1.611,1.507,-1.38,-1.92,0.737,cat1_0,cat2_5,cat3_12,si
-1.458,1.205,-1.827,1.226,1.165,0.399,-0.784,1.755,cat1_3,cat2_3,cat3_1,no
-0.47,0.541,0.418,1.352,-0.504,0.643,1.982,1.038,cat1_3,cat2_0,cat3_11,no
,-0.317,0.7,1.806,-0.739,-0.603,1.858,0.955,cat1_0,cat2_1,cat3_11,no
-0.22,-1.024,0.093,0.685,-1.972,0.261,-0.107,-1.761,cat1_2,cat2_3,cat3_13,no
-0.342,1.92,-0.232,0.028,1.839,-0.715,0.99,0.002,cat1_3,cat2_5,cat3_12,no
1.662,0.084,1.756,-1.361,-1.514,-0.782,-0.464,-1.953,cat1_1,cat2_4,cat3_4,si
0.507,-0.569,-1.519,-1.328,0.048,0.498,0.811,1.985,cat1_0,cat2_1,cat3_11,si
0.592,0.141,1.358,0.829,1.754,-1.825,0.171,-1.055,cat1_0,cat2_0,cat3_12,si
-1.689,1.676,-1.776,0.658,-1.35,0.271,-0.386,1.708,cat1_2,cat2_5,cat3_14,no
0.703,-1.513,0.757,0.396,0.466,0.071,0.152,1.845,cat1_0,cat2_1,cat3_8,si
-0.198,0.063,0.371,-0.117,-0.447,-0.791,1.035,0.336,cat1_1,cat2_2,cat3_4,si
1.291,1.807,-1.226,0.775,1.458,-0.739,-0.956,1.82,cat1_1,cat2_1,cat3_8,no
1.79,,1.726,0.326,0.997,0.938,0.215,-1.067,cat1_1,cat2_2,cat3_11,no
1.885,-0.236,-1.238,1.677,0.101,-1.043,0.549,-0.767,cat1_3,cat2_3,cat3_3,no
0.449,-0.327,-1.214,0.837,-1.936,1.333,-0.082,-0.994,cat1_0,cat2_2,cat3_6,no
-0.448,0.232,-1.1,1.576,0.15,-1.696,-1.336,0.426,cat1_3,cat2_5,cat3_4,no
-0.185,-1.812,-1.753,-0.08,1.403,-0.411,1.954,1.763,cat1_2,cat2_0,cat3_9,si
-0.336,-0.935,1.83,-0.851,-0.766,0.043,1.359,0.754,cat1_2,cat2_2,cat3_14,no
-1.532,-0.191,1.99,1.411,1.963,1.507,0.694,-0.361,cat1_1,cat2_1,cat3_0,no
1.577,1.468,-1.192,1.09,1.288,1.611,-0.721,0.302,cat1_0,cat2_2,cat3_3,no
1.394,1.647,-0.967,0.457,1.086,0.477,-1.755,1.056,cat1_3,cat2_4,cat3_3,no
-1.442,1.605,-0.583,1.953,-1.489,-1.35,-1.82,1.07,cat1_1,cat2_4,cat3_6,no
0.102,,-0.186,-1.171,1.59,0.97,-1.828,-1.259,cat1_0,cat2_0,cat3_2,no
-0.247,1.181,-1.025,0.346,-1.647,1.656,0.321,1.096,cat1_1,cat2_2,cat3_4,no
-1.552,0.646,1.341,0.404,-0.474,1.071,1.218,-1.543,cat1_3,cat2_5,cat3_11,no
1.434,-0.905,-0.722,0.751,-0.634,-0.021,0.015,1.091,cat1_3,cat2_3,cat3_4,si
0.45,-0.336,0.102,0.98,0.455,0.246,-0.772,1.494,cat1_1,cat2_1,cat3_5,no
1.648,1.403,1.423,-0.047,0.124,-0.485,1.078,1.946,cat1_2,cat2_3,cat3_13,no
-0.436,1.174,1.505,-0.922,0.023,0.741,1.937,-1.704,cat1_3,cat2_3,cat3_10,no
1.12,-1.92,1.605,1.45,1.186,1.423,1.712,-0.836,cat1_3,cat2_0,cat3_4,no
0.69,0.542,0.679,0.12,1.803,1.639,-1.575,1.401,cat1_3,cat2_0,cat3_13,si
0.591,-0.224,-1.756,-1.225,-1.439,1.231,0.619,1.262,cat1_3,cat2_1,cat3_14,no
-1.565,1.986,0.011,-0.233,-1.968,0.969,-0.75,1.847,cat1_2,cat2_2,cat3_14,no
1.292,0.718,0.043,-1.276,-1.071,0.269,-1.409,0.452,cat1_1,cat2_2,cat3_0,si
1.042,1.057,-1.555,0.509,1.799,-1.317,1.606,1.318,cat1_0,cat2_2,cat3_10,no
1.144,-1.615,0.187,-0.202,-1.43,1.941,-1.415,0.594,cat1_0,cat2_1,cat3_5,si
0.302,1.009,1.468,-1.976,-1.689,-0.318,-1.072,-0.333,cat1_2,cat2_4,cat3_6,no
-0.709,1.553,1.228,-1.349,-0.21,1.964,-0.85,0.323,cat1_3,cat2_2,cat3_7,no
1.736,-0.814,-0.652,-1.693,1.868,1.046,1.317,0.125,cat1_2,cat2_0,cat3_13,si
-0.036,0.623,0.323,1.392,-0.997,-0.764,-0.977,1.537,cat1_0,cat2_1,cat3_8,si
-0.504,-0.171,0.916,1.039,0.283,0.61,-0.935,-0.043,cat1_1,cat2_2,cat3_14,si
-0.557,1.889,-0.156,0.419,-0.54,-0.467,0.373,-0.812,cat1_3,cat2_4,cat3_7,no
0.644,-0.578,0.574,-1.511,1.851,0.369,-1.34,0.003,cat1_3,cat2_2,cat3_5,si
,0.914,-0.836,-0.144,-1.634,0.501,-1.039,-0.858,cat1_3,cat2_4,cat3_13,si
0.869,-0.137,0.446,1.549,1.676,-1.334,0.485,0.882,cat1_0,cat2_3,cat3_13,si
1.986,0.351,-1.78,0.117,0.342,-0.472,1.463,-1.608,cat1_1,cat2_1,cat3_7,no
-1.834,0.234,1.423,-0.315,1.048,-1.433,0.46,0.27,cat1_1,cat2_4,cat3_3,no
1.048,-0.996,0.96,0.181,-1.802,-1.072,0.089,1.383,cat1_1,,cat3_1,si
-0.717,-0.105,-0.758,-1.1,1.58,-1.546,-1.961,-0.79,cat1_2,cat2_4,cat3_2,si
,0.657,1.488,1.635,0.361,-0.044,-1.921,0.121,cat1_0,,cat3_13,no
-1.995,1.591,-0.591,1.788,1.886,1.456,-1.357,0.161,cat1_3,cat2_3,cat3_4,no
0.473,0.258,1.306,-1.931,0.449,1.317,0.034,-1.499,cat1_3,cat2_4,cat3_13,no
-1.813,-0.442,-0.894,-0.103,-1.504,-0.169,0.688,-1.756,cat1_3,cat2_5,cat3_7,no
-1.647,1.926,1.279,-0.337,-0.133,0.126,-1.403,0.77,cat1_0,,cat3_2,no
-1.336,0.238,0.317,-0.241,0.918,1.491,1.897,0.673,cat1_3,cat2_0,cat3_10,no
-0.633,-1.524,-0.385,-1.467,-1.9,0.053,1.479,-0.274,cat1_3,cat2_4,cat3_5,no
-1.615,0.149,-1.03,-0.501,-0.917,-0.066,-1.249,-0.75,cat1_3,cat2_0,cat3_10,no
0.058,-0.369,0.27,1.334,1.519,1.09,-0.732,1.631,cat1_2,cat2_4,cat3_7,no
1.013,-1.9,-1.178,1.584,-0.542,0.044,-1.291,-0.874,cat1_0,cat2_5,cat3_10,si
0.698,,-1.076,1.833,-1.914,-1.619,-1.939,1.815,cat1_3,cat2_4,cat3_0,si
-1.847,1.005,0.626,-0.036,1.197,0.853,-0.786,0.78,cat1_0,cat2_1,cat3_14,no
-0.789,-1.909,1.013,-0.638,0.434,-0.434,-0.202,1.61,cat1_2,cat2_5,cat3_3,no
-0.79,-1.148,0.069,-1.713,1.736,-1.106,-0.118,-0.155,cat1_1,cat2_0,cat3_5,si
-1.919,1.923,-1.304,0.844,0.482,-1.499,0.687,-0.854,cat1_1,cat2_4,cat3_2,no
1.926,1.859,-1.535,1.699,-1.088,-1.928,1.024,0.121,cat1_0,cat2_0,cat3_13,si
-1.863,-1.176,-1.702,-0.263,-1.612,0.421,-0.135,0.448,cat1_0,cat2_0,cat3_0,si
-1.861,1.277,0.28,1.629,-0.933,-1.293,0.506,-0.141,cat1_0,cat2_5,cat3_2,no
1.195,-0.432,0.267,1.473,-0.52,-1.55,0.594,-0.475,cat1_3,cat2_3,cat3_14,no
-0.875,-0.3,-1.053,-0.485,-0.296,-1.566,-0.086,-0.243,cat1_2,cat2_0,cat3_1,no
1.897,0.843,1.037,1.716,-1.899,0.414,-1.491,-0.256,cat1_2,cat2_4,cat3_10,no
-1.914,0.59,-0.905,0.433,0.921,-0.037,1.074,-1.491,cat1_3,cat2_5,cat3_5,no
1.129,-0.355,0.312,-0.593,-1.107,0.34,-0.241,0.27,cat1_1,cat2_5,cat3_11,si
-1.073,-0.714,1.038,-1.882,0.681,-1.381,0.503,-0.456,cat1_0,cat2_0,cat3_4,no
-0.256,-1.993,-1.974,0.802,-1.478,1.916,-0.392,0.22,cat1_1,cat2_3,cat3_13,si
0.767,0.46,1.376,-0.756,1.375,1.934,0.298,-0.923,cat1_2,cat2_4,cat3_2,no
-0.136,-0.791,1.463,-1.54,-1.746,1.06,-0.725,1.211,cat1_0,cat2_4,cat3_5,no
-0.385,0.952,0.315,-0.877,-0.85,0.194,1.554,1.678,cat1_1,cat2_1,cat3_13,no
1.749,0.851,0.163,-1.189,-0.754,0.973,1.417,1.897,cat1_3,cat2_0,cat3_2,si
1.577,-0.078,-1.378,-1.253,0.904,-1.717,-1.438,1.978,cat1_3,,cat3_8,no
-0.249,,-1.498,1.734,1.436,1.862,0.078,1.098,cat1_3,cat2_1,cat3_9,no
0.572,1.036,0.384,-0.879,1.566,0.011,-1.922,-0.746,cat1_2,cat2_1,cat3_7,si
-0.504,0.372,1.612,0.567,-1.376,0.617,0.288,-1.512,cat1_3,cat2_4,cat3_9,no
,-0.784,0.998,-1.661,-1.851,-0.129,-0.519,0.096,cat1_1,cat2_0,cat3_10,no
0.211,-1.813,-1.108,-0.506,0.012,-1.287,-1.686,-1.34,cat1_2,cat2_4,cat3_2,si
-0.001,-1.284,-1.156,1.23,-0.854,1.265,-1.712,-0.852,cat1_3,cat2_5,cat3_11,no
,1.81,-0.873,-1.128,1.391,-0.324,-1.309,-1.547,cat1_3,cat2_2,cat3_9,no
0.939,-1.024,-0.808,1.146,-1.959,1.516,-0.612,1.387,cat1_3,cat2_3,cat3_12,no
-0.793,1.938,-0.071,-0.318,-0.798,-1.481,1.808,1.574,cat1_0,cat2_3,cat3_6,no
0.361,0.202,1.098,-0.465,0.534,-1.848,-1.541,1.27,cat1_0,cat2_5,cat3_2,no
0.974,-0.825,0.043,0.865,0.385,-0.154,1.393,1.15,cat1_0,cat2_2,cat3_10,si
0.279,-1.521,-0.313,1.638,1.362,-0.82,0.506,-0.001,cat1_0,cat2_0,cat3_7,no
,1.057,-1.627,-0.838,-0.597,0.55,1.167,1.866,cat1_2,cat2_4,cat3_7,no
1.645,-1.511,-0.037,0.277,1.998,1.371,-1.854,-0.612,cat1_0,cat2_2,cat3_13,si
-0.433,-0.385,-1.272,1.467,1.393,-1.296,1.278,-0.598,cat1_2,cat2_5,cat3_3,no
-0.748,-1.655,0.215,-1.092,-1.692,1.929,0.221,-1.142,cat1_0,cat2_1,cat3_11,no
-1.509,-0.115,0.696,0.622,-0.005,-1.055,1.228,0.974,cat1_3,cat2_3,cat3_2,no
-0.346,-1.003,-0.255,-1.655,0.653,-0.907,-0.373,0.861,cat1_3,cat2_5,cat3_5,no
-1.038,1.178,0.989,-1.299,-0.793,-1.416,-1.561,0.936,cat1_1,cat2_0,cat3_12,si
1.415,0.15,-1.144,0.835,1.841,-0.196,-1.375,-0.786,cat1_3,cat2_2,cat3_0,si
0.804,0.355,-0.533,-0.355,1.616,1.625,-0.348,-1.221,cat1_3,cat2_3,cat3_3,si
-0.107,2,1.228,1.689,-1.759,-1.944,-0.548,-0.164,cat1_2,cat2_4,cat3_9,no
0.611,,1.233,-0.716,1.662,-1.873,-0.747,0.447,cat1_1,cat2_2,cat3_1,si
0.987,-1.001,1.609,0.173,-1.111,-1.844,-0.105,0.202,cat1_1,cat2_0,cat3_9,no
0.48,-1.096,-0.341,0.231,-0.691,0.389,-0.587,1.94,cat1_3,cat2_5,cat3_9,no
-0.28,-0.756,-1.737,-0.008,0.121,1.926,1.079,1.138,cat1_0,cat2_4,cat3_14,no
1.192,-0.275,-0.435,1.273,-0.096,0.49,-1.384,0.136,cat1_2,cat2_4,cat3_14,no
,1.188,0.758,1.799,-1.32,-1.525,0.331,-0.167,cat1_3,cat2_1,cat3_9,no
0.078,-0.479,1.823,1.369,0.577,-1.154,1.762,-1.472,cat1_3,cat2_5,cat3_7,si
-1.803,0.933,-0.738,0.886,-0.718,0.755,-1.551,0.609,cat1_0,cat2_3,cat3_6,no
0.155,,1.303,0.291,-1.172,-0.511,-1.965,0.616,cat1_3,cat2_2,cat3_4,no
-0.843,1.983,1.218,1.171,-0.025,0.152,-1.195,0.801,cat1_0,cat2_5,cat3_11,no
1.999,-0.997,0.142,-0.295,-0.198,1.548,0.221,-0.488,cat1_1,cat2_2,cat3_1,no
-1.132,,0.97,-0.409,1.248,-1.848,-1.931,-0.866,cat1_1,cat2_1,cat3_6,no
1.205,-1.522,0.827,-0.694,1.963,1.763,1.478,-0.216,cat1_3,cat2_0,cat3_12,no
-0.767,-0.29,-1.409,-1.475,-1.577,-1.885,1.64,0.411,cat1_1,cat2_5,cat3_13,si
-1.046,1.98,-1.08,1.458,-0.914,-1.461,-0.832,0.367,cat1_2,cat2_2,cat3_7,no
0.515,-1.737,-0.682,-0.758,0.251,1.786,0.788,0.072,cat1_0,cat2_1,cat3_11,si
1.94,-1.666,-0.266,0.015,-0.413,0.518,-0.291,-0.028,cat1_1,cat2_0,cat3_2,si
0.879,-0.902,0.306,-0.046,-1.227,-1.98,1.931,1.798,cat1_0,cat2_4,cat3_14,si
,-0.596,-0.854,-0.278,0.858,-1.367,-1.055,1.012,cat1_1,cat2_1,cat3_13,si
-0.987,1.775,-1.847,1.121,0.834,0.178,1.03,0.765,cat1_1,cat2_5,cat3_14,no
-1.169,1.143,0.831,0.261,-1.191,-0.696,-0.576,-1.139,cat1_3,cat2_3,cat3_7,no
,0.28,0.365,-1.534,0.863,0.27,-1.734,-0.776,cat1_1,cat2_5,cat3_0,no
-1.625,1.24,-1.951,-1.912,-1.752,0.673,-1.584,-1.071,cat1_1,cat2_5,cat3_11,no
-0.82,-1.874,-1.721,-0.519,-1.9,1.086,-0.742,-0.085,cat1_1,cat2_5,cat3_0,no
-0.246,1.724,0.726,-1.726,-0.391,1.976,0.052,-0.849,cat1_0,cat2_5,cat3_8,no
-1.448,-0.659,0.32,1.813,-0.162,-1.866,-0.678,-0.878,cat1_3,cat2_3,cat3_11,no
-1.545,-1.162,-1.457,-1.536,0.167,1.938,0.982,-1.494,cat1_3,cat2_1,cat3_14,no
-0.526,1.393,-1.343,0.228,-1.697,1.07,-0.444,0.339,cat1_1,cat2_5,cat3_13,si
-1.145,-0.342,-0.81,1.002,-0.636,1.168,0.23,-1.483,cat1_0,cat2_3,cat3_12,no
-0.592,1.666,0.196,-0.499,-0.615,0.683,-0.888,-0.937,cat1_0,cat2_0,cat3_14,no
-1.843,0.581,-1.912,1.964,1.234,-0.728,1.027,0.57,cat1_0,cat2_5,cat3_3,no
-1.133,-1.159,0.008,-0.298,1.977,-0.964,1.231,1.471,cat1_2,cat2_4,cat3_6,no
-0.668,-0.979,0.392,0.914,1.962,-1.411,-1.182,-0.716,cat1_1,cat2_4,cat3_11,si
-0.804,0.813,1.004,-0.345,1.672,-0.578,-1.163,-1.664,cat1_3,cat2_2,cat3_0,no
0.221,0.881,-1.413,0.033,0.83,-0.995,-0.75,-0.958,cat1_3,cat2_1,cat3_3,no
1.932,-1.079,-0.158,-1.491,1.119,0.618,0.607,1.631,cat1_0,cat2_3,cat3_5,si
-0.574,0.854,0.162,1.595,-0.416,0.333,-1.767,-1.562,cat1_1,cat2_4,cat3_8,no
-0.693,0.724,-0.867,1.077,-1.405,-1.056,-0.657,0.993,cat1_3,cat2_3,cat3_14,no
,0.287,-1.915,-0.105,0.926,-1.397,-0.236,0.653,cat1_1,cat2_2,cat3_1,si
-1.178,-1.088,-1.349,0.409,-1.42,1.435,1.968,-0.344,cat1_0,cat2_1,cat3_13,no
1.592,-0.386,1.549,-0.123,-0.715,1.703,1.246,-1.218,cat1_2,cat2_5,cat3_11,si
1.388,-0.681,1.99,-0.339,1.796,1.674,-0.099,0.699,cat1_3,cat2_0,cat3_4,no
0.594,1.645,-0.799,0.657,1.926,0.446,0.07,-1.731,cat1_3,cat2_2,cat3_10,no
1.42,0.861,1.188,-0.532,-1.268,-1.072,0.276,1.853,cat1_2,cat2_0,cat3_2,no
-0.765,-1.876,0.027,-0.519,1.394,-0.669,-0.52,0.742,cat1_3,cat2_3,cat3_14,no
1.598,-1.671,-0.151,-0.304,-0.107,1.326,0.414,1.72,cat1_0,cat2_2,cat3_5,si
0.842,-1.637,-1.348,-1.104,0.821,0.029,1.583,1.583,cat1_0,cat2_5,cat3_7,no
-0.777,0.219,-0.21,-0.961,-1.608,1.763,1.951,1.836,cat1_3,cat2_1,cat3_11,no
-0.668,-0.492,1.266,1.736,-1.348,-1.386,1.084,-0.047,cat1_1,cat2_4,cat3_13,si
0.037,0.882,0.179,-1.484,0.368,-0.696,-1.942,1.13,cat1_2,cat2_3,cat3_4,no
-0.258,0.677,1.581,1.698,1.655,0.726,0.193,-1.42,cat1_3,cat2_1,cat3_0,no
0.422,-1.348,-0.539,0.313,-0.27,0.95,-1.441,0.167,cat1_2,cat2_3,cat3_1,no
0.246,1.435,-1.359,0.33,0.898,1.459,-1.215,0.062,cat1_0,cat2_0,cat3_7,no
1.185,1.356,-1.252,-0.414,-1.828,0.847,-1.791,0.234,cat1_0,cat2_2,cat3_3,no
-0.907,-0.426,1.699,1.116,1.716,1.703,0.264,-0.949,cat1_1,cat2_3,cat3_3,si
-0.854,-1.338,0.696,1.498,-0.97,-1.224,0.451,0.991,cat1_0,cat2_3,cat3_8,no
0.335,-0.678,-1.773,-0.333,1.812,1.093,-0.796,-0.837,cat1_1,cat2_4,cat3_12,no
1.268,-1.371,1.073,0.447,-1.598,0.11,-0.706,-0.78,cat1_2,cat2_1,cat3_6,si
-1.516,1.203,-0.24,0.515,-0.151,-0.146,-1.66,1.657,cat1_1,cat2_5,cat3_7,si
0.857,0.21,1.035,1.099,-0.573,-0.793,-1.546,-1.914,cat1_2,cat2_2,cat3_6,si
0.875,-1.178,1.09,1.576,1.834,0.265,-0.092,1.2,cat1_1,cat2_4,cat3_14,no
1.603,,-0.766,1.126,-0.32,-0.499,0.508,-1.624,cat1_0,cat2_2,cat3_2,si
-0.391,0.257,0.587,1.486,1.809,1.213,1.721,-0.048,cat1_2,cat2_3,cat3_12,no
0.332,-1.661,-0.151,-0.886,1.697,-1.863,1.799,0.779,cat1_3,cat2_4,cat3_13,no
-1.116,0.579,-1.063,-1.48,0.682,-0.347,-1.883,1.788,cat1_3,cat2_1,cat3_3,no
-0.366,0.22,-1.839,1.414,0.528,1.335,-1.741,-1.221,cat1_3,cat2_1,cat3_0,no
-0.176,1.429,0.084,-1.892,-0.411,-1.952,-0.867,0.272,cat1_2,cat2_5,cat3_3,no
1.733,1.515,1.34,-1.046,-1.873,0.296,-1.058,0.197,cat1_1,cat2_5,cat3_1,no
-0.196,-1.972,-0.681,0.701,0.003,-0.047,0.715,1.696,cat1_3,cat2_3,cat3_4,no
-0.529,-0.814,-1.678,-1.246,0.928,-1.065,1.768,1.582,cat1_3,cat2_2,cat3_1,si
-0.141,1.856,1.132,0.262,1.96,1.769,-0.18,-0.244,cat1_0,cat2_1,cat3_14,no
-1.907,-1.736,-0.703,-0.977,0.917,0.076,0.316,-1.299,cat1_0,cat2_0,cat3_0,no
,-1.687,-1.046,0.019,-1.999,0.641,0.242,-0.725,cat1_1,cat2_1,cat3_0,si
,1.084,-1.874,-1.329,-0.74,-0.517,-0.426,1.072,cat1_3,cat2_1,cat3_3,no
-1.885,1.302,-0.455,-1.627,-1.816,-0.567,0.367,1.531,cat1_2,,cat3_1,no
1.24,-1.997,-1.279,-1.514,1.554,-1.29,-1.935,1.096,cat1_2,cat2_4,cat3_1,no
-0.461,0.444,1.659,-0.494,-1.059,-1.369,1.459,-0.795,cat1_1,cat2_2,cat3_6,no
,-0.068,-0.712,0.642,1.511,1.642,-1.973,-1.34,cat1_0,cat2_4,cat3_9,no
0.033,-1.758,1.824,-0.442,-0.544,-1.047,-0.592,-0.504,cat1_1,cat2_0,cat3_10,no
-1.712,1.29,0.099,-1.326,-1.671,1.996,0.553,-0.462,cat1_2,cat2_4,cat3_6,no
-0.114,-1.117,-0.156,-0.087,-0.62,-0.882,0.212,1.062,cat1_0,cat2_2,cat3_2,no
1.149,-0.441,-1.665,1.888,0.024,0.256,1.684,1.596,cat1_0,cat2_1,cat3_4,no
-1.097,-1.055,0.777,-1.248,-1.983,-0.352,1.714,-1.123,cat1_1,cat2_1,cat3_10,no
1.554,0.156,1.231,-0.937,0.157,-1.483,0.548,-0.227,cat1_1,,cat3_0,no
-0.717,-1.438,-1.909,1.693,0.233,-0.647,1.93,-1.56,cat1_0,cat2_3,cat3_2,no
0.053,0.58,-0.941,1.413,-0.079,-0.357,0.3,-0.07,cat1_2,cat2_4,cat3_11,si
-0.919,-1.349,0.173,1.122,1.947,-1.297,-0.665,-0.041,cat1_2,cat2_2,cat3_3,no
0.412,1.396,-0.42,1.409,0.68,1.441,-1.004,0.389,cat1_1,cat2_1,cat3_1,si
0.252,1.992,-0.988,-0.895,-0.19,-1.997,-1.175,0.519,cat1_0,cat2_4,cat3_13,no
-0.732,1.38,0.332,0.229,1.908,1.505,0.676,-1.334,cat1_3,cat2_1,cat3_13,no
-1.664,1.555,1.675,-0.503,-1.838,-1.865,0.572,1.608,cat1_1,cat2_4,cat3_5,no
-1.417,1.246,0.397,-1.836,1.6,-1.256,1.17,-0.881,cat1_2,cat2_3,cat3_7,no
-0.362,-0.216,1.8,-0.642,-0.75,-1.898,0.964,1.136,cat1_1,cat2_4,cat3_3,no
-1.057,0.139,1.238,1.857,-1.45,0.534,-0.992,-0.088,cat1_1,cat2_0,cat3_6,si
-0.601,0.666,-0.17,-0.757,-1.907,-0.463,-0.825,1.939,cat1_1,cat2_2,cat3_9,no
1.449,-1.911,0.902,1.807,0.175,0.222,-1.978,1.991,cat1_2,cat2_1,cat3_2,si
-0.774,0.946,1.61,1.27,1.953,-0.871,-1.699,-0.483,cat1_2,cat2_3,cat3_7,si
-0.546,-0.019,-0.965,0.079,1.311,-1.887,-1.082,1.827,cat1_1,cat2_4,cat3_5,no
-0.325,1.481,0.186,1.26,0.67,-0.196,0.187,-1.377,cat1_0,cat2_5,cat3_8,no
,-0.707,-1.538,-1.437,1.751,-0.615,-0.962,1.601,cat1_0,cat2_1,cat3_7,no
-0.42,,-1.766,-0.067,1.012,-1.571,-0.47,-1.662,cat1_3,cat2_0,cat3_12,si
0.444,-0.992,0.197,-1.645,-0.703,1.015,-1.375,-1.513,cat1_1,cat2_5,cat3_7,no
-0.478,-0.403,-0.718,0.147,1.955,0.239,0.703,1.819,cat1_2,cat2_3,cat3_0,no
0.706,-0.548,1.039,0.169,-1.347,-1.496,-1.033,-0.053,cat1_1,cat2_3,cat3_3,si
-1.285,-0.957,-0.245,-0.238,-1.783,-1.796,-0.947,1.184,cat1_0,cat2_1,cat3_6,no
1.234,-1.918,-0.428,-1.691,-0.538,1.214,-1.534,0.901,cat1_2,cat2_0,cat3_10,si
-0.55,,1.278,-0.434,0.871,-1.579,1.445,-1.005,cat1_1,cat2_3,cat3_13,no
-1.526,0.53,1.257,1.392,-0.916,-0.144,-1.355,1.73,cat1_3,cat2_1,cat3_2,no
-0.979,2,1.992,1.979,1.784,-1.226,-1.385,0.904,cat1_2,cat2_0,cat3_12,no
1.962,-0.361,0.257,0.643,-1.951,-1.825,0.254,-1.968,cat1_2,cat2_1,cat3_7,si
1.061,-1.927,-1.337,-0.605,1.142,-0.499,1.907,0.992,cat1_3,cat2_3,cat3_14,si
1.101,0.719,-0.321,0.798,0.951,-0.625,1.357,1.707,cat1_2,cat2_2,cat3_8,no
0.485,-1.995,1.656,-0.766,0.538,0.167,0.723,-1.223,cat1_3,cat2_5,cat3_7,no
-1.238,0.266,0.155,1.811,1.342,-1.835,1.379,-1.397,cat1_1,cat2_5,cat3_6,no
-0.249,0.205,0.865,-0.423,-0.864,0.605,-1.669,-0.865,cat1_2,cat2_1,cat3_8,no
,-0.918,0.311,-1.976,1.571,1.049,-0.339,-0.686,cat1_2,cat2_4,cat3_3,no
-0.803,0.735,-1.276,-1.771,-1.146,-1.041,-1.747,1.249,cat1_0,cat2_1,cat3_0,no
0.621,-1.073,1.485,-0.029,1.097,0.468,-1.367,-0.254,cat1_0,cat2_2,cat3_12,si
-1.813,1.04,1.844,0.678,0.147,0.148,1.917,-1.284,cat1_3,cat2_1,cat3_0,no
1.632,-0.323,-1.283,-0.055,-0.919,-0.056,-0.687,-0.42,cat1_1,cat2_5,cat3_8,si
-0.135,,0.764,1.206,1.661,0.777,-0.767,-1.017,cat1_2,cat2_5,cat3_10,no
0.063,-0.189,-1.978,1.834,-1.033,1.2,0.587,1.831,cat1_2,cat2_3,cat3_14,no
0.939,-0.803,-1.681,-1.719,1.372,0.901,1.869,-1.568,cat1_3,cat2_5,cat3_7,no
,1.543,0.516,1.187,-1.392,-1.747,1.948,1.55,cat1_0,cat2_3,cat3_5,si
0.469,0.374,-0.22,-1.263,-0.182,-0.012,-0.16,-1.233,cat1_2,cat2_5,cat3_3,no
1.383,0.12,-1.333,-1.451,-1.856,0.009,-1.968,1.823,cat1_3,cat2_3,cat3_12,no
0.32,,0.127,-1.6,-0.621,-0.678,-1.643,-1.686,cat1_1,cat2_2,cat3_11,si
-0.494,-1.083,0.473,1.25,1.388,-1.948,0.009,0.762,cat1_2,cat2_2,cat3_2,no
0.41,-0.287,-0.568,-1.992,-1.922,-0.11,1.149,0.771,cat1_3,cat2_0,cat3_0,no
0.186,,-1.815,0.384,-0.151,-1.372,1.099,0.639,cat1_1,cat2_0,cat3_5,si
-1.207,-0.663,1.385,-0.44,1.578,-1.954,1.23,-1.947,cat1_1,cat2_3,cat3_10,no
0.789,-0.63,-1.25,-1.241,-1.281,-0.301,-0.068,-1.337,cat1_1,cat2_2,cat3_5,si
1.026,0.268,1.458,-0.298,-1.505,1.922,1.206,1.466,cat1_1,cat2_4,cat3_3,si
0.439,-1.947,-1.08,1.971,1.59,1.847,1.548,0.694,cat1_3,cat2_3,cat3_2,si
-1.717,1.241,0.899,-0.882,1.341,-0.578,-0.968,-0.238,cat1_0,cat2_5,cat3_14,no
-1.079,,-0.187,0.076,-0.43,1.025,0.093,0.172,cat1_1,cat2_1,cat3_2,si
-0.314,-0.637,0.722,0.074,-0.729,-0.861,1.984,-0.859,cat1_0,cat2_0,cat3_3,si
0.582,0.237,-1.02,-0.462,-0.124,-1.054,0.38,-1.608,cat1_2,cat2_1,cat3_14,si
-1.893,-1.584,-1.46,0.843,-1.622,-1.944,1.984,-1.518,cat1_2,cat2_3,cat3_13,si
1.568,1.358,-1.053,1.014,-1.878,-1.635,0.914,0.255,cat1_2,cat2_4,cat3_3,no
-1.352,-0.445,1.091,1.322,-0.871,0.258,-0.762,0.998,cat1_3,cat2_4,cat3_7,no
0.757,1.396,-1.691,-0.144,-0.719,0.716,-0.488,1.155,cat1_2,cat2_2,cat3_12,no
1.958,-1.113,-1.749,0.29,-1.168,0.722,-0.075,-0.159,cat1_3,cat2_4,cat3_3,no
-1.481,-0.747,1.345,-0.368,-0.609,0.189,-0.727,0.457,cat1_0,cat2_5,cat3_1,no
-0.862,-0.146,0.331,0.004,0.978,0.65,0.306,-0.981,cat1_0,cat2_5,cat3_12,no
-0.786,-0.192,1.33,-1.68,-1.549,-0.996,-1.959,-1.747,cat1_2,cat2_1,cat3_13,no
1.278,-0.7,-0.005,-1.07,-0.055,1.706,1.706,0.323,cat1_0,cat2_2,cat3_2,si
,1.345,-0.443,0.956,-0.973,1.133,1.147,-0.809,cat1_1,cat2_3,cat3_5,no
-0.654,0.189,-0.663,0.532,1.386,1.116,1.202,-0.942,cat1_3,cat2_3,cat3_8,no
1.903,0.469,-1.018,0.932,-0.29,-1.566,1.101,-0.525,cat1_2,cat2_3,cat3_7,si
-0.566,-0.903,1.168,-1.75,1.609,-1.339,-0.89,0.51,cat1_2,cat2_1,cat3_1,no
-1.258,-1.432,-1.352,0.77,1.85,1.815,0.795,-0.6,cat1_1,cat2_2,cat3_0,si
1.002,0.64,-1.737,-1.169,-1.39,-0.53,-0.808,-0.707,cat1_3,cat2_1,cat3_6,no
-1.36,-0.232,1.912,0.34,-1.768,-1.819,-0.063,-1.96,cat1_2,cat2_1,cat3_6,si
-0.433,-1.18,-1.859,1.995,-0.785,-1.393,-0.033,-0.338,cat1_2,cat2_0,cat3_3,no
0.615,-0.67,1.535,-0.577,1.236,-0.447,-1.123,0.187,cat1_1,cat2_5,cat3_2,si
1.562,-1.609,0,0.835,-1.362,-1.266,-0.969,-0.784,cat1_2,cat2_5,cat3_13,si
-1.058,1.542,1.785,1.725,1.068,0.607,0.124,1.773,cat1_3,cat2_3,cat3_11,no
,0.303,1.552,-0.152,0.302,0.546,0.793,-1.908,cat1_2,cat2_5,cat3_6,no
-1.259,-1.569,1.867,1.145,0.367,1.096,1.459,1.246,cat1_1,cat2_4,cat3_1,si
-0.284,0.908,1.132,0.564,-0.776,-0.446,-0.707,-1.986,cat1_2,cat2_0,cat3_8,no
0.584,,-1.743,-1.207,-0.688,-0.432,-1.875,-0.632,cat1_0,cat2_0,cat3_7,si
1.883,0.181,1.476,-1.841,-0.265,1.417,-0.047,0.72,cat1_0,cat2_1,cat3_4,no
-0.943,1.317,1.093,-1.675,-1.832,-1.037,1.157,-1.583,cat1_3,cat2_5,cat3_4,no
1.866,-0.558,-1.207,-0.455,0.993,-0.49,1.961,-1.736,cat1_1,cat2_3,cat3_11,si
-0.655,-1.669,-1.109,0.853,-1.652,-1.472,1.506,1.692,cat1_3,cat2_1,cat3_4,no
0.107,-0.904,-0.412,1.517,0.162,-0.542,0.742,0.839,cat1_2,cat2_1,cat3_3,no
-1.361,,-0.822,0.889,0.598,-0.163,0.117,-0.88,cat1_3,cat2_3,cat3_14,no
1.115,-0.892,-0.392,-1.93,0.739,-1.793,0.368,1.941,cat1_3,cat2_1,cat3_7,no
1.747,1.896,-1.342,-0.868,1.115,1.36,0.043,0.672,cat1_2,cat2_2,cat3_0,si
-1.133,-1.453,1.53,-1.044,0.826,-0.678,-1.754,-1.974,cat1_0,cat2_1,cat3_11,no
,0.671,1.858,1.428,-1.812,1.746,-1.314,0.903,cat1_2,cat2_2,cat3_0,no
,-0.383,0.187,-0.762,-1.239,1.99,0.923,-1.967,cat1_2,cat2_0,cat3_12,si
1.785,1.121,1.033,0.939,0.138,1.84,-1.712,1.687,cat1_2,cat2_2,cat3_1,si
-0.961,,-1.136,-1.707,0.406,1.267,0.504,0.416,cat1_0,cat2_4,cat3_1,no
-1.254,-1.761,1.838,0.131,-0.642,0.678,-1.355,-0.904,cat1_1,cat2_1,cat3_11,no
0.557,-1.489,0.757,-1.329,1.449,-0.893,0.318,-1.607,cat1_0,cat2_4,cat3_12,no
-1.993,-0.515,1.367,-0.854,-1.67,-0.752,-0.691,-1.472,cat1_2,cat2_3,cat3_3,no
-1.648,1.726,1.825,-0.876,0.483,1.171,-0.565,-1.401,cat1_0,cat2_2,cat3_6,no
0.35,-1.255,1.029,1.256,0.823,-0.718,1.886,-1.057,cat1_0,cat2_1,cat3_5,si
1.917,-1.29,-1.81,0.542,0.995,-0.59,0.179,-0.573,cat1_3,cat2_3,cat3_9,si
0.301,-0.822,-0.589,-1.536,-0.108,1.107,-0.572,-0.997,cat1_3,cat2_5,cat3_7,no
-1.11,1.052,1.703,-0.221,-0.561,0.06,-0.139,0.851,cat1_1,cat2_3,cat3_5,no
-0.566,-1.826,1.222,-1.425,0.184,-0.779,-1.827,-0.944,cat1_0,cat2_5,cat3_2,no
1.98,-1.022,-0.962,1.135,0.407,1.483,0.77,-0.541,cat1_1,cat2_2,cat3_2,si
1.524,1.839,-0.215,1.4,-1.889,-0.567,-1.98,-0.548,cat1_1,cat2_1,cat3_8,si
0.523,0.199,0.199,-0.896,-0.163,-0.482,-0.081,1.304,cat1_1,cat2_1,cat3_11,no
1.825,-1.246,-0.633,-1.841,-0.721,1.203,0.691,0.383,cat1_0,,cat3_1,si
1.896,-0.604,0.46,-1.018,0.465,0.202,-0.079,0.772,cat1_1,cat2_3,cat3_8,si
1.386,0.003,-1.983,-1.774,-1.777,-1.946,0.237,0.776,cat1_0,cat2_0,cat3_4,si
1.919,0.329,0.716,-1.938,0.328,-1.981,0.38,0.42,cat1_0,cat2_4,cat3_6,si
0.27,-0.522,0.59,0.982,0.148,0.251,1.775,-0.212,cat1_3,cat2_4,cat3_6,no
1.327,0.65,-0.61,0.448,1.185,-0.715,-1.725,-0.032,cat1_1,cat2_5,cat3_3,si
1.956,1.637,-1.016,-1.24,-1.473,-1.246,-1.447,-0.753,cat1_1,cat2_4,cat3_0,si
0.743,-1.436,0.81,0.379,-1.63,-1.077,-1.933,-1.115,cat1_2,cat2_1,cat3_9,si
-0.422,-0.217,0.068,0.008,-1.525,0.078,-0.844,0.629,cat1_1,cat2_0,cat3_4,no
1.257,-1.391,0.875,-1.687,0.34,1.444,-0.483,-1.254,cat1_0,cat2_3,cat3_5,si
0.497,0.952,1.762,-1.22,0.473,1.798,0.322,-1.477,cat1_1,cat2_0,cat3_9,no
-0.797,,-1.064,0.931,1.238,1.227,-1.303,-0.841,cat1_2,cat2_4,cat3_2,no
0.556,-1.792,-1.341,1.808,0.124,1.864,-0.327,1.794,cat1_2,cat2_0,cat3_0,no
1.726,-1.746,-0.56,-0.274,-1.931,-1.338,-0.037,0.63,cat1_1,cat2_1,cat3_13,si
-0.183,0.205,1.234,1.407,0.473,1.573,1.76,1.936,cat1_0,cat2_3,cat3_5,no
-1.672,-0.971,0.63,-1.469,-1.258,1.839,-1.614,1.052,cat1_0,cat2_0,cat3_6,no
-1.926,-0.633,-0.063,-0.19,0.841,-1.997,-1.064,0.525,cat1_3,cat2_3,cat3_8,no
0.62,0.639,-0.112,0.285,0.852,-0.303,1.261,0.272,cat1_2,cat2_2,cat3_2,no
-0.821,-0.741,-0.354,0.065,-1.435,1.374,0.984,1.075,cat1_3,cat2_0,cat3_12,si
-0.989,-0.337,-0.772,-1.226,1.875,0.97,-0.309,-0.053,cat1_2,cat2_5,cat3_4,no
1.836,1.435,0.649,0.054,0.274,1.857,0.6,1.962,cat1_3,cat2_4,cat3_0,si
-1.213,-1.5,-0.636,0.942,1.725,1.856,1.758,0.558,cat1_0,,cat3_3,no
-0.419,-1.562,1.926,1.009,-0.969,-0.293,0.947,-1.362,cat1_2,cat2_2,cat3_2,si
-1.71,-0.443,-1.568,0.516,-1.982,-1.231,-1.908,-1.552,cat1_3,cat2_3,cat3_10,no
-1.811,0.367,0.644,-0.468,-1.212,-1.196,-0.371,0.699,cat1_0,cat2_5,cat3_0,no
1.569,1.01,1.924,1.139,0.2,0.755,-0.747,-1.32,cat1_1,cat2_3,cat3_4,si
-0.307,0.898,0.795,1.533,1.889,-0.464,1.048,-1.506,cat1_1,cat2_0,cat3_8,no
-0.101,-0.503,1.904,0.909,1.803,1.074,-0.264,-0.761,cat1_2,cat2_3,cat3_11,si
-1.568,-1.176,1.004,-0.508,0.055,0.383,1.094,-1.105,cat1_0,cat2_1,cat3_0,no
0.093,-1.33,-1.575,0.223,0.862,-1.162,0.876,-1.938,cat1_0,cat2_5,cat3_3,si
-1.345,0.14,-0.774,0.218,1.56,-0.138,0.281,1.766,cat1_1,cat2_0,cat3_14,no
1.164,1.142,0.798,0.248,-0.074,1.889,-0.646,0.348,cat1_2,cat2_1,cat3_11,no
-0.136,0.375,1.062,0.521,-1.208,-1.365,-1.261,1.937,cat1_0,cat2_0,cat3_9,si
0.053,,-0.458,-0.641,1.375,-1.961,-1.656,-1.22,cat1_0,cat2_4,cat3_11,si
1.15,0.978,0.119,-0.544,1.531,0.949,-0.881,-0.791,cat1_1,cat2_0,cat3_14,no
0.926,0.379,0.047,0.343,0.955,1.164,-0.151,-0.778,cat1_0,cat2_3,cat3_13,no
-1.118,0.324,-0.105,1.644,-1.317,1.436,1.041,-0.928,cat1_1,cat2_2,cat3_3,no
0.847,-1.751,1.286,0.256,-1.643,1.413,1.995,-1.183,cat1_1,cat2_4,cat3_10,si
-0.711,0.238,-1.42,-0.153,0.095,0.08,-0.066,-0.54,cat1_3,cat2_3,cat3_12,no
1.358,1.205,-0.199,-0.72,-1.69,-1.41,-0.573,-0.519,cat1_0,cat2_1,cat3_14,si
1.989,1.361,0.951,0.182,-0.725,1.86,1.633,-1.961,cat1_1,cat2_2,cat3_12,si
-1.274,-0.131,-1.804,-1.215,0.694,0.234,-1.866,0.729,cat1_2,cat2_2,cat3_12,no
1.735,1.368,-1.034,0.024,-0.757,1.559,1.916,1.645,cat1_1,cat2_0,cat3_13,si
-1.7,-0.614,1.273,0.63,-1.404,1.309,1.401,1.943,cat1_2,cat2_1,cat3_11,no
1.618,1.002,0.078,1.158,-0.361,1.133,-1.319,-0.569,cat1_0,cat2_5,cat3_5,si
,-0.918,0.893,-0.002,1.536,-1.723,-1.223,-1.684,cat1_1,cat2_1,cat3_6,si
-0.627,-1.692,0.679,1.759,-1.007,-0.907,-1.789,1.108,cat1_0,cat2_3,cat3_6,si
0.642,,0.642,0.242,1.5,0.449,0.706,-0.405,cat1_0,cat2_1,cat3_14,si
-1.908,-1.104,0.898,-1.811,-1.052,1.206,0.976,0.162,cat1_2,cat2_0,cat3_3,no
0.624,-0.721,0.059,-0.946,-0.207,-1.386,-0.157,1.63,cat1_0,cat2_2,cat3_3,si
1.816,-1.391,1.837,-1.007,1.619,0.307,0.219,-1.419,cat1_1,,cat3_5,si
-0.755,1.917,1.97,-0.259,0.026,1.982,-0.134,-0.549,cat1_1,cat2_4,cat3_2,no
-1.958,1.446,0.096,-0.776,1.603,-1.721,0.224,1.506,cat1_2,cat2_3,cat3_2,no
-0.363,0.352,-0.182,0.773,-1.477,-0.34,1.676,-0.103,cat1_0,cat2_3,cat3_4,no
-0.802,-1.103,-1.852,-1.8,0.157,1.217,0.542,0.873,cat1_2,cat2_0,cat3_1,no
-0.692,0.163,0.167,0.711,0.519,0.606,1.711,0.98,cat1_0,cat2_2,cat3_4,no
1.899,-0.609,1.758,0.473,0.903,0.997,-1.522,-1.339,cat1_0,cat2_4,cat3_2,no
-0.683,-1.644,-1.389,1.919,-0.276,1.002,1.85,1.375,cat1_2,cat2_1,cat3_9,no
1.509,1.188,1.533,-0.741,1.826,-0.697,-1.086,1.592,cat1_1,cat2_4,cat3_0,si
-1.903,-0.778,1.954,-1.031,1.408,-0.573,-0.463,0.877,cat1_2,cat2_4,cat3_12,no
-0.792,-0.19,-0.646,1.69,1.875,-1.879,-1.452,1.774,cat1_3,cat2_5,cat3_3,no
0.325,-1.876,1.229,1.43,-0.089,-0.133,-0.328,-1.234,cat1_1,cat2_5,cat3_1,si
-0.211,-0.225,1.257,1.309,-1.735,-1.224,-0.313,1.356,cat1_1,cat2_1,cat3_11,no
-1.601,-0.149,0.834,1.747,-1.904,0.484,0.016,-0.201,cat1_0,cat2_2,cat3_10,no
-0.363,-1.332,1.491,-1.834,-1.616,1.488,-1.084,-0.483,cat1_3,cat2_2,cat3_4,no
-1.565,-0.541,1.243,-0.708,0.183,0.213,1.193,1.045,cat1_3,cat2_1,cat3_13,no
-0.173,-0.265,-0.802,1.911,-0.316,-1.645,-0.568,-1.906,cat1_0,cat2_4,cat3_1,no
-1.904,-0.437,1.42,1.035,-0.899,0.457,0.917,-1.592,cat1_2,cat2_0,cat3_9,si
-0.148,1.984,1.774,-1.105,1.659,1.265,0.67,1.374,cat1_1,cat2_3,cat3_2,no
0.517,0.022,1.788,0.287,-1.751,1.102,1.337,1.274,cat1_2,cat2_5,cat3_11,no
0.458,-1.273,-1.718,0.529,-0.346,-1.253,-0.835,-1.966,cat1_2,cat2_0,cat3_3,si
-0.418,0.442,0.812,-1.706,-1.638,-1.941,-1.439,0.064,cat1_1,cat2_5,cat3_9,no
0.824,1.086,0.626,-1.361,-0.826,0.039,-0.936,1.743,cat1_3,cat2_5,cat3_5,no
0.003,1.261,0.582,0.618,0.11,-0.82,0.169,0.245,cat1_2,cat2_1,cat3_6,si
-0.601,-0.19,0.615,1.357,-0.673,-1.521,1.379,0.923,cat1_3,cat2_0,cat3_7,si
-1.885,-0.304,1.88,1.485,-0.231,0.252,-0.368,0.799,cat1_2,cat2_0,cat3_2,si
-0.402,1.938,1.618,0.472,0.944,0.475,-1.013,0.815,cat1_3,cat2_4,cat3_13,no
1.074,0.067,1.81,0.608,1.823,1.509,1.242,-0.804,cat1_1,cat2_3,cat3_8,si
0.073,-0.305,-0.536,-0.152,0.932,1.267,1.513,1.76,cat1_0,cat2_2,cat3_14,no
0.985,0.533,1.827,1.258,-1.746,0.537,1.794,1.128,cat1_3,cat2_1,cat3_0,no
1.019,-1.254,-0.076,-1.206,-0.463,0.373,1.592,1.822,cat1_0,cat2_0,cat3_8,si
0.391,1.32,-0.056,-0.593,0.716,0.137,1.593,-0.91,cat1_3,cat2_0,cat3_7,si
0.43,-1.647,0.013,1.076,1.689,-0.048,0.969,1.007,cat1_3,cat2_0,cat3_5,no
-1.349,-1.718,-0.292,-1.413,-1.767,-0.63,-0.783,-1.31,cat1_2,cat2_3,cat3_6,no
-1.123,1.799,-1.131,0.929,-0.9,-0.263,-1.484,0.925,cat1_1,cat2_4,cat3_6,no
-1.904,1.056,0.414,-1.445,0.151,0.283,1.368,-1.802,cat1_1,cat2_4,cat3_1,no
1.598,0.19,-0.279,1.864,-0.242,0.917,-1.53,-0.88,cat1_2,cat2_4,cat3_8,si
1.099,-0.227,0.463,-0.912,-0.309,1.41,1.117,-0.768,cat1_0,cat2_4,cat3_12,no
1.845,-1.959,-0.718,-0.213,1.589,-0.547,0.209,0.287,cat1_1,cat2_3,cat3_6,si
0.357,0.722,1.693,-0.494,-1.639,0.437,-0.689,-1.579,cat1_0,cat2_4,cat3_5,si
1.491,-1.654,-0.784,0.938,1.283,1.66,0.112,1.555,cat1_2,cat2_5,cat3_6,si
1.992,1.828,1.312,0.144,1.032,1.778,1.324,1.903,cat1_3,cat2_2,cat3_12,no
-1.852,-1.802,0.797,-0.245,0.684,-1.097,-0.542,-1.218,cat1_3,cat2_3,cat3_5,no
-1.859,0.581,-1.828,0.851,1.719,0.492,0.913,-0.764,cat1_3,cat2_5,cat3_3,no
-0.114,-0.493,0.501,1.841,0.263,-0.948,1.143,1.643,cat1_3,cat2_0,cat3_7,no
-1.096,1.43,0.993,-0.02,0.152,-0.839,0.294,-1.439,cat1_3,,cat3_9,no
,-0.772,1.224,-0.971,-0.191,1.532,1.788,-1.179,cat1_3,cat2_2,cat3_5,no
-0.147,-1.103,1.019,0.436,-0.959,-0.363,-1.969,-0.261,cat1_1,cat2_4,cat3_6,si
0.859,1.118,1.46,-1.015,1.062,-1.395,1.36,-0.161,cat1_0,cat2_1,cat3_1,no
1.571,-0.034,-1.633,-1.796,1.211,-0.038,0.39,-0.439,cat1_3,cat2_2,cat3_0,si
,1.506,-1.781,0.977,0.376,-0.798,-1.962,0.184,cat1_0,cat2_2,cat3_3,si
0.865,-1.336,0.632,-0.53,-1.272,1.763,-1.921,0.726,cat1_3,,cat3_14,si
1.625,-1.263,-0.621,-1.548,-1.907,1.942,-0.804,0.607,cat1_2,cat2_0,cat3_8,si
1.754,-0.29,0.401,1.485,-1.456,-0.606,0.54,-1.259,cat1_2,cat2_2,cat3_4,si
-0.205,-0.881,-0.997,0.213,0.768,-1.834,-0.109,-1.232,cat1_0,cat2_4,cat3_1,no
-0.75,0.363,-1.237,0.104,-1.897,-1,-1.199,-1.852,cat1_3,cat2_1,cat3_6,no
0.694,-0.818,0.535,-1.472,1.149,1.098,-0.934,-0.909,cat1_0,cat2_3,cat3_1,no
-0.017,-0.175,0.404,-1.696,-1.226,1.463,0.094,-0.858,cat1_2,cat2_2,cat3_6,no
-0.135,1.332,1.489,0.012,-0.413,-1.361,0.268,1.814,cat1_0,cat2_4,cat3_5,no
-0.651,0.484,-1.822,-0.262,1.402,1.793,-0.317,-1.653,cat1_2,cat2_4,cat3_8,no
1.087,-0.936,-1.221,0.741,-0.955,-1.644,-0.833,-1.21,cat1_2,cat2_0,cat3_13,no
1.506,1.586,1.247,0.019,0.225,-1.908,1.935,-1.2,cat1_3,cat2_5,cat3_8,no
0.479,-0.134,-0.629,0.123,-0.886,-0.64,-0.221,-0.389,cat1_3,cat2_1,cat3_0,no
0.354,-1.483,-1.549,0.22,0.251,-1.932,1.126,1.843,cat1_1,cat2_5,cat3_4,si
-1.938,-1.036,-0.167,-1.102,-0.605,0.874,0.237,-0.174,cat1_1,cat2_4,cat3_0,si
-0.95,-0.694,-0.093,-0.238,-0.192,1.348,-0.567,-0.303,cat1_2,cat2_1,cat3_9,no
-0.555,1.519,-1.149,-1.685,0.112,-0.151,-0.813,-0.354,cat1_1,cat2_4,cat3_3,si
0.636,-0.975,-0.703,-0.043,0.26,-0.901,0.907,0.827,cat1_0,cat2_3,cat3_5,no
1.03,-0.407,-1.226,1.056,1.324,-1.471,0.214,0.55,cat1_2,cat2_5,cat3_2,no
1.293,-0.07,-1.909,0.295,1.571,0.887,-0.989,0.805,cat1_2,cat2_4,cat3_6,si
-1.385,-0.49,1.394,-0.914,1.577,0.767,-1.356,-0.38,cat1_3,cat2_4,cat3_3,no
0.179,1.243,0.987,-1.019,0.59,-0.533,-1.724,-1.449,cat1_0,cat2_1,cat3_13,si
-0.826,0.632,1.414,0.876,1.706,-1.846,-0.461,-0.52,cat1_1,cat2_3,cat3_14,si
0.979,-1.342,1.522,-1.482,-0.189,0.068,-0.91,0.601,cat1_2,cat2_3,cat3_6,no
1.487,0.328,-1.131,-0.484,-0.081,0.449,0.644,0.533,cat1_3,cat2_5,cat3_6,no
-0.624,0.441,1.929,-1.036,0.228,0.517,1.708,-0.569,cat1_2,cat2_2,cat3_7,no
-1.151,-1.206,-1.248,-0.17,1.649,0.847,1.928,0.791,cat1_0,cat2_3,cat3_8,no
1.843,1.849,-1.763,1.341,1.549,-1.435,0.557,1.324,cat1_2,cat2_0,cat3_2,no
-0.535,0.582,1.71,1.828,-0.021,0.314,-1.898,-1.491,cat1_0,cat2_4,cat3_12,no
-1.769,-0.031,-1.335,0.543,1.894,-1.616,1.58,-0.57,cat1_3,cat2_5,cat3_4,no
1.898,-1.903,-1.505,1.865,0.415,-1.202,-0.872,-0.914,cat1_3,cat2_3,cat3_12,si
-1.446,0.22,1.814,1.297,-1.741,-0.678,1.631,1.871,cat1_2,cat2_1,cat3_11,no
1.866,1.316,0.522,1.447,-0.877,0.067,1.823,1.692,cat1_0,cat2_0,cat3_2,no
-0.082,-0.547,-0.088,-0.432,1.285,-1.454,0.049,-0.576,cat1_1,cat2_4,cat3_2,si
0.166,-1.184,0.542,0.047,0.929,-0.614,0.836,-1.182,cat1_2,cat2_5,cat3_3,no
-0.015,1.793,0.029,-0.635,-0.826,-0.724,-1.569,1.042,cat1_1,cat2_3,cat3_0,no
0.752,1.087,-0.157,-0.65,-1.343,-1.603,1.295,-0.341,cat1_0,,cat3_4,no
0.991,0.216,-1.335,1.143,-0.138,0.051,0.866,-0.96,cat1_2,cat2_1,cat3_4,si
1.165,0.265,0.982,0.41,-1.213,-0.838,1.298,1.561,cat1_0,cat2_5,cat3_4,si
0.626,,-1.663,1.706,1.393,1.158,0.603,-0.871,cat1_1,,cat3_6,si
1.226,-1.715,-1.614,0.637,1.924,-1.347,-1.673,-1.056,cat1_2,cat2_2,cat3_11,si
0.307,0.066,-0.826,0.157,-0.363,0.472,-0.398,-1.624,cat1_3,cat2_4,cat3_9,no
0.749,0.214,-1.832,1.896,-0.186,-1.279,0.026,0.329,cat1_3,cat2_3,cat3_7,no
1.527,1.479,1.367,0.311,1.404,1.84,1.785,-1.823,cat1_0,cat2_2,cat3_9,si
-1.498,1.428,1.2,-0.073,-0.863,-1.974,0.967,-0.969,cat1_0,cat2_3,cat3_9,no
-0.984,0.483,0.568,-0.336,0.75,-0.431,-1.485,0.123,cat1_2,cat2_5,cat3_9,no
0.178,1.367,1.454,-1.693,1.573,-1.709,1.106,0.833,cat1_2,,cat3_3,no
-0.237,1.654,0.937,0.734,-1.267,-1.81,-1.205,1.061,cat1_3,cat2_2,cat3_14,no
1.952,1.798,0.893,-0.831,1.983,-1.945,1.26,1.143,cat1_3,cat2_0,cat3_13,no
0.688,0.312,-0.728,-0.513,1.446,0.672,0.179,-0.882,cat1_1,cat2_1,cat3_2,si
-0.24,-1.558,-1.641,1.203,-0.661,1.672,-1.79,-1.382,cat1_0,cat2_1,cat3_0,si
1.89,-0.943,-1.541,0.541,-0.847,-0.067,-0.59,0.518,cat1_1,cat2_3,cat3_9,si
0.818,1.93,1.223,1.954,1.812,0.545,0.511,1.781,cat1_3,cat2_1,cat3_8,no
-1.239,-0.29,0.369,-0.529,0.899,-1.983,1.797,1.636,cat1_2,cat2_4,cat3_3,no
1.435,1.802,-1.602,1.504,-0.314,1.453,-0.547,-0.308,cat1_0,,cat3_9,si
0.7,0.197,1.212,-0.649,0.172,-0.433,-1.465,0.979,cat1_3,cat2_4,cat3_9,si
,-0.077,-0.219,0.062,0.089,-0.524,0.494,0.559,cat1_1,cat2_2,cat3_13,no
0.118,-0.283,-1.218,-0.283,1.52,-0.966,-1.091,0.071,cat1_1,cat2_0,cat3_12,no
-1.282,1.547,-0.893,1.843,-0.154,-0.36,-1.054,-0.518,cat1_3,cat2_2,cat3_9,no
1.767,1.95,-1.594,0.75,1.723,0.758,1.416,-1.811,cat1_2,cat2_3,cat3_12,no
,-1.604,1.775,-0.519,0.01,1.662,-1.664,-1.875,cat1_3,cat2_1,cat3_1,si
-1.424,0.962,-1.791,0.79,0.67,1.344,-0.937,-0.208,cat1_0,cat2_5,cat3_8,no
1.52,-0.871,-1.16,1.192,-1.155,-0.634,0.658,-1.223,cat1_2,cat2_0,cat3_10,si
1.274,-0.048,1.908,-0.21,0.181,-1.657,-0.627,-1.495,cat1_3,cat2_0,cat3_6,no
-1.637,0.136,0.862,-0.05,1.959,1.051,-0.437,1.726,cat1_0,cat2_2,cat3_9,no
1.373,-0.188,1.033,1.861,-0.012,-0.948,0.734,-0.217,cat1_2,,cat3_9,si
-0.471,0.745,-1.725,-1.916,0.148,-1.486,0.517,-1.225,cat1_1,cat2_3,cat3_1,si
1.087,1.974,1.767,-1.239,0.074,-1.14,0.937,-0.378,cat1_2,cat2_2,cat3_5,no
-0.478,0.778,0.277,1.803,1.969,0.509,-1.906,1.746,cat1_0,cat2_3,cat3_7,no
,0.922,-0.171,-1.655,-1.831,0.167,1.795,-0.323,cat1_3,cat2_4,cat3_5,no
1.88,-1.985,1.411,0.764,-1.97,1.472,-1.354,1.287,cat1_3,cat2_4,cat3_8,si
1.538,0.315,-0.678,0.314,-1.092,-0.684,0.423,-1.814,cat1_0,cat2_0,cat3_11,no
-1.877,-0.765,-0.008,1.024,0.184,-1.523,0.151,-0.711,cat1_0,cat2_5,cat3_13,no
-1.939,1.164,-0.636,1.804,-1.466,-0.423,-0.673,-1.832,cat1_0,cat2_1,cat3_0,no
0.918,0.447,-1.507,0.692,-1.613,-0.635,0.879,-1.488,cat1_0,cat2_5,cat3_4,no
0.872,0.572,-1.076,-0.984,-0.212,1.57,-1.908,-1.43,cat1_0,cat2_5,cat3_3,no
0.034,-0.698,1.498,-1.642,-1.827,1.881,0.463,-1.313,cat1_3,cat2_0,cat3_13,no
0.224,1.352,-0.193,-1.126,-1.017,0.364,-1.662,-1.793,cat1_1,cat2_2,cat3_13,no
1.975,0.527,-0.917,0.99,-0.921,-0.099,1.733,0.333,cat1_1,cat2_5,cat3_6,si
-1.807,-0.576,1.533,0.079,0.084,-0.695,0.801,1.308,cat1_1,cat2_0,cat3_5,no
-1.098,-1.796,0.942,0.863,-0.486,-0.61,-1.236,-0.981,cat1_3,cat2_3,cat3_9,no
,-1.884,-0.371,0.731,-1.342,-1.361,0.099,-0.269,cat1_3,,cat3_10,si
1.705,0.855,-0.101,-0.907,-1.203,-0.586,-1.468,-0.8,cat1_1,cat2_5,cat3_2,si
0.518,-0.705,1.023,0.008,0.788,1.593,1.405,-0.517,cat1_1,cat2_0,cat3_11,si
-0.491,0.706,-1.647,0.446,-1.349,-0.742,1.504,0.079,cat1_0,cat2_5,cat3_11,no
-0.021,1.839,1.028,-1.812,-1.35,0.389,-0.642,-1.948,cat1_2,cat2_3,cat3_14,no
0.737,1.236,1.111,1.271,1.297,-1.864,-1.412,-1.962,cat1_2,cat2_2,cat3_11,si
1.915,1.397,-0.738,1.899,-0.522,-0.227,-0.378,-1.862,cat1_2,cat2_5,cat3_13,no
-1.204,1.095,0.737,-1.8,-1.394,0.263,-0.352,-1.359,cat1_3,cat2_5,cat3_2,no
1.259,1.249,1.749,-0.842,0.794,0.125,0.403,1.872,cat1_2,cat2_2,cat3_13,no
-0.583,0.696,-0.492,1.419,-1.027,0.98,1.627,1.764,cat1_1,cat2_0,cat3_12,no
-1.823,0.574,-0.212,1.231,-0.417,-1.58,-1.065,1.015,cat1_3,cat2_4,cat3_13,no
-0.625,1.043,0.417,1.098,1.818,-1.493,1.919,0.731,cat1_2,cat2_1,cat3_14,no
-1.58,-1.65,-1.441,-1.726,-1.349,-1.522,0.957,-1.276,cat1_1,cat2_1,cat3_8,no
1.075,0.933,0.629,1.684,1.612,0.743,0.845,-1.105,cat1_3,,cat3_0,no
-1.878,0.643,0.36,-0.094,-0.924,0.556,0.032,1.181,cat1_0,cat2_0,cat3_10,no
0.162,-1.2,-0.818,-1.609,-1.066,-1.484,1.521,1.129,cat1_3,cat2_2,cat3_8,no
-0.066,1.383,-0.642,-0.628,0.041,-1.565,0.206,1.341,cat1_1,cat2_5,cat3_4,no
-1.005,0.945,1.242,0.743,1.69,-1.11,-1.609,-0.976,cat1_2,cat2_5,cat3_6,si
1.02,0.285,-1.592,1.221,-0.851,1.446,0.577,-0.867,cat1_2,cat2_4,cat3_9,si
0.529,1.862,0.828,0.439,1.855,1.45,-0.734,-1.869,cat1_2,cat2_5,cat3_14,si
1.21,1.347,0.177,1.836,1.485,-0.297,-1.216,-1.392,cat1_3,cat2_2,cat3_6,no
-1.202,1.11,0.042,-1.494,0.741,1.442,1.84,-1.8,cat1_3,cat2_4,cat3_14,no
1.263,-0.937,-1.45,0.558,0.323,-1.136,0.413,0.661,cat1_1,cat2_5,cat3_3,si
-0.928,,-1.651,-1.587,1.523,1.828,-0.088,1.744,cat1_3,cat2_4,cat3_9,no
-1.672,-1.962,0.823,-1.346,0.142,1.449,1.863,0.393,cat1_2,cat2_5,cat3_12,no
-1.826,-1.646,-0.924,-1.589,-1.196,-1.922,-0.456,-1.518,cat1_1,cat2_4,cat3_6,si
1.805,-0.757,-0.456,-1.337,-1.778,0.239,-1.819,1.133,cat1_3,cat2_5,cat3_3,si
0.131,1.869,1.471,1.004,-1.356,-0.965,1.129,1.423,cat1_1,cat2_4,cat3_10,no
1.863,-1.84,-1.074,-1.938,1.581,-1.195,-0.897,0.35,cat1_0,cat2_0,cat3_8,si
0.719,1.373,1.674,1.854,-0.959,-1.507,-1.056,-0.833,cat1_0,cat2_2,cat3_13,si
1.547,-1.861,1.895,1.77,1.331,0.037,-0.974,-0.51,cat1_2,cat2_3,cat3_0,si
1.834,-0.309,-1.966,-0.31,-1.297,1.494,1.625,-0.344,cat1_0,cat2_2,cat3_2,si
-1.325,-0.956,-1.589,0.66,-1.093,-0.572,0.127,-0.971,cat1_0,cat2_3,cat3_10,no
-0.535,,-0.048,-1.53,1.64,-1.983,0.149,0.373,cat1_0,,cat3_0,no
-0.544,0.854,-0.177,-1.27,-1.883,1.331,2,-1.989,cat1_3,cat2_3,cat3_3,no
-1.54,0.185,-0.056,-0.1,-1.608,1.239,1.317,-0.064,cat1_2,,cat3_1,no
-1.407,0.824,1.207,-1.468,-1.785,1.057,0.872,0.811,cat1_3,cat2_4,cat3_9,no
-0.948,-1.264,0.866,0.715,-1.238,0.31,1.184,-1.652,cat1_3,cat2_3,cat3_5,no
-1.54,-1.724,0.298,-1.003,-1.989,-0.963,0.42,0.905,cat1_1,cat2_1,cat3_8,no
,1.618,-0.785,0.697,0.811,-0.603,1.586,-1.461,cat1_3,cat2_0,cat3_9,no
0.549,-0.019,0.604,-0.807,0.344,-1.474,0.373,-1.593,cat1_2,cat2_1,cat3_2,no
0.306,-0.562,1.305,0.559,1.381,0.547,-1.42,0.021,cat1_0,cat2_1,cat3_1,si
,-1.274,-0.148,1.06,1.092,-0.188,0.866,-1.293,cat1_2,cat2_1,cat3_2,no
-0.784,-1.569,1.678,0.327,-0.934,1.938,-0.816,1.48,cat1_2,cat2_4,cat3_7,no
1.018,,1.422,0.554,1.91,1.482,0.053,-1.11,cat1_3,cat2_1,cat3_10,si
0.647,0.765,1.032,0.917,0.834,1.827,0.725,0.69,cat1_3,cat2_3,cat3_14,si
-1.503,-0.585,1.137,1.654,0.383,-1.068,-0.656,0.505,cat1_3,cat2_5,cat3_5,no
1.237,1.547,-0.055,1.391,-0.678,1.885,1.745,0.446,cat1_1,cat2_2,cat3_11,si
0.932,-1.738,-0.697,1.193,-1.012,1.25,-0.647,-1.421,cat1_3,cat2_1,cat3_14,si
-1.716,1.98,-1.862,1.133,-1.437,1.495,0.513,1.329,cat1_0,cat2_3,cat3_3,no
0.12,1.693,1.458,-1.469,-0.833,0.841,0.582,0.139,cat1_2,cat2_3,cat3_5,no
-0.348,1.291,-0.248,1.838,-1.523,0.966,0.167,-1.05,cat1_1,cat2_2,cat3_8,no
1.399,-1.103,1.423,-1.073,-1.529,-1.683,-1.197,-1.703,cat1_3,cat2_0,cat3_4,no
1.831,1.641,0.842,0.368,0.212,0.038,1.609,0.464,cat1_0,cat2_0,cat3_6,no
0.993,1.406,0.211,-1.096,-0.122,-0.38,1.027,-0.166,cat1_3,cat2_0,cat3_0,no
-0.794,1.477,-0.869,-0.461,-1.612,1.268,0.664,1.84,cat1_0,cat2_5,cat3_11,no
,-1.513,0.119,1.458,0.019,-1.201,1.008,-1.704,cat1_0,cat2_0,cat3_8,si
-1.306,-1.285,-0.844,-1.641,-1.75,0.612,-0.013,0.522,cat1_0,cat2_2,cat3_1,si
1.694,0.842,0.843,-1.327,-1.761,-1.554,-0.92,1.891,cat1_1,cat2_0,cat3_9,no
-0.482,0.838,0.515,-1.723,-1.023,-1.442,1.179,-1.01,cat1_1,cat2_2,cat3_3,no
1.772,-0.418,-0.34,-0.972,-1.475,0.076,1.811,-0.662,cat1_1,cat2_1,cat3_9,si
1.97,1.467,-0.046,1.263,0.569,-1.348,-0.285,-0.239,cat1_1,cat2_5,cat3_9,si
1.799,0.103,0.7,1.676,0.479,0.642,-0.737,-1.709,cat1_2,cat2_4,cat3_13,si
-1.542,1.037,-1.907,0.906,0.398,0.304,-0.055,-0.593,cat1_3,cat2_5,cat3_3,no
-0.756,-0.567,1.77,-0.021,1.97,-1.046,1.834,-1.773,cat1_1,cat2_4,cat3_2,no
,1.005,1.075,-0.146,-1.069,0.668,-1.637,-0.657,cat1_0,cat2_1,cat3_0,no
-0.897,0.664,1.681,1.991,-0.506,-0.624,0.457,1.7,cat1_1,cat2_0,cat3_3,si
-0.765,1.453,-0.908,0.53,1.134,-0.557,0.86,1.922,cat1_0,,cat3_2,no
-0.553,1.746,1.999,1.142,-0.515,-0.757,-1.681,-0.234,cat1_0,cat2_1,cat3_4,no
-0.713,-0.566,1.645,-0.3,-0.59,1.519,0.633,-0.724,cat1_3,cat2_1,cat3_2,no
-0.281,-0.809,-1.454,1.79,-1.751,1.395,-1.689,-0.251,cat1_1,cat2_5,cat3_10,no
-0.959,-0.624,-1.854,1.804,-1.989,0.09,-1.48,-1.661,cat1_3,cat2_2,cat3_1,no
1.337,-1.888,-0.225,-1.774,0.098,0.321,-1.221,0.61,cat1_0,cat2_0,cat3_4,si
1.909,0.254,1.953,1.672,0.092,-0.928,0.323,-1.608,cat1_3,cat2_0,cat3_5,si
-1.167,,-1.888,-0.149,-0.58,1.976,-0.238,-0.986,cat1_3,cat2_1,cat3_5,no
1.454,-1.573,0.898,1.856,-0.988,-1.055,1.636,-1.683,cat1_2,cat2_1,cat3_8,si
-0.498,1.312,0.136,0.39,-0.638,0.347,-1.462,1.93,cat1_0,cat2_0,cat3_5,no
0.935,-0.474,-0.532,1.747,-0.762,-1.32,0.73,0.293,cat1_1,cat2_4,cat3_1,si
-0.745,1.247,0.012,1.491,0.592,0.149,-1.876,1.835,cat1_1,cat2_0,cat3_11,no
-0.927,-1.694,-0.638,1.533,-0.133,0.602,0.995,0.01,cat1_3,cat2_4,cat3_10,no
-0.368,-1.183,1.22,1.273,-1.739,-0.825,0.943,1.269,cat1_1,cat2_5,cat3_0,si
1.845,0.114,-1.569,-0.291,-1.058,0.895,1.439,-0.383,cat1_1,cat2_2,cat3_12,no
-0.981,-0.804,-1.969,-0.783,0.332,0.505,0.878,-1.457,cat1_1,cat2_0,cat3_3,no
-0.792,0.064,-0.099,0.535,1.307,1.346,-0.518,-1.017,cat1_0,cat2_5,cat3_7,no
1.768,-1.496,-0.856,0.786,-0.448,0.854,-1.99,-0.665,cat1_1,cat2_5,cat3_6,si
1.49,0.644,0.165,-0.492,0.944,1.63,-0.749,-1.008,cat1_3,cat2_3,cat3_1,si
-0.373,-1.782,-0.576,-1.683,-0.748,0.992,-0.11,-1.979,cat1_0,cat2_0,cat3_12,si
0.909,,-0.608,1.3,1.42,0.997,-1.806,0.757,cat1_0,cat2_0,cat3_0,si
-1.986,-0.463,1.498,-1.945,1.2,-1.378,0.407,0.408,cat1_3,cat2_4,cat3_1,no
-0.82,0.501,0.2,1.674,-0.873,1.387,0.591,0.564,cat1_3,cat2_2,cat3_7,no
0.821,-0.113,0.604,-1.537,-1.604,0.675,-0.612,0.638,cat1_0,cat2_5,cat3_13,no
-1.073,0.503,-0.978,0.862,0.814,-0.77,0.953,1.045,cat1_1,cat2_4,cat3_3,no
1.318,1.659,-1.386,0.866,-1.576,0.655,-1.636,1.389,cat1_0,cat2_0,cat3_11,no
-0.706,-1.772,-0.911,0.421,-1.731,-0.412,-1.524,-0.817,cat1_1,cat2_5,cat3_14,si
1.1,-0.019,1.504,-0.818,-0.041,-0.778,1.836,0.415,cat1_2,cat2_5,cat3_11,no
0.007,-0.432,0.362,-1.795,0.21,-1.844,0.546,1.466,cat1_0,cat2_4,cat3_7,no
-0.506,-0.739,1.007,1.697,-0.071,0.846,1.81,0.985,cat1_1,cat2_2,cat3_10,no
1.999,-1.79,-0.948,1.425,-0.081,-1.617,0.238,-0.439,cat1_1,cat2_5,cat3_14,si
-0.059,-0.925,-0.981,-1.198,1.372,0.64,0.489,0.645,cat1_2,cat2_4,cat3_5,si
1.986,1.936,-0.73,1.579,0.517,0.103,0.451,0.832,cat1_2,cat2_3,cat3_1,no
0.862,,-1.37,-1.376,-1.848,-0.039,-0.702,-0.382,cat1_2,cat2_0,cat3_8,si
0.357,-1.677,0.718,0.19,1.887,-1.81,1.849,1.835,cat1_3,cat2_0,cat3_12,si
1.117,1.737,0.461,-1.547,1.368,0.079,-0.507,-1.334,cat1_0,cat2_4,cat3_3,si
1.436,1.822,0.6,-1.739,-1.785,0.922,-1.197,-1.245,cat1_2,cat2_2,cat3_7,no
-1.584,0.801,-1.871,0.662,0.383,-1.497,-1.439,-1.726,cat1_3,cat2_4,cat3_10,no
-0.433,1.199,-0.529,0.076,1.163,-0.742,-1.689,0.732,cat1_0,cat2_3,cat3_10,no
0.076,1.927,-0.554,-0.514,1.888,-1.735,0.789,1.78,cat1_2,,cat3_12,no
0.499,-1.304,-0.154,0.773,-0.093,-0.239,-1.649,-0.757,cat1_2,cat2_4,cat3_9,si
1.863,1.401,0.209,-1.897,1.359,-0.371,1.459,-0.414,cat1_1,,cat3_12,si
-1.023,1.071,1.071,-0.685,-1.75,-1.445,-1.339,1.665,cat1_2,cat2_2,cat3_8,no
-0.254,-0.478,0.608,0.402,1.559,0.042,1.454,0.612,cat1_0,cat2_0,cat3_12,si
-0.622,-0.163,0.267,1.367,-0.234,-0.597,0.05,-0.521,cat1_3,cat2_4,cat3_10,no
-0.82,-1.387,-0.605,-0.778,-0.732,-1.869,-0.238,-0.562,cat1_0,cat2_5,cat3_3,no
-0.991,1.685,1.955,-0.175,-0.792,0.29,1.99,0.376,cat1_3,cat2_1,cat3_12,no
1.727,-0.897,-0.722,-0.556,-1.714,0.821,-0.692,-0.818,cat1_3,cat2_2,cat3_14,si
1.028,1.793,0.844,-1.119,-0.798,-0.055,1.802,1.296,cat1_0,cat2_2,cat3_13,no
0.816,-1.361,0.695,0.412,-0.649,0.505,-1.648,0.148,cat1_2,cat2_4,cat3_6,si
-1.736,1.418,-1.627,0.376,-1.061,-0.265,-1.567,-1.16,cat1_1,cat2_0,cat3_9,no
-1.357,1.827,1.883,1.55,1.282,1.211,-1.221,-1.01,cat1_0,cat2_0,cat3_13,no
-1.967,0.537,-0.366,0.316,1.712,1.019,1.314,1.07,cat1_2,cat2_5,cat3_14,no
-1.01,0.905,-0.801,-1.658,0.27,-0.406,1.734,-0.856,cat1_2,cat2_5,cat3_0,no
0.999,0.378,0.771,0.847,0.367,1.694,-0.888,1.192,cat1_0,cat2_0,cat3_10,no
0.212,1.428,-0.533,0.082,-1.085,-1.724,-1.424,-1.06,cat1_1,cat2_2,cat3_5,si
0.026,-0.341,-0.772,-0.495,-1.258,-0.707,0.014,-0.116,cat1_1,cat2_4,cat3_0,si
-0.14,1.202,1.875,-1.248,-1.572,-0.077,0.869,0.623,cat1_1,cat2_5,cat3_7,no
,0.954,1.129,0.186,-0.517,1.906,-1.393,-0.992,cat1_2,cat2_4,cat3_11,no
1.615,-0.186,-1.335,1.939,0.114,-1.418,1.262,1.923,cat1_3,cat2_0,cat3_9,no
1.018,0.905,-1.181,-1.483,-0.09,0.271,0.382,-0.184,cat1_1,cat2_3,cat3_5,no
-1.235,-0.91,0.067,-1.567,-1.857,-1.384,-0.652,-0.006,cat1_0,cat2_4,cat3_6,si
-1.919,1.235,0.411,-0.033,0.057,1.757,1.757,-0.693,cat1_3,cat2_4,cat3_8,no
1.74,0.302,1.327,0.771,-1.697,-0.954,0.404,-1.163,cat1_1,cat2_0,cat3_14,si
1.947,0.505,-0.337,0.154,1.456,1.727,-1.226,1.595,cat1_3,cat2_3,cat3_6,si
-1.255,1.27,-1.143,1.053,-1.865,-0.519,1.742,0.754,cat1_2,cat2_1,cat3_11,no
-0.93,1.768,-0.679,1.221,-0.127,-1.871,0.748,1.058,cat1_0,cat2_3,cat3_7,no
-1.674,0.593,0.301,-1.355,-1.647,1.965,-0.41,0.169,cat1_3,cat2_2,cat3_11,no
-0.216,-0.57,-1.185,0.397,-1.951,-0.892,-1.046,-1.974,cat1_2,cat2_2,cat3_1,no
1.798,-1.866,1.164,-0.569,0.119,0.567,0.822,-1.855,cat1_0,cat2_0,cat3_9,si
-1.391,0.46,-1.685,0.702,1.22,-0.935,-0.921,-1.465,cat1_2,cat2_4,cat3_9,no
-1.224,-1.181,-1.344,-1.33,-0.724,1.928,1.352,-0.552,cat1_0,cat2_3,cat3_3,no
1.834,-1.523,-1.839,0.974,1.04,-0.34,-0.628,1.112,cat1_3,cat2_0,cat3_6,si
-0.834,0.749,-0.486,1.409,1.559,1.085,-1.6,0.18,cat1_2,cat2_3,cat3_1,no
-0.206,-0.427,-1.091,0.023,-1.605,-0.21,-1.804,0.718,cat1_0,,cat3_0,si
-0.456,1.642,-1.482,-1.727,-1.864,-1.878,0.481,-1.367,cat1_1,cat2_3,cat3_6,no
0.318,,1.178,0.117,-1.945,1.341,-1.883,0.839,cat1_0,cat2_0,cat3_14,si
0.051,-1.783,-1.016,-0.146,-1.615,1.836,0.225,-1.069,cat1_1,cat2_4,cat3_11,si
-1.943,0.196,-1.116,0.453,1.34,-1.736,-0.035,-0.62,cat1_3,cat2_5,cat3_4,no
0.727,1.564,-0.158,-1.047,1.925,-0.858,0.845,-0.814,cat1_3,cat2_1,cat3_5,si
-0.483,1.19,-1.321,-1.797,0.611,-1.494,0.806,-1.15,cat1_2,cat2_1,cat3_6,no
,0.954,0.548,-1.737,1.798,-1.239,-1.439,0.834,cat1_1,cat2_2,cat3_12,no
-0.651,-0.838,-1.592,-1.788,1.582,-0.128,0.012,-0.317,cat1_2,cat2_3,cat3_3,no
0.155,,-0.554,-0.218,1.661,0.942,-0.926,0.349,cat1_2,cat2_4,cat3_13,no
-1.015,-1.49,-0.328,0.692,0.985,-1.259,1.489,-0.329,cat1_2,cat2_3,cat3_5,no
-0.17,1.469,-1.673,1.461,-0.262,-1.615,-0.401,1.382,cat1_1,cat2_1,cat3_5,no
0.2,0.013,0.763,-0.099,0.226,1.436,-0.291,-0.934,cat1_2,cat2_2,cat3_8,no
-0.605,-0.826,-0.976,-0.126,0.105,0.469,-1.699,-1.197,cat1_3,cat2_1,cat3_4,no
0.647,-0.475,1.455,-1.543,1.703,1.672,-0.111,-0.078,cat1_1,cat2_2,cat3_12,si
-0.85,-0.18,0.247,0.709,-0.68,-0.981,1.341,1.338,cat1_3,cat2_4,cat3_11,no
1.093,-0.619,-1.58,-0.979,0.766,-0.147,0.906,-0.322,cat1_1,cat2_5,cat3_10,si
,0.596,-1.864,1.709,1.548,0.617,-1.474,-0.083,cat1_1,cat2_2,cat3_10,no
0.737,0.758,0.398,-1.374,-1.416,0.474,1.298,-1.558,cat1_0,cat2_3,cat3_2,no
0.583,0.211,-1.894,-0.616,-0.471,1.136,0.624,-0.973,cat1_2,cat2_0,cat3_10,si
-0.07,-0.418,-0.449,1.11,-1.561,0.289,-0.134,-1.942,cat1_3,cat2_5,cat3_2,no
-0.976,0.176,-0.412,-1.227,0.246,-1.689,-0.007,1.247,cat1_0,cat2_2,cat3_2,no
-1.466,1.837,-0.232,1.505,-0.526,-1.759,1.31,-0.443,cat1_2,cat2_2,cat3_5,no
-1.6,-1.738,0.309,-1.625,0.879,1.542,-1.922,0.175,cat1_1,cat2_2,cat3_4,no
0.131,-0.408,-1.506,1.227,-0.221,-0.622,0.795,-0.457,cat1_1,cat2_2,cat3_8,no
-0.911,1.653,-1.312,0.977,0.332,-1.889,-1.157,1.959,cat1_1,cat2_2,cat3_1,no
0.201,,-0.422,-1.689,1.134,-1.145,-1.385,1.201,cat1_3,cat2_4,cat3_14,no
-1.959,,0.952,1.892,1.062,1.548,-0.245,1.063,cat1_0,cat2_4,cat3_8,no
-0.564,1.526,0.206,0.62,-0.812,-1.339,-0.463,-0.456,cat1_1,cat2_2,cat3_6,no
-1.269,1.366,1.738,0.102,1.384,-1.62,-0.13,1.245,cat1_2,,cat3_4,no
1.821,0.569,1.549,-1.409,-1.872,0.679,-1.935,1.871,cat1_2,cat2_2,cat3_9,si
-0.512,-0.527,0.769,-1.799,-1.558,1.461,-1.286,0.502,cat1_1,cat2_5,cat3_12,no
-0.492,-1.307,-0.198,0.712,-0.955,-1.405,1.104,0.206,cat1_3,cat2_4,cat3_6,no
1.583,0.364,-1.602,-0.753,-1.629,0.681,0.449,1.877,cat1_3,cat2_4,cat3_12,no
-0.081,-1.745,-0.642,0.555,-0.976,0.461,0.155,1.75,cat1_3,cat2_1,cat3_7,no
-0.249,0.334,1.254,-1.34,-0.87,-0.612,-1.14,0.757,cat1_3,cat2_3,cat3_8,no
0.397,1.597,1.204,-0.044,-1.59,1.37,1.531,-1.016,cat1_0,cat2_3,cat3_3,no
1.643,1.509,-0.259,1.693,1.89,-0.087,0.498,-0.291,cat1_0,cat2_0,cat3_10,no
-0.097,-0.682,0.975,-0.416,-1.227,1.821,-1.865,1.375,cat1_1,cat2_4,cat3_9,no
0.815,1.59,-0.94,-1.112,-1.548,-0.417,0.159,0.546,cat1_2,cat2_4,cat3_1,si
0.228,-1.578,-1.518,-1.517,0.5,-1.72,-1.987,1.594,cat1_1,cat2_0,cat3_9,si
,-1.977,-1.051,-0.227,-0.017,-0.476,1.223,1.915,cat1_1,cat2_5,cat3_2,si
0.622,1.035,1.702,-0.714,-1.842,0.166,-0.573,-0.38,cat1_2,cat2_1,cat3_5,si
,0.68,-1.05,-0.405,-0.281,-1.305,-0.108,-0.939,cat1_1,cat2_3,cat3_1,si
-0.284,1.856,0.789,-0.458,-1.149,-1.981,-0.674,-1.345,cat1_0,cat2_4,cat3_4,no
-0.206,-1.999,1.043,-1.741,-0.161,0.606,0.664,-1.414,cat1_0,cat2_3,cat3_7,no
0.509,,0.415,-1.291,-1.902,-1.776,1.127,-0.616,cat1_1,cat2_3,cat3_4,no
0.257,-0.91,-1.961,0.25,-0.474,-0.847,-1.547,1.638,cat1_3,cat2_2,cat3_13,no
-1.242,-1.194,-1.033,-1.189,0.764,1.901,-0.591,-0.889,cat1_0,cat2_5,cat3_6,no
1.02,-1.483,0.567,-1.778,1.821,0.745,0.948,1.499,cat1_0,cat2_1,cat3_7,no
1.781,-1.168,0.717,1.844,0.688,1.21,-1.488,-1.112,cat1_1,cat2_4,cat3_7,si
-1.495,0.312,-0.66,-1.774,0.788,-0.448,0.494,-0.298,cat1_0,cat2_3,cat3_12,no
0.6,1.014,0.368,-0.96,1.857,1.207,0.998,1.522,cat1_0,cat2_1,cat3_11,si
1.604,,-0.285,-1.892,1.734,-0.032,0.962,1.22,cat1_1,,cat3_11,si
-1.294,0.524,1.019,-1.819,0.153,-0.834,-1.85,-0.684,cat1_2,cat2_3,cat3_3,no
-0.863,0.356,-0.691,1.565,1.374,0.448,1,-0.68,cat1_3,cat2_2,cat3_6,no
,-1.578,0.129,-0.906,0.175,1.267,0.24,0.51,cat1_3,cat2_5,cat3_14,no
-1.006,0.385,1.14,-1.567,-0.926,1.437,-0.407,1.204,cat1_0,cat2_0,cat3_9,no
-1.455,0.257,-1.577,0.976,1.456,-0.78,-1.143,-1.888,cat1_1,cat2_3,cat3_11,no
-0.281,1.01,0.586,-1.566,0.806,0.697,1,1.914,cat1_3,cat2_5,cat3_6,no
-1.151,1.883,0.916,-1.828,-1.969,-0.391,-1.51,-0.802,cat1_3,cat2_1,cat3_11,no
-0.794,,0.502,1.593,-1.754,0.474,-0.805,0.204,cat1_2,,cat3_1,no
1.702,0.414,-0.376,1.835,-1.009,0.251,-1.516,1.115,cat1_2,cat2_0,cat3_0,si
0.201,1.161,1.982,0.792,-0.781,-1.997,0.798,-1.18,cat1_2,cat2_2,cat3_10,si
1.808,,1.704,-0.248,-0.185,-1.938,-1.505,-0.612,cat1_0,cat2_0,cat3_3,si
-0.115,-1.199,1.915,-1.362,1.305,1.473,-0.169,1.004,cat1_2,cat2_2,cat3_13,si
0.583,0.6,-1.979,1.719,0.894,-0.012,-1.028,0.649,cat1_3,cat2_0,cat3_0,no
-0.35,-1.529,-1.778,-0.11,-0.18,0.133,-1.196,1.771,cat1_3,cat2_5,cat3_5,no
0.216,0.417,1.428,0.49,0.869,-1.272,-0.677,1.435,cat1_2,,cat3_2,no
-1.26,1.143,-1.368,-0.569,1.291,0.788,-1.379,-1.144,cat1_1,cat2_2,cat3_1,no
1.177,-1.272,-1.89,-0.825,-0.707,1.999,-0.58,-0.82,cat1_3,cat2_3,cat3_3,si
-1.569,-0.903,0.151,-1.349,-0.852,1.079,1.762,1.884,cat1_1,cat2_0,cat3_14,no
-0.917,-1.371,0.757,-1.904,-1.87,-1.706,-1.557,0.681,cat1_3,cat2_2,cat3_10,no
0.553,-0.885,0.984,-0.945,-0.767,-0.712,0.405,0.557,cat1_3,cat2_2,cat3_2,no
,-0.284,0.463,-0.933,0.715,0.441,1.849,-0.138,cat1_2,cat2_0,cat3_5,no
1.558,,-1.172,-1.081,-0.71,0.19,1.302,0.845,cat1_2,cat2_2,cat3_1,si
-0.938,-0.812,1.432,0.267,-0.458,-1.276,0.222,-1.233,cat1_0,cat2_1,cat3_13,no
,-0.88,-1.748,1.048,-1.414,-1.249,-1.869,-0.854,cat1_2,cat2_5,cat3_7,no
1.408,-0.123,-1.594,-0.55,-0.399,0.615,0.151,0.911,cat1_0,,cat3_10,si
1.573,1.714,-0.1,1.959,0.438,0.367,1.448,-0.442,cat1_1,cat2_0,cat3_7,si
0.938,1.636,1.172,1.622,1.243,-1.557,1.875,-1.11,cat1_3,cat2_1,cat3_2,no
0.554,-1.643,0.96,0.631,-0.731,-1.38,0.509,0.587,cat1_3,cat2_1,cat3_0,no
1.757,,-0.083,-1.155,-0.866,-1.67,0.244,0.854,cat1_3,cat2_5,cat3_4,no
-1.508,-0.994,-0.499,-0.87,-0.908,0.373,1.12,1.844,cat1_1,cat2_2,cat3_7,si
1.591,0.727,1.23,-1.985,0.1,-1.837,-1.322,-1.239,cat1_2,cat2_1,cat3_7,si
-1.458,1.222,0.47,1.763,1.853,0.789,1.593,-0.998,cat1_2,cat2_0,cat3_5,no
-0.022,0.669,1.144,1.447,-1.106,-0.977,-0.753,1.06,cat1_0,cat2_4,cat3_12,no
1.369,-0.292,1.284,-0.112,1.586,-1.044,1.358,1.546,cat1_0,cat2_2,cat3_2,si
-0.929,-0.777,-0.181,1.953,-1.825,-0.767,-0.295,0.51,cat1_0,cat2_2,cat3_13,no
-0.054,,0.978,0.11,-1.76,0.871,-0.356,0.494,cat1_2,cat2_2,cat3_3,no
1.656,-1.148,-0.896,-0.966,1.71,1.675,1.82,0.193,cat1_3,cat2_1,cat3_3,si
0.294,-0.747,-0.722,1.066,1.51,-0.731,-1.641,-1.899,cat1_2,cat2_2,cat3_5,no
-1.744,1.202,1.152,1.85,-1.186,-1.78,1.511,-0.092,cat1_0,cat2_3,cat3_13,no
-0.133,-1.918,-1.795,-0.453,0.821,-0.009,-1.465,-0.134,cat1_2,cat2_3,cat3_3,no
-0.341,-0.599,-1.232,1.364,0.904,1.839,-0.084,1.473,cat1_0,cat2_4,cat3_10,si
0.667,0.5,-0.761,-1.566,-1.758,0.197,1.354,-0.173,cat1_0,cat2_3,cat3_14,no
-0.31,-1.997,-0.388,0.712,1.939,0.686,-0.937,0.898,cat1_3,cat2_1,cat3_14,si
-1.357,-1.194,-1.823,-1.989,-1.049,-1.775,1.598,0.457,cat1_2,cat2_2,cat3_10,no
0.675,0.92,-0.827,-1.38,-0.396,-0.726,-0.088,-1.527,cat1_0,,cat3_11,si
-1.562,-0.502,0.827,0.575,1.607,1.916,0.77,-0.883,cat1_1,cat2_5,cat3_8,no
-1.43,1.767,1.721,0.259,-0.353,1.496,0.952,-0.733,cat1_3,cat2_5,cat3_9,no
0.298,-0.347,1.128,0.955,-1.05,-0.505,-0.559,-1.379,cat1_0,cat2_3,cat3_5,no
0.957,0.598,0.74,-0.019,-1.407,0.554,0.635,0.441,cat1_0,cat2_3,cat3_7,no
0.585,-1.855,0.883,-0.927,1.314,-0.537,1.904,-1.075,cat1_0,cat2_2,cat3_6,no
0.606,0.793,-1.361,0.074,1.188,0.164,1.306,-1.624,cat1_0,cat2_2,cat3_5,si
-0.095,1.785,-0.937,-1.53,-1.859,0.916,-0.08,1.941,cat1_1,cat2_0,cat3_12,si
0.153,1.341,0.644,1.446,-1.157,-0.36,-0.866,0.504,cat1_2,cat2_3,cat3_7,no
-1.346,1.683,-1.281,0.456,1.997,-1.32,0.613,0.07,cat1_2,cat2_5,cat3_1,no
0.189,-1.858,-0.405,-0.086,-1.817,1.75,-0.405,0.163,cat1_1,,cat3_3,si
1.29,-0.162,-1.004,0.9,-0.323,1.139,1.371,-1.061,cat1_2,cat2_4,cat3_3,no
-0.711,0.799,-0.082,-1.767,1.136,1.682,1.717,1.924,cat1_3,cat2_2,cat3_11,no
0.043,-1.846,-1.583,1.28,1.452,1.994,1.311,-1.764,cat1_0,cat2_5,cat3_11,si
-1.574,0.779,-0.581,-0.967,-1.011,-0.966,0.085,-0.37,cat1_3,cat2_3,cat3_9,no
1.891,1.302,1.982,-0.903,1.892,-1.239,1.079,-0.051,cat1_1,cat2_5,cat3_1,no
-0.121,-1.975,0.674,-1.879,0.187,-0.381,-0.305,1.326,cat1_2,cat2_1,cat3_13,no
,0.954,-0.152,-0.528,0.035,0.098,-0.82,-0.732,cat1_1,cat2_2,cat3_10,si
-1.861,-0.229,-1.32,1.336,1.413,0.573,-0.789,1.602,cat1_3,cat2_2,cat3_13,no
0.207,-0.886,0.648,-0.293,1.123,-1.746,-0.242,-1.249,cat1_2,cat2_4,cat3_10,si
0.122,-1.458,1,-1.961,-1.432,-0.604,1.728,0.061,cat1_0,cat2_1,cat3_11,no
,1.222,0.608,0.685,0.154,1.232,-1.042,-0.338,cat1_3,,cat3_13,no
0.52,-0.724,-0.621,0.532,-0.697,-0.931,0.412,1.347,cat1_0,cat2_2,cat3_3,si
-1.011,0.115,1.215,-1.312,-0.81,-1.968,1.511,0.817,cat1_2,cat2_1,cat3_7,no
0.343,0.339,0.539,-0.458,1.926,0.561,-0.086,-1.81,cat1_2,cat2_3,cat3_13,no
0.672,0.458,1.777,-1.592,1.534,-0.652,1.299,1.918,cat1_0,cat2_5,cat3_12,no
0.004,1.03,-0.495,-0.876,1.057,-1.199,-0.633,-0.164,cat1_0,cat2_5,cat3_4,no
1.447,0.631,1.66,0.655,-1.965,-1.247,1.68,0.306,cat1_2,cat2_0,cat3_1,si
,0.698,1.341,0.002,0.037,0.732,0.599,0.571,cat1_3,cat2_3,cat3_14,no
,1.566,0.011,1.225,1.644,1.981,-1.452,-0.651,cat1_1,cat2_2,cat3_4,no
0.849,-0.294,1.872,1.849,-1.937,0.647,-1.819,0.012,cat1_2,cat2_3,cat3_3,no
0.218,-0.358,1.573,-1.75,1.235,0.306,0.002,-1.451,cat1_3,cat2_3,cat3_14,si
-1.948,-0.436,0.121,-0.312,-0.503,0.601,1.605,-0.811,cat1_3,cat2_0,cat3_4,no
-0.65,-0.153,-1.53,-0.183,-1.68,0.339,-1.669,-0.06,cat1_2,cat2_3,cat3_1,no
0.642,-0.84,-0.118,0.101,-1.567,1.188,-0.273,0.405,cat1_0,cat2_4,cat3_1,no
-1.23,1.616,-1.149,0.537,-0.084,-1.184,-0.077,0.202,cat1_3,cat2_3,cat3_4,no
-1.68,1.048,1.476,0.504,-0.986,-0.187,-1.103,1.766,cat1_3,cat2_4,cat3_14,no
-0.688,1.003,-1.793,-0.248,-0.676,1.377,0.394,-1.105,cat1_3,cat2_3,cat3_6,no
-0.832,-1.359,1.371,1.552,0.804,-0.943,0.759,1.747,cat1_3,cat2_0,cat3_10,si
-1.828,1.216,0.926,1.325,0.168,1.984,0.703,-1.286,cat1_2,cat2_2,cat3_0,no
0.402,-1.102,-0.935,-0.954,-0.479,1.929,0.234,-0.116,cat1_3,cat2_4,cat3_2,si
1.528,-1.44,0.209,0.935,0.817,-1.627,-1.27,-0.878,cat1_0,cat2_5,cat3_10,si
-0.817,,-1.563,0.015,0.294,-1.943,1.597,-0.089,cat1_3,cat2_0,cat3_6,no
-0.485,-0.263,0.524,-0.732,-1.199,1.973,-1.49,-1.494,cat1_1,cat2_5,cat3_1,no
-0.002,1.872,0.632,0.392,1.879,-1.151,-0.096,1.753,cat1_2,cat2_4,cat3_13,no
1.447,-1.351,-1.042,-0.266,0.507,0.555,-1.897,0.007,cat1_1,cat2_1,cat3_4,si
-1.89,1.647,0.543,1.899,-1.58,-0.542,0.494,0.195,cat1_0,cat2_2,cat3_7,no
,0.155,0.262,1.928,-0.878,0.929,-0.77,-0.542,cat1_2,cat2_3,cat3_0,no
-1.753,-1.37,0.594,-0.243,1.815,1.038,1.023,1.838,cat1_2,cat2_2,cat3_5,no
0.295,0.619,-1.404,-0.002,0.273,0.275,0.863,-1.758,cat1_0,cat2_5,cat3_13,no
1.925,1.431,-1.082,1.297,-1.855,0.112,1.446,-0.644,cat1_1,cat2_3,cat3_8,no
0.674,-1.793,-0.538,-0.299,1.972,-0.54,-0.306,-0.606,cat1_1,cat2_3,cat3_9,si
-1.316,,1.827,-0.19,-0.154,-1.117,-0.482,0.039,cat1_2,cat2_2,cat3_10,no
-1.89,-0.589,-1.404,-0.552,0.334,-0.137,0.848,1.526,cat1_2,cat2_0,cat3_13,no
0.585,-0.88,-0.526,0.973,1.1,-0.049,0.792,1.627,cat1_3,cat2_1,cat3_0,no
0.156,1.975,-0.161,-0.078,-0.27,-0.496,-1.007,1.001,cat1_2,cat2_4,cat3_8,no
0.11,1.35,0.984,0.489,0.754,-1.066,-0.057,-1.865,cat1_3,cat2_2,cat3_5,no
-0.49,1.661,-0.665,0.896,1.809,-1.04,-0.933,0.428,cat1_1,cat2_0,cat3_2,no
-1.612,0.576,0.078,0.811,-1.043,1.961,-0.643,0.972,cat1_0,cat2_2,cat3_0,no
-1.62,1.93,-0.905,1.716,-0.28,1.733,-1.904,-0.532,cat1_3,cat2_0,cat3_11,no
1.199,1.226,1.583,1.528,1.48,0.218,1.879,1.549,cat1_1,cat2_4,cat3_0,no
,-1.294,0.559,0.301,-1.092,-1.381,-1.218,-1.122,cat1_1,cat2_2,cat3_5,si
0.15,0.234,-0.327,0.349,-1.498,-1.526,-1.826,1.168,cat1_1,cat2_1,cat3_11,no
0.065,,1.034,0.845,-0.145,0.975,-0.049,1.855,cat1_1,cat2_5,cat3_1,si
0.035,,1.431,1.176,-1.953,0.387,-1.112,1.929,cat1_0,cat2_3,cat3_2,si
-1.245,-1.021,-0.671,-0.611,1.966,1.746,-0.568,-0.499,cat1_0,cat2_2,cat3_10,no
-0.134,0.806,-1.666,-1.974,-1.152,1.735,1.556,1.284,cat1_2,cat2_4,cat3_13,no
-0.291,1.435,0.914,1.776,0,-1.974,0.019,0.719,cat1_3,cat2_3,cat3_1,no
-0.982,0.165,-0.795,0.101,1.094,0.576,-1.244,-1.389,cat1_3,cat2_2,cat3_11,no
1.344,0.005,-0.243,-0.067,-0.115,-0.776,-0.385,1.898,cat1_0,cat2_1,cat3_5,si
1.05,1.622,0.227,-0.218,0.868,0.222,1.165,0.689,cat1_3,cat2_1,cat3_10,no
-1.116,0.469,1.068,0.335,1.293,-0.15,-1.138,-1.971,cat1_2,cat2_5,cat3_14,no
-0.884,-0.942,0.587,0.769,1.102,1.149,-0.438,1.058,cat1_0,cat2_2,cat3_9,no
1.426,0.477,-1.997,-1.659,-1.788,0.324,-1.32,-1.026,cat1_2,cat2_3,cat3_12,si
1.177,1.478,-0.999,1.775,-0.886,-1.541,1.17,0.83,cat1_0,cat2_3,cat3_8,no
-0.651,-0.552,0.917,0.383,-1.754,1.277,-0.874,-0.479,cat1_0,cat2_3,cat3_2,si
0.296,-1.556,-0.408,-0.375,-1.231,0.367,1.12,0.271,cat1_1,cat2_5,cat3_9,si
-1.501,-1.249,-1.889,-1.382,-0.29,-0.54,1.769,0.625,cat1_3,cat2_2,cat3_5,no
1.783,0.952,1.506,0.566,1.338,-1.993,-0.145,-0.333,cat1_0,cat2_2,cat3_4,si
0.431,1.126,-0.083,-1.488,1.267,1.914,-1.749,-1.493,cat1_1,cat2_4,cat3_10,no
1.458,0.668,1.998,-0.31,-1.98,-1.138,-1.309,0.97,cat1_1,cat2_4,cat3_1,no
-1.918,1.615,0.551,1.025,-0.461,0.422,0.634,0.403,cat1_3,cat2_0,cat3_11,no
-0.151,0.071,-1.905,1.521,0.63,-0.774,-1.717,1.595,cat1_2,cat2_2,cat3_9,no
1.622,-0.464,1.793,-1.482,-0.73,-0.955,0.081,1.143,cat1_3,cat2_5,cat3_0,no
-1.717,-1.018,-0.253,0.554,-0.892,1.88,1.16,0.904,cat1_0,cat2_0,cat3_8,no
-0.565,-1.181,0.605,-0.685,-0.539,-1.148,-1.316,-0.105,cat1_3,cat2_5,cat3_6,no
0.015,-0.101,0.7,-0.719,1.266,0.955,0.14,-0.083,cat1_0,cat2_0,cat3_1,no
-1.887,0.787,0.68,0.841,1.974,-1.754,0.925,0.039,cat1_1,cat2_1,cat3_11,si
-1.836,1.067,-1.993,0.73,-1.356,-0.059,-0.289,-0.549,cat1_3,cat2_4,cat3_1,no
,0.137,-1.954,1.225,-1.243,-1.25,-0.488,-0.424,cat1_2,cat2_1,cat3_0,no
-1.299,-0.913,-0.493,-0.029,0.183,-1.796,-0.135,1.679,cat1_3,cat2_5,cat3_4,no
-0.958,-1.992,1.178,-1.61,-1.125,1.942,-0.877,0.631,cat1_0,cat2_3,cat3_8,si
1.685,1.548,-1.421,-0.772,1.653,1.089,1.876,-1.924,cat1_2,cat2_1,cat3_14,si
1.364,-1.188,0.68,1.659,1.891,0.576,1.171,0.586,cat1_2,cat2_1,cat3_14,no
0.657,0.292,-0.617,1.029,1.374,-1.957,0.035,-0.878,cat1_0,cat2_5,cat3_9,no
-1.054,,-0.834,-1.908,0.067,-0.083,-0.695,1.603,cat1_3,cat2_3,cat3_12,no
-1.781,1.559,1.822,1.239,0.709,-0.739,-1.827,0.415,cat1_3,cat2_1,cat3_2,no
-1.036,1.369,0.574,-0.105,-1.45,-1.185,-0.206,-0.822,cat1_0,cat2_5,cat3_6,no
-0.641,-0.26,-1.655,0.019,-0.491,1.952,-0.299,0.977,cat1_1,cat2_1,cat3_12,si
-1.041,-1.035,-1.952,0.971,0.445,0.213,-0.764,1.127,cat1_1,cat2_2,cat3_5,no
-0.336,-1.998,0.414,-0.343,-0.386,1.083,1.224,1.267,cat1_1,cat2_2,cat3_14,si
1.939,1.353,0.192,0.881,1.453,-1.06,-0.665,1.138,cat1_1,,cat3_9,si
0.245,1.027,-0.2,-1.834,0.539,0.369,1.335,-0.956,cat1_2,cat2_0,cat3_5,no
0.149,-0.565,-0.612,-1.863,1.937,-0.382,-0.039,0.903,cat1_2,cat2_0,cat3_3,no
1.483,-0.681,1.067,0.877,-1.275,-1.817,0.568,1.346,cat1_3,cat2_4,cat3_3,no
-1.602,,-1.004,0.245,-1.076,-0.54,1,1.08,cat1_2,cat2_0,cat3_4,si
-1.62,1.402,1.364,0.875,0.556,0.714,0.102,1.794,cat1_1,cat2_1,cat3_10,no
-1.845,0.648,-0.757,-1.254,1.767,-1.515,-0.765,-0.83,cat1_3,cat2_0,cat3_0,no
0.954,-1.581,-0.76,1.949,-0.421,0.17,-0.63,1.189,cat1_1,cat2_2,cat3_4,si
0.694,0.386,-1.722,0.97,-1.524,-0.133,0.069,-0.833,cat1_1,cat2_4,cat3_6,no
,0.381,0.454,0.879,-1.593,1.931,0.076,-1.022,cat1_0,cat2_1,cat3_10,no
-1.568,-0.15,0.916,0.001,-1.412,1.672,-0.086,-1.879,cat1_2,cat2_1,cat3_13,no
1.053,-0.937,-1.759,1.331,-1.111,0.435,0.063,1.143,cat1_0,cat2_0,cat3_5,si
0.607,-1.94,-1.563,-1.097,-1.937,-1.105,1.284,0.503,cat1_1,cat2_2,cat3_7,si
1.399,-1.972,-1.067,1.049,-1.815,1.505,-0.417,1.168,cat1_1,cat2_4,cat3_6,si
1.168,1.383,1.215,-0.82,0.672,-0.813,-0.716,-1.62,cat1_0,cat2_4,cat3_9,no
0.964,0.623,0.684,-0.934,1.455,-0.839,-1.141,0.608,cat1_3,cat2_3,cat3_14,no
-0.76,-1.292,1.002,-1.404,1.634,0.936,-1.042,1.224,cat1_3,cat2_1,cat3_12,no
0.494,0.328,-1.017,1.965,-1.129,0.847,-1.33,-1.156,cat1_2,cat2_1,cat3_5,no
0.341,1.784,-0.243,1.09,1.192,-1.829,-0.488,-0.793,cat1_2,cat2_0,cat3_11,si
1.869,-1.49,-1.825,0.014,-0.779,-0.741,-1.221,1.123,cat1_3,cat2_3,cat3_2,si
1.966,-0.442,1.127,-1.864,-1.674,0.477,-1.971,1.525,cat1_2,cat2_4,cat3_4,si
0.969,-0.291,-1.766,1.505,0.919,1.619,-0.569,0.109,cat1_2,,cat3_9,si
-1.59,1.399,-0.054,-1.175,-0.931,-0.26,0.098,-0.364,cat1_3,cat2_1,cat3_5,no
-1.371,-1.784,-1.68,-1.907,0.906,-1.323,1.008,0.155,cat1_3,cat2_4,cat3_6,no
-0.754,0.743,-0.365,-1.004,-1.625,1.313,1.97,0.353,cat1_2,,cat3_5,no
0.556,-0.605,1.377,-0.018,-1.748,-0.184,-1.214,0.424,cat1_3,cat2_0,cat3_5,no
1.122,-0.429,-0.312,0.612,0.699,-1.129,1.176,-0.148,cat1_0,,cat3_11,si
1.751,-1.263,0.148,0.059,-1.265,0.769,1.783,-1.279,cat1_3,cat2_1,cat3_10,si
0.715,-1.319,0.875,-1.559,1.148,-1.83,0.555,1.31,cat1_2,cat2_3,cat3_14,no
-1.802,0.241,-0.453,-1.551,-0.205,-0.724,1.171,-0.779,cat1_0,cat2_2,cat3_7,no
-1.598,-0.198,1.189,-0.847,0.256,-0.891,-1.245,-1.012,cat1_0,cat2_3,cat3_2,no
-0.902,-0.059,1.152,-1.014,1.628,-0.903,1.887,-0.382,cat1_3,cat2_4,cat3_4,no
1.175,0.654,-1.756,1.536,-0.822,-1.029,-0.016,0.943,cat1_0,cat2_5,cat3_5,si
1.555,1.241,1.658,0.321,-1.802,-1.845,-1.586,-0.015,cat1_0,cat2_5,cat3_6,si
0.783,1.702,1.203,-0.486,1.657,-1.092,0.391,1.71,cat1_2,cat2_0,cat3_4,no
-1.587,-1.347,1.346,-0.973,1.183,-1.24,-0.225,0.453,cat1_1,cat2_4,cat3_1,si
0.76,-0.461,-1.611,1.255,0.568,-0.059,-1.474,0.557,cat1_3,cat2_2,cat3_12,no
1.872,-0.27,-1.069,1.808,1.209,1.732,-1.094,-0.012,cat1_3,cat2_5,cat3_8,no
0.977,-0.232,1.019,-1.465,-1.3,-1.153,-0.089,1.393,cat1_3,cat2_2,cat3_7,no
0.571,-1.874,-0.035,1.715,1.82,0.012,-0.192,0.31,cat1_0,cat2_5,cat3_5,no
-1.472,0.954,-1.046,-1.285,-1.887,0.755,-0.982,-1.169,cat1_0,cat2_4,cat3_0,no
1.927,-0.459,-0.688,0.818,-0.785,0.861,1.258,-1.824,cat1_0,cat2_2,cat3_2,si
-0.145,1.979,-0.183,0.327,-1.528,-1.594,-0.759,-1.88,cat1_0,cat2_4,cat3_14,no
1.488,0.131,-1.899,1.033,1.389,-1.215,-0.453,0.75,cat1_3,cat2_1,cat3_8,no
0.607,1.998,-1.312,-1.828,1.561,1.674,-0.588,-0.754,cat1_0,cat2_3,cat3_13,no
-1.968,,1.079,-1.204,1.418,0.661,-0.947,0.16,cat1_2,cat2_3,cat3_13,no
-0.085,-0.318,0.748,0.51,-0.641,1.059,1.008,1.212,cat1_3,cat2_2,cat3_11,si
-1.376,-0.241,0.366,-1.287,-0.149,-0.552,0.815,-1.519,cat1_1,,cat3_11,no
-1.613,-1.95,1.786,-0.962,-1.307,-0.923,1.155,-1.191,cat1_3,cat2_1,cat3_3,no
-1.881,0.416,-0.786,1.734,-1.696,-0.49,-1.622,1.106,cat1_3,cat2_4,cat3_11,no
1.178,-1.553,-1.528,-0.303,-0.787,-1.339,-1.513,0.095,cat1_3,cat2_0,cat3_11,si
0.341,0.844,1.269,-0.098,-1.426,-0.682,0.485,-1.064,cat1_0,cat2_3,cat3_2,no
1.865,0.146,0.048,-1.758,-1.954,-0.034,-1.157,-0.257,cat1_1,cat2_4,cat3_0,si
1.638,1.394,1.769,-0.061,-1.579,-0.137,-1.567,-0.671,cat1_2,cat2_1,cat3_2,no
-1.575,-1.159,-1.548,-1.623,-1.589,-0.913,1.507,0.633,cat1_0,cat2_1,cat3_0,no
0.364,-0.891,1.661,1.136,1.998,1.577,1.873,-1.417,cat1_0,cat2_5,cat3_9,no
-0.177,1.853,-1.559,-1.224,0.131,-0.154,1.936,0.51,cat1_2,cat2_2,cat3_6,no
-0.06,0.724,1.348,-1.772,1.07,-0.05,-1.504,-0.634,cat1_2,cat2_0,cat3_10,no
-0.376,-1.168,1.012,-1.949,0.097,-1.859,-0.741,1.912,cat1_0,cat2_2,cat3_5,si
-0.521,,-1.83,0.556,-0.71,-0.845,0.829,-1.539,cat1_1,cat2_5,cat3_1,si
0.712,0.865,1.998,1.022,0.678,0.7,-0.946,-1.924,cat1_2,cat2_1,cat3_13,si
-1.243,-0.136,-0.346,-1.933,1.409,1.62,0.853,1.458,cat1_2,cat2_2,cat3_12,no
-0.219,-1.028,1.423,1.076,-1.412,0.803,1.513,0.941,cat1_0,cat2_5,cat3_3,si
,-1.922,1.164,-0.183,-0.182,1.679,-0.566,-1.478,cat1_2,cat2_1,cat3_2,no
0.665,-0.733,1.061,-0.705,-0.051,1.713,1.912,-1.026,cat1_2,cat2_0,cat3_11,si
1.971,0.892,0.655,-1.561,-1.119,0.583,1.503,-1.925,cat1_1,cat2_5,cat3_0,no
1.175,-1.19,-1.147,-0.178,1.1,1.834,-0.403,-1.049,cat1_2,cat2_0,cat3_3,si
-1.896,0.92,1.641,-0.375,-0.742,-1.866,-0.968,-1.159,cat1_1,cat2_5,cat3_3,no
-0.507,0.615,-0.356,1.479,-0.181,0.657,-0.056,-0.155,cat1_2,cat2_1,cat3_2,no
-1.416,0.869,-0.984,1.434,-0.294,1.282,-1.973,-1.326,cat1_3,cat2_5,cat3_11,no
0.089,0.831,-0.922,0.923,1.526,-0.689,-1.093,1.962,cat1_3,cat2_3,cat3_11,no
-1.568,-0.228,0.342,1.491,1.119,-0.606,-0.139,-1.825,cat1_1,cat2_3,cat3_2,no
1.474,-1.758,-0.184,1.517,0.937,1.657,1.402,0.536,cat1_2,cat2_2,cat3_1,si
-1.444,-0.168,-1.036,1.493,-0.604,1.502,1.094,-0.852,cat1_0,cat2_2,cat3_9,no
1.715,0.761,-1.467,0.361,0.101,0.389,-1.082,-1.896,cat1_3,cat2_0,cat3_8,no
1.392,0.047,-0.082,-1.118,1.944,0.854,0.49,-0.466,cat1_3,cat2_2,cat3_5,si
-1.993,-1.233,-0.709,-0.276,1.99,-0.821,-0.61,-0.032,cat1_2,cat2_2,cat3_1,no
-1.473,-0.92,-1.256,-1.505,0.156,-0.179,-0.478,-0.206,cat1_0,cat2_4,cat3_11,no
0.607,-0.649,-1.492,1.617,-1.794,-0.076,1.726,-0.524,cat1_2,cat2_2,cat3_4,si
,1.581,-1.81,1.055,-1.218,-0.026,-0.967,-0.551,cat1_1,cat2_1,cat3_4,no
0.21,-1.044,-1.143,1.726,-0.611,1.314,-1.888,0.27,cat1_0,cat2_3,cat3_7,no
-0.494,1.762,1.745,-0.108,-0.588,0.986,1.908,-1.48,cat1_3,cat2_2,cat3_11,no
-0.875,-0.552,1.174,-0.894,-0.072,0.525,1.139,0.904,cat1_1,cat2_1,cat3_13,no
1.308,,1.088,1.305,-1.156,-1.203,1.444,0.556,cat1_1,cat2_4,cat3_3,si
1.457,-0.484,-0.246,-0.59,0.545,1.381,0.227,-0.327,cat1_1,,cat3_9,si
,-1.265,1.091,1.995,1.41,-1.075,0.514,-0.716,cat1_1,cat2_5,cat3_5,si
0.652,-1.31,0.21,-0.984,0.988,-1.578,0.97,0.553,cat1_2,cat2_4,cat3_0,si
1.1,1.966,-1.186,-0.4,0.782,-1.176,1.685,0.203,cat1_3,cat2_3,cat3_3,no
1.232,0.801,-0.964,1.96,1.733,1.236,-1.98,-0.63,cat1_0,cat2_0,cat3_6,no
-0.676,-0.627,1.06,0.385,0.463,0.222,0.77,1.675,cat1_3,cat2_2,cat3_7,no
1.656,-1.098,-0.283,1.451,0.005,1.349,-0.004,1.469,cat1_2,cat2_1,cat3_3,si
0.241,1.861,-1.584,0.156,1.426,0.808,-1.925,-0.379,cat1_1,cat2_5,cat3_4,no
-1.387,0.886,1.966,-1.58,-0.206,1.899,-1.959,0.099,cat1_2,cat2_2,cat3_6,no
0.339,1.505,-0.535,1.059,-0.338,0.386,1.672,-0.326,cat1_1,cat2_2,cat3_2,si
-0.922,-1.752,-1.056,1.169,-0.552,1.841,1.657,0.594,cat1_1,cat2_2,cat3_14,no
-0.746,0.031,-0.311,1.781,1.578,0.378,1.843,1.454,cat1_0,cat2_2,cat3_2,no
-1.692,0.065,-1.504,-1.286,1.181,0.549,1.514,0.8,cat1_2,cat2_4,cat3_6,no
-0.335,0.622,-1.988,1.251,-1.877,-0.019,0.338,1.412,cat1_3,cat2_4,cat3_12,no
1.349,-1.018,-1.245,-0.398,-1.242,-0.99,1.27,0.425,cat1_3,cat2_3,cat3_11,no
-1.912,-0.386,0.213,-0.693,-1.647,-1.724,-1.182,-0.735,cat1_1,cat2_5,cat3_9,no
-1.506,-1.628,1.692,-0.846,-1.905,1.666,1.508,-1.243,cat1_3,cat2_0,cat3_5,no
1.619,-1.682,-1.325,1.849,1.719,1.341,1.504,-0.736,cat1_2,cat2_5,cat3_1,si
-1.517,1.189,-0.709,1.901,0.053,0.214,-1.88,1.268,cat1_0,cat2_3,cat3_0,no
-1.487,1.001,-1.497,-1.865,0.156,-1.702,1.321,0.795,cat1_2,cat2_1,cat3_2,no
-1.928,1.668,1.468,-1.036,-1.346,1.177,1.183,-1.274,cat1_2,cat2_4,cat3_11,no
0.823,-1.028,-1.668,-1.373,0.792,-1.11,0.462,-0.803,cat1_0,cat2_4,cat3_10,si
-1.04,-0.748,-1.492,-0.432,0.717,0.023,0.638,-1.655,cat1_3,cat2_3,cat3_8,no
1.316,-0.08,0.376,0.757,-1.202,1.871,-1.252,-1.562,cat1_3,cat2_5,cat3_4,no
-0.845,0.096,1.168,0.936,-0.725,1.497,-0.519,0.32,cat1_3,cat2_1,cat3_11,no
1.353,0.287,0.866,-1.449,-1.274,1.828,1.307,1.892,cat1_1,cat2_3,cat3_14,si
-0.981,1.767,-1.64,1.121,-0.591,-1.049,1.973,0.165,cat1_1,cat2_3,cat3_6,no
1.094,1.185,-1.644,1.306,1.122,-0.403,-1.865,-0.807,cat1_2,cat2_3,cat3_10,no
0.277,0.944,-1.757,-0.75,-0.039,0.124,0.117,0.153,cat1_0,cat2_5,cat3_1,no
-0.441,-0.149,0.317,-0.558,0.379,1.786,1.909,-0.756,cat1_2,cat2_1,cat3_2,si
-0.776,1.508,-0.241,-1.342,-1.536,-1.557,0.252,-0.748,cat1_0,cat2_0,cat3_12,no
-1.891,0.082,1.804,1.292,0.877,0.401,1.082,1.814,cat1_0,cat2_2,cat3_9,no
1.498,0.491,1.456,-1.032,0.577,-1.818,1.003,1.479,cat1_3,cat2_0,cat3_1,si
-0.195,1.902,1.801,-0.936,-0.244,-0.531,-1.245,1.442,cat1_1,cat2_4,cat3_7,no
-1.511,0.661,1.16,1.019,0.935,-0.74,-0.039,1.038,cat1_0,cat2_5,cat3_12,no
1.648,-1.203,1.837,-1.403,1.723,0.482,0.234,0.295,cat1_1,cat2_2,cat3_3,si
-1.356,0.693,-0.987,0.008,-0.073,-0.863,-0.725,0.906,cat1_1,cat2_2,cat3_3,no
,-1.404,1.322,-0.025,1.203,-0.155,-1.734,1.088,cat1_0,,cat3_3,no
0.011,1.503,0.957,1.263,0.382,-1.188,-0.319,-0.524,cat1_3,cat2_5,cat3_7,no
1.158,-0.254,-0.27,-1.833,1.276,1.304,-1.966,1.36,cat1_2,cat2_4,cat3_4,si
-0.347,,1.927,0.471,-1.663,-1.347,-1.42,-1.37,cat1_1,cat2_4,cat3_4,si
1.557,0.327,-1.145,0.892,0.737,-1.256,-0.528,0.198,cat1_3,cat2_4,cat3_1,si
-0.127,-1.391,-0.967,1.172,0.758,1.752,-0.909,0.031,cat1_2,,cat3_13,no
1.622,-0.18,1.966,0.68,0.062,0.086,-0.239,0.728,cat1_2,cat2_3,cat3_11,si
1.163,-0.355,1.151,-1.047,-0.241,0.693,0.209,0.26,cat1_3,cat2_3,cat3_0,no
-1.178,-1.081,-1.246,1.709,-1.193,-0.706,0.421,0.177,cat1_1,cat2_5,cat3_1,si
-1.666,-0.964,-1.206,-0.831,1.766,-0.205,-0.071,-1.817,cat1_0,cat2_0,cat3_4,no
-1.742,-1.013,1.52,1.82,1.814,0.921,1.514,0.701,cat1_1,,cat3_8,no
0.007,0.913,-0.786,-1.079,-0.403,-0.214,0.966,0.266,cat1_1,cat2_3,cat3_10,no
-1.893,-1.712,1.185,0.022,0.248,-1.631,1.684,1.66,cat1_2,cat2_4,cat3_5,no
0.98,-0.121,-0.784,0.173,0.583,0.352,1.839,1.899,cat1_2,cat2_0,cat3_1,no
-1.674,0.77,0.621,-0.379,0.18,-0.248,1.317,-1.506,cat1_2,cat2_1,cat3_1,no
0.358,-1.827,1.104,1.692,-0.363,-1.331,-0.535,-0.903,cat1_3,cat2_3,cat3_3,si
-1.885,-0.381,-0.935,0.111,1.534,1.911,-0.847,0.014,cat1_2,cat2_5,cat3_0,no
,-1.268,-1.321,-1.858,0.545,-0.846,0.384,0.804,cat1_3,cat2_5,cat3_1,no
0.725,0.127,-0.315,1.973,-1.438,1.783,1.955,-1.995,cat1_3,cat2_3,cat3_4,no
-0.229,0.992,1.11,-1.376,-0.345,-1.368,-1.215,0.628,cat1_2,cat2_5,cat3_3,no
-1.142,-1.183,-1.723,0.19,-1.203,1.386,-1.39,1.316,cat1_3,cat2_0,cat3_13,no
0.724,-1.357,0.856,-0.311,-0.695,0.318,1.295,0.869,cat1_1,cat2_4,cat3_13,si
0.394,1.282,0.458,1.491,0.315,-0.095,1.286,0.839,cat1_2,cat2_0,cat3_6,no
-0.392,-1.603,-1.053,0.686,-1.024,1.672,1.216,0.126,cat1_2,cat2_3,cat3_12,no
1.383,-0.68,-0.18,1.386,-1.715,-1.933,-1.093,-1.66,cat1_2,cat2_3,cat3_6,si
1.549,-0.444,-0.915,-0.864,0.303,0.782,-1.885,0.252,cat1_3,cat2_5,cat3_13,si
-0.32,-1.147,-0.036,1.674,-0.522,1.267,1.169,1.576,cat1_2,cat2_0,cat3_8,si
-0.912,-0.481,0.067,0.264,-0.106,-0.602,-0.208,0.348,cat1_3,cat2_4,cat3_2,no
-1.78,-0.655,1.787,0.533,-1.658,1.768,-0.193,-0.568,cat1_2,cat2_5,cat3_8,no
-0.64,0.951,-1.077,1.929,-0.52,-1.293,0.729,1.98,cat1_2,cat2_3,cat3_13,no
1.022,-0.91,0.987,-0.985,1.985,0.703,-0.208,1.244,cat1_3,,cat3_12,no
0.872,1.218,-1.024,0.715,0.846,1.718,1.761,-1.812,cat1_3,cat2_3,cat3_6,no
-1.448,1.315,-0.434,0.786,1.907,1.346,-0.444,-0.9,cat1_2,cat2_1,cat3_0,no
0.933,0.156,0.252,-0.072,-0.301,-1.937,-1.925,-1.879,cat1_3,cat2_5,cat3_12,si
-1.149,0.323,-0.644,-0.938,1.925,-0.992,1.625,-0.128,cat1_1,cat2_4,cat3_9,no
0.413,1.899,-1.862,1.42,-1.487,-1.702,0.585,-0.889,cat1_3,cat2_3,cat3_14,no
-0.114,,1.735,-0.009,-0.946,1.375,-0.087,-0.994,cat1_1,cat2_3,cat3_12,no
1.239,-1.512,-1.231,-1.167,1.454,0.84,-1.229,1.666,cat1_1,cat2_4,cat3_5,si
-1,0.489,1.978,-1.435,1.421,-1.591,0.352,1.211,cat1_1,cat2_5,cat3_8,no
-0.695,0.673,1.534,0.634,-1.589,-1.016,1.966,1.447,cat1_1,,cat3_4,no
-0.664,1.002,-1.949,-1.758,1.977,-0.935,1.214,-0.179,cat1_1,cat2_1,cat3_0,no
0.813,-0.337,-0.699,-1.704,1.975,0.217,1.95,-0.968,cat1_3,cat2_4,cat3_12,si
-1.078,-0.338,-0.821,-0.003,0.062,1.672,-1.555,-1.429,cat1_1,cat2_2,cat3_4,no
0.007,-0.146,0.246,-1.133,-1.398,-0.08,1.171,1.87,cat1_1,cat2_4,cat3_14,no
1.298,0.768,0.226,1.537,-1.225,-1.393,-1.339,1.65,cat1_3,cat2_0,cat3_6,si
-0.373,0.208,0.425,-0.991,1.481,-1.776,-1.098,-0.574,cat1_3,cat2_4,cat3_14,no
0.795,1.75,-0.758,-0.597,-0.621,1.191,-0.183,-1.046,cat1_3,cat2_1,cat3_9,no
1.979,1.334,-0.92,0.924,1.943,-1.463,1.656,0.842,cat1_0,cat2_4,cat3_10,si
1.677,-0.716,-0.422,0.863,-1.135,1,1.17,-1.098,cat1_3,cat2_4,cat3_10,si
-0.015,1.83,1.491,-0.094,-0.775,-0.836,1.715,1.08,cat1_0,cat2_5,cat3_0,no
0.013,0.664,-1.954,0.398,1.392,1.11,0.447,0.138,cat1_1,cat2_4,cat3_11,no
-0.712,1.825,-0.126,-1.216,0.033,-1.853,-1.908,0.142,cat1_0,cat2_3,cat3_6,no
-1.97,-0.658,-1.158,0.579,1.961,0.344,1.408,-1.437,cat1_0,cat2_1,cat3_0,no
1.762,0.895,-0.099,0.826,-0.097,-1.606,-0.751,-0.524,cat1_2,cat2_3,cat3_6,no
1.627,-1.313,-1.793,0.03,-1.602,0.304,-0.405,-1.537,cat1_0,cat2_1,cat3_10,no
1.818,1.694,0.685,-1.476,0.008,-0.889,-0.345,1.216,cat1_0,cat2_0,cat3_11,si
-0.818,-0.671,0.599,-1.049,-0.918,-1.012,-1.688,-0.834,cat1_3,,cat3_10,no
1.236,,1.529,-0.338,1.283,1.346,0.023,-0.998,cat1_0,cat2_1,cat3_1,no
-0.064,0.561,-1.417,1.843,-0.606,-1.803,1.209,0.739,cat1_3,cat2_2,cat3_11,no
,0.876,0.369,-0.4,1.196,-0.43,-1.674,1.074,cat1_2,cat2_5,cat3_2,no
0.922,0.637,0.357,0.137,1.354,-1.233,1.024,-0.591,cat1_1,cat2_1,cat3_7,si
-1.419,,-0.161,1.137,0.119,1.96,0.3,0.227,cat1_0,,cat3_9,no
0.678,-1.602,1.121,1.13,-0.878,-0.761,0.206,0.09,cat1_0,cat2_2,cat3_8,si
1.096,-0.082,0.622,0.471,-1.935,0.49,-1.51,0.622,cat1_1,cat2_1,cat3_6,si
-0.973,-1.84,0.097,0.143,1.668,-1.606,1.398,-1.873,cat1_0,cat2_3,cat3_2,no
-0.155,-0.141,-0.47,-1.594,0.11,0.116,-1.977,1.54,cat1_3,cat2_0,cat3_7,no
1.543,-1.617,-0.787,1.587,1.321,1.191,-1.198,1.651,cat1_3,cat2_4,cat3_9,no
0.941,0.907,1.859,1.171,1.439,-0.52,-0.736,-1.484,cat1_0,cat2_3,cat3_5,no
0.858,0.559,0.052,-0.697,1.699,1.122,0.938,0.897,cat1_2,cat2_4,cat3_6,no
-1.02,-0.689,0.524,-1.364,-1.692,0.225,-0.825,1.506,cat1_2,cat2_5,cat3_12,no
-0.283,-0.222,1.848,-1.156,-1.75,0.813,-1.181,-1.882,cat1_0,cat2_5,cat3_2,no
0.318,-0.432,1.861,0.315,0.855,0.434,0.895,-0.093,cat1_0,cat2_1,cat3_4,si
0.903,-1.609,-0.915,-0.941,1.963,-0.972,0.688,0.249,cat1_2,cat2_3,cat3_5,si
-0.983,-1.968,-0.925,-0.848,1.45,-0.896,0.114,1.11,cat1_0,cat2_4,cat3_0,si
-0.499,-1.224,-1.832,-1.467,1.854,-0.883,-0.029,-0.324,cat1_2,cat2_0,cat3_0,si
-1.891,1.724,-1.789,-1.179,-0.897,0.452,-0.612,-1.503,cat1_2,cat2_3,cat3_11,no
0.974,1.09,0.463,0.03,1.177,1.292,-0.905,-1.479,cat1_2,cat2_5,cat3_2,no
-0.708,0.352,0.468,-0.612,1.671,-1.649,1.38,0.878,cat1_0,cat2_1,cat3_12,no
,0.41,-1.269,0.938,-1.127,-0.321,0.785,1.709,cat1_1,,cat3_14,si
-0.448,1.47,0.855,-1.02,1.232,-1.613,-0.539,-1.356,cat1_0,cat2_4,cat3_13,no
0.426,1.023,-1.576,1.915,1.618,0.061,-0.175,1.5,cat1_1,cat2_3,cat3_7,no
1.954,1.787,1.785,1.685,0.303,-0.361,0.837,-1.796,cat1_1,cat2_0,cat3_6,si
0.841,-1.708,-0.492,-0.137,-1.913,-1.315,-1.184,0.178,cat1_0,cat2_1,cat3_8,no
-0.327,1.736,0.516,1.255,-0.231,0.996,0.717,0.946,cat1_2,cat2_1,cat3_3,no
-0.73,0.885,-0.364,0.4,-0.043,-0.67,-1.832,-1.711,cat1_0,cat2_5,cat3_0,no
-0.399,0.408,1.306,-0.907,1.509,-0.95,-1.994,0.601,cat1_0,cat2_4,cat3_12,no
0.694,1.08,-1.688,0.289,-0.887,-1.112,1.013,-0.585,cat1_3,cat2_3,cat3_13,no
1.83,-1.523,0.475,0.02,1.667,-1.496,-1.97,-1.973,cat1_3,cat2_5,cat3_12,si
,1.622,1.372,1.167,-1.863,0.447,-1.75,1.419,cat1_1,cat2_2,cat3_0,no
0.297,-0.952,-0.622,1.373,1.404,1.328,0.029,1.859,cat1_3,cat2_1,cat3_4,no
0.354,-0.7,-1.142,1.656,-0.243,-0.893,1.796,-0.6,cat1_0,cat2_3,cat3_3,no
-1.625,0.545,1.44,-1.863,-0.514,-0.149,0.063,1.751,cat1_3,,cat3_12,no
1.038,-1.306,-0.944,-0.978,0.845,0.619,-1.3,-1.319,cat1_2,cat2_5,cat3_14,si
-1.236,-0.068,1.227,-0.593,1.641,-0.916,0.659,-1.417,cat1_1,cat2_0,cat3_0,no
-1.267,-1.899,0.328,-1.426,1.851,-0.732,-1.349,-1.398,cat1_1,cat2_5,cat3_8,si
0.201,,-1.444,-0.456,1.799,-1.371,-0.552,-0.344,cat1_0,cat2_4,cat3_14,no
1.38,-0.222,1.79,0.51,0.575,0.278,-0.322,-1.564,cat1_0,cat2_2,cat3_6,si
-0.709,0.84,0.146,-0.366,-0.695,1.039,0.768,-0.388,cat1_1,cat2_4,cat3_9,no
-0.423,-1.431,-0.651,0.29,-0.417,-1.067,1.729,0.405,cat1_1,cat2_1,cat3_12,si
1.509,0.628,1.288,-0.509,-0.955,0.33,-1.867,0.74,cat1_3,cat2_5,cat3_10,no
1.716,1.856,-0.373,-0.218,1.367,-1.013,1.226,-0.815,cat1_2,cat2_4,cat3_10,no
-0.025,-0.786,0.915,0.366,-0.927,1.533,-1.388,-1.313,cat1_0,cat2_2,cat3_5,no
0.81,-0.745,1.437,-0.076,-1.084,0.774,0.072,1.748,cat1_0,cat2_2,cat3_9,no
-1.249,-0.767,-1.536,0.829,-1.887,0.693,-0.189,0.447,cat1_3,cat2_2,cat3_4,no
-1.586,-0.834,-1.204,-1.584,-1.166,1.043,-0.613,-0.632,cat1_2,cat2_2,cat3_9,no
0.021,0.653,-0.267,-0.986,0.961,-1.795,-0.474,-0.646,cat1_2,cat2_3,cat3_2,no
-0.189,,0.607,-1.025,1.042,-0.378,-0.894,0.964,cat1_1,cat2_3,cat3_14,no
-1.272,-1.982,-1.705,0.226,-1.746,-1.042,1.569,-1.502,cat1_1,,cat3_13,si
-0.514,0.9,-1.444,-1.879,0.265,1.694,1.795,0.785,cat1_3,cat2_5,cat3_4,no
-0.605,-1.181,1.464,1.322,-1.867,1.118,1.254,0.49,cat1_0,cat2_4,cat3_7,no
0.465,-0.588,0.838,-1.409,-1.219,-0.25,0.239,-1.332,cat1_0,cat2_1,cat3_1,no
-0.897,-1.362,1.815,-1.031,-0.119,1.451,0.028,-0.59,cat1_2,cat2_1,cat3_3,no
-0.896,1.913,-1.041,-1.601,-1.607,-0.786,-0.609,1.007,cat1_2,cat2_5,cat3_1,no
-1.607,-0.197,-1.138,0.065,1.102,1.68,-0.868,-1.575,cat1_1,cat2_1,cat3_3,no
-0.02,1.009,-1.473,0.981,-1.445,-0.245,0.777,0.3,cat1_2,cat2_5,cat3_13,no
-0.345,-1.188,1.551,-0.852,-0.28,1.164,1.629,-0.935,cat1_0,cat2_1,cat3_14,no
-1.141,0.776,1.611,-1.77,-0.96,1.614,0.475,1.195,cat1_0,cat2_1,cat3_13,no
,1.887,-1.733,0.488,-1.403,-0.355,0.258,0.924,cat1_1,cat2_0,cat3_14,no
-1.566,1.183,0.216,-1.102,-1.289,1.109,-1.21,-0.937,cat1_3,cat2_0,cat3_8,no
-0.167,1.455,-0.818,-1.674,-0.537,-0.069,1.764,-1.926,cat1_1,cat2_3,cat3_9,si
0.686,-0.277,-0.187,0.424,-1.513,0.766,-1.498,0.956,cat1_0,cat2_4,cat3_12,si
-1.687,1.161,-0.34,0.933,-1.354,0.554,-0.58,1.161,cat1_1,cat2_4,cat3_3,no
1.521,1.748,1.093,-0.092,-0.477,-1.479,-1.197,1.713,cat1_2,cat2_4,cat3_10,no
1.247,1.872,1.767,0.037,-1.11,-1.199,0.589,-1.463,cat1_3,cat2_5,cat3_8,no
1.643,0.934,0.035,0.191,-1.176,-1.372,1.311,1.751,cat1_2,cat2_1,cat3_13,no
-0.382,-0.543,-0.765,1.593,1.739,-1.724,0.931,1.966,cat1_0,cat2_0,cat3_3,si
-1.702,0.724,1.712,0.905,1.069,0.718,-0.705,-1.52,cat1_1,cat2_1,cat3_0,no
-0.54,-1.498,-0.917,1.415,1.04,0.09,0.541,1.396,cat1_0,cat2_4,cat3_14,si
0.468,-1.514,-1.998,1.465,0.377,-1.309,0.095,0.589,cat1_0,cat2_2,cat3_1,no
1.082,-1.74,1.1,0.686,0.283,0.537,1.358,-0.205,cat1_1,cat2_1,cat3_2,si
-1.879,-0.096,-0.778,-0.898,-1.765,-1.722,-1.581,-0.503,cat1_3,cat2_5,cat3_7,si
-1.274,-0.513,-0.894,-0.454,0.185,-0.678,-1.178,1.242,cat1_2,cat2_3,cat3_6,no
,-0.505,1.671,-1.38,1.168,-0.801,-0.609,0.253,cat1_1,cat2_5,cat3_2,si
-1.651,-0.213,-1.922,0.597,1.605,-0.405,1.029,1.984,cat1_0,cat2_3,cat3_7,no
-0.402,,0.899,-0.276,1.345,0.746,-1.011,1.327,cat1_0,cat2_0,cat3_5,no
-0.904,-0.33,-0.043,-0.553,-1.437,1.909,-0.19,1.244,cat1_0,cat2_0,cat3_6,no
-1.626,,-0.995,1.698,1.401,-1.848,-0.947,-1.835,cat1_3,cat2_0,cat3_12,no
-1.866,-0.415,-0.066,-1.877,1.442,0.968,-0.496,-1.932,cat1_3,cat2_1,cat3_10,no
1.258,-1.083,-1.408,1.812,-1.581,1.348,-0.67,-1.395,cat1_2,cat2_4,cat3_5,si
-0.654,1.287,-1.461,-0.928,-0.889,-0.419,0.075,-0.068,cat1_1,cat2_0,cat3_12,no
1.077,0.984,0.452,-0.912,-1.166,1.346,0.163,-1.735,cat1_0,cat2_2,cat3_12,si
-0.837,-1.468,-1.127,-0.049,-0.691,0.385,1.819,-1.334,cat1_1,cat2_3,cat3_11,si
-1.478,1.285,1.532,-0.537,1.375,-1.337,0.388,1.832,cat1_2,cat2_2,cat3_9,no
-1.117,0.065,-0.355,-1.841,-0.16,-0.872,1.931,0.387,cat1_1,cat2_5,cat3_4,si
1.375,-0.918,0.593,0.942,-1.944,-0.454,-0.502,0.036,cat1_3,cat2_3,cat3_3,no
-1.664,-0.719,1.395,1.693,0.841,-0.82,1.02,-1.307,cat1_1,cat2_0,cat3_10,no
-1.629,-0.339,0.602,0.011,0.148,0.989,-1.36,0.949,cat1_0,,cat3_4,si
0.26,-0.107,0.519,1.606,-0.749,1.002,1.216,1.737,cat1_0,cat2_2,cat3_1,no
-0.284,-0.65,-0.695,1.326,1.168,1.281,0.815,-1.78,cat1_0,cat2_2,cat3_4,no
-0.177,1.564,0.057,1.586,1.253,-0.806,-0.928,0.565,cat1_1,cat2_4,cat3_10,no
-0.925,-1.72,1.031,0.114,0.731,-0.943,0.352,0.28,cat1_2,cat2_4,cat3_5,no
1.452,-1.12,1.113,-1.028,-0.016,-1.535,1.168,1.239,cat1_1,cat2_3,cat3_6,si
-0.038,-0.741,0.598,-0.802,-1.799,0.135,0.345,0.917,cat1_3,cat2_1,cat3_3,no
0.547,1.383,-1.039,1.033,-1.949,-0.631,0.046,0.399,cat1_3,cat2_4,cat3_9,no
-0.425,0.07,-0.148,-0.151,1.062,1.988,-0.148,-1.341,cat1_3,cat2_1,cat3_13,no
-1.672,-1.961,1.934,-0.671,-0.641,0.101,0.514,-1.271,cat1_2,cat2_4,cat3_9,no
-1.078,1.432,1.283,-0.778,1.843,1.047,0.581,-1.866,cat1_2,cat2_1,cat3_2,no
-1.977,1.36,-1.472,-0.314,0.472,0.662,-1.196,1.164,cat1_0,cat2_2,cat3_6,no
-1.798,-1.732,-0.854,-1.116,0.405,-0.227,1.72,-1.322,cat1_2,cat2_4,cat3_1,no
1.979,0.736,0.731,1.197,0.974,-1.984,-1.726,-1.898,cat1_0,cat2_3,cat3_7,si
-1.794,-0.868,-0.329,-0.977,0.845,-1.191,-0.248,0.084,cat1_2,cat2_3,cat3_9,no
0.904,-1.9,0.875,0.014,0.35,0.253,-1.942,0.931,cat1_1,cat2_0,cat3_10,si
1.039,-0.219,0.612,1.556,-0.528,1.308,1.508,1.545,cat1_3,,cat3_5,si
-1.452,-1.64,-0.473,0.047,1.801,-0.289,-1.41,-1.645,cat1_0,cat2_1,cat3_10,no
-0.334,-1.252,1.996,1.988,1.524,0.756,-0.551,-1.41,cat1_2,cat2_4,cat3_13,si
0.018,1.094,0.074,0.93,-1.719,0.947,0.897,-1.965,cat1_3,cat2_5,cat3_5,no
0.472,-1.443,-0.486,-1.4,1.335,1.796,-1.599,0.894,cat1_3,cat2_3,cat3_5,si
0.164,-1.614,1.664,-1.37,1.66,1.732,-0.696,-1.016,cat1_3,cat2_1,cat3_0,no
-1.954,-0.991,1.643,-1.359,-0.939,1.438,-0.39,1.955,cat1_0,cat2_2,cat3_14,no
1.542,0.074,1.187,1.293,1.601,1.966,-1.504,-1.171,cat1_3,cat2_3,cat3_11,no
-0.335,0.832,-0.433,0.482,1.896,1.022,-1.675,-1.76,cat1_0,cat2_4,cat3_7,no
1.759,-0.775,-0.75,-0.887,-1.786,1.646,-0.979,1.117,cat1_3,cat2_2,cat3_11,si
-0.75,,-0.992,-1.184,1.856,1.973,-1.945,-0.918,cat1_3,cat2_5,cat3_5,no
-1.624,-0.037,-1.257,0.876,0.021,-0.726,1.192,-0.71,cat1_2,cat2_4,cat3_14,no
0.194,-0.314,-1.891,-1.32,1.957,-0.281,-0.444,-1.821,cat1_0,cat2_5,cat3_8,no
-0.874,0.244,1.703,-1.963,1.866,1.942,0.824,-0.642,cat1_3,cat2_0,cat3_11,no
-0.788,-0.488,-0.348,-0.172,1.5,1.684,0.23,1.424,cat1_0,cat2_4,cat3_6,si
-1.635,1.938,1.517,-0.663,-1.602,1.286,-1.896,0.279,cat1_0,cat2_2,cat3_2,no
-0.91,-1.672,1.094,-0.031,0.267,1.671,1.743,-1.388,cat1_2,,cat3_8,si
-0.862,-0.961,-1.219,0.303,-1.27,-1.703,-1.025,1.833,cat1_0,cat2_2,cat3_4,no
,1.952,0.952,0.901,0.287,-1.478,-0.82,0.753,cat1_1,cat2_4,cat3_8,si
0.787,0.509,-1.997,1.937,1.087,-0.546,0.109,1.497,cat1_3,cat2_1,cat3_0,no
-0.941,-0.988,1.767,-1.208,-0.74,-0.964,-0.617,1.515,cat1_1,cat2_3,cat3_7,si
-1.557,-1.139,1.556,0.726,-0.448,-1.456,-1.87,-0.936,cat1_2,cat2_3,cat3_7,si
-0.74,1.693,0.201,0.432,1.333,-1.12,-0.187,-0.768,cat1_3,cat2_5,cat3_1,no
0.648,0.869,0.279,-1.614,0.483,0.773,1.455,-1.627,cat1_2,cat2_3,cat3_11,no
0.019,-0.235,0.209,-1.998,1.659,-0.955,1.222,0.149,cat1_3,cat2_5,cat3_13,si
-0.415,-1.864,1.643,-0.594,-1.394,0.953,0.588,-1.361,cat1_1,cat2_3,cat3_3,no
1.086,-1.091,-1.837,-0.323,1.785,-1.712,-1.02,-1.629,cat1_1,cat2_0,cat3_7,si
0.298,0.188,1.44,1.126,0.084,-0.976,-0.823,-1.449,cat1_3,cat2_5,cat3_9,no
1.09,0.47,-0.622,0.085,-0.669,1.885,0.256,0.168,cat1_2,cat2_3,cat3_4,no
0.755,0.607,0.115,1.163,1.413,1.993,-1.728,-1.292,cat1_3,cat2_4,cat3_9,no
-1.221,-1.178,1.454,0.418,-1.836,1.911,-1.458,0.014,cat1_3,cat2_4,cat3_2,no
0.018,-0.367,0.478,0.779,0.752,-1.759,1.943,-1.916,cat1_2,cat2_5,cat3_6,no
-0.767,1.132,0.039,-0.608,1.041,1.785,-1.524,1.049,cat1_1,cat2_2,cat3_12,no
-0.898,0.005,0.741,-1.955,-0.677,-0.574,-0.577,-1.068,cat1_1,cat2_5,cat3_5,no
-0.626,-1.605,1.492,1.333,-0.533,-0.562,-0.272,0.435,cat1_2,cat2_0,cat3_14,si
0.037,,1.265,-0.31,-0.776,-0.126,-0.777,-1.159,cat1_2,cat2_3,cat3_11,no
1.419,-1.376,-0.915,0.045,0.376,-1.389,-0.162,-1.943,cat1_1,cat2_3,cat3_13,si
0.316,-0.018,-0.302,-1.946,1.333,-1.614,0.93,-0.858,cat1_1,cat2_2,cat3_7,si
0.205,-0.737,-0.958,-1.887,-1.403,-1.878,-1.331,-1.855,cat1_1,cat2_5,cat3_3,si
1.154,0.154,1.061,-1.928,-1.833,-1.352,1.046,1.635,cat1_0,cat2_4,cat3_11,si
1.491,-1.26,1.163,0.102,-0.81,0.697,1.814,1.997,cat1_2,cat2_1,cat3_10,si
1.98,0.634,-0.748,0.616,-1.469,1.19,-0.424,-0.893,cat1_3,,cat3_13,no
-1.98,-1.141,-1.381,1.875,1.107,-1.77,-1.163,1.762,cat1_1,cat2_2,cat3_5,no
,0.311,-0.436,-1.508,-0.617,0.308,0.865,-0.748,cat1_3,cat2_4,cat3_7,si
0.162,-0.543,-0.123,1.559,1.062,-1.371,-1.186,1.448,cat1_1,cat2_5,cat3_11,no
-0.775,0.386,-0.165,-0.01,-0.522,-0.392,-0.459,1.541,cat1_2,cat2_2,cat3_7,no
,-0.033,1.541,-0.029,-1.445,1.701,-1.403,-1.233,cat1_0,cat2_0,cat3_12,no
0,1.687,0.91,1.447,-1.039,-0.77,-0.679,0.224,cat1_0,cat2_5,cat3_13,no
-1.773,0.088,1.085,0.817,-1.358,1.293,1.829,-1.159,cat1_0,cat2_2,cat3_4,no
-1.595,0.666,1.331,-0.598,1.204,-1.308,-1.097,-0.583,cat1_2,cat2_3,cat3_12,no
0.064,1.7,0.049,-0.786,-1.441,1.895,0.616,0.581,cat1_0,cat2_1,cat3_12,no
1.202,1.201,0.486,1.244,-1.267,0.754,0.023,-1.489,cat1_1,cat2_2,cat3_3,no
-0.584,0.27,-0.77,0.161,0.051,-1.752,0.873,1.155,cat1_1,cat2_2,cat3_7,no
1.407,1.957,1.154,-0.06,-0.157,1.829,-1.384,0.677,cat1_3,cat2_3,cat3_8,no
-1.114,-0.38,-1.274,0.515,-1.641,-0.579,-0.684,-0.386,cat1_0,cat2_5,cat3_3,si
,0.16,-1.629,0.811,0.954,0.486,-1.978,0.565,cat1_3,cat2_1,cat3_9,no
,-1.422,-0.998,0.485,1.772,0.723,-0.519,-1.985,cat1_3,cat2_0,cat3_2,no
-0.96,-1.483,-1.566,-1.782,-0.17,0.883,-0.965,-0.111,cat1_3,cat2_1,cat3_2,si
-0.276,-1.685,0.013,-1.912,-1.121,0.496,0.545,-0.17,cat1_0,cat2_3,cat3_9,no
1.873,1.54,0.613,0.958,1.03,1.527,1.242,0.163,cat1_0,cat2_5,cat3_1,no
0.37,0.536,0.626,-1.497,-1.322,-1.913,0.071,1.459,cat1_0,cat2_4,cat3_11,no
1.425,-0.256,1.855,1.398,-1.123,1.45,-0.024,-0.091,cat1_0,cat2_3,cat3_2,no
0.693,0.832,0.845,-1.171,1.625,1.38,0.792,-0.872,cat1_3,cat2_0,cat3_5,no
-0.185,0.843,1.693,0.02,-0.349,-0.769,-1.803,-0.038,cat1_1,cat2_2,cat3_14,no
1.602,-0.218,0.735,-0.608,-1.216,0.946,-0.813,-0.938,cat1_0,cat2_2,cat3_3,si
-0.348,-0.795,0.945,0.552,-0.437,-0.336,-0.686,1.644,cat1_3,cat2_4,cat3_3,si
-0.615,-0.93,0.944,-1.385,0.401,0.246,0.808,1.007,cat1_3,cat2_0,cat3_6,no
-0.113,-1.229,-0.948,-0.048,-0.39,0.254,-0.449,1.637,cat1_3,cat2_3,cat3_1,si
1.15,-0.021,0.731,0.99,1.752,1.665,-0.098,-1.949,cat1_2,cat2_4,cat3_9,si
,-1.073,1.554,-1.905,1.778,0.459,1.893,1.083,cat1_1,cat2_4,cat3_1,si
1.205,0.64,1.011,1.537,0.861,1.213,-1.421,-0.722,cat1_3,cat2_4,cat3_14,si
-0.993,-0.749,1.969,-1.795,1.59,-1.956,-0.89,-1.657,cat1_1,cat2_3,cat3_1,no
-1.322,-0.48,0.286,-0.783,0.668,1.597,1.814,-1.551,cat1_0,cat2_5,cat3_14,no
1.594,-1.3,-1.955,0.902,-0.409,0.915,-0.734,1.173,cat1_3,cat2_5,cat3_11,si
-1.168,-1.83,1.204,-0.75,-0.809,-1.266,0.657,0.069,cat1_1,cat2_2,cat3_6,si
0.633,0.984,0.922,-1.834,1.397,1.507,-1.221,-0.725,cat1_1,cat2_0,cat3_4,no
-0.561,-1.308,0.323,-0.538,0.575,1.716,1.412,0.582,cat1_2,cat2_5,cat3_3,no
1.659,-0.954,-1.626,-1.937,-1.402,-0.293,0.793,-0.599,cat1_3,,cat3_1,si
0.814,-0.327,1.176,-1.614,1.025,-0.951,0.825,0.354,cat1_1,cat2_3,cat3_8,no
-0.875,-0.041,1.283,-1.479,1.95,0.059,-1.888,1.509,cat1_3,cat2_4,cat3_3,no
1.515,-0.294,-0.963,-0.717,-1.086,0.435,0.462,-0.942,cat1_3,cat2_4,cat3_12,no
0.689,0.965,-0.605,0.298,-1.39,-1.038,0.142,0.905,cat1_0,cat2_1,cat3_0,no
-1.655,-0.677,1.437,-0.449,-0.776,-1.722,-0.785,1.749,cat1_2,cat2_5,cat3_7,si
0.776,1.118,-1.793,0.246,0.799,0.361,-1.533,0.609,cat1_2,cat2_0,cat3_0,si
1.148,1.582,-1.518,1.018,-0.905,-1.347,0.11,-0.849,cat1_3,cat2_3,cat3_4,no
0.751,1.734,-0.323,1.376,-0.117,-0.08,1.017,0.07,cat1_2,cat2_4,cat3_4,no
-1.099,-1.75,-0.3,1.078,-1.327,-0.249,1.925,1.712,cat1_3,cat2_4,cat3_6,no
-0.696,0.465,-0.665,-1.385,1.365,0.246,-1.196,-1.26,cat1_2,cat2_0,cat3_1,no
0.907,-0.7,0.738,-1.311,1.649,0.311,1.669,-0.672,cat1_1,cat2_1,cat3_5,si
-0.431,-1.321,1.731,0.551,0.779,-0.617,-1.626,1.809,cat1_1,cat2_2,cat3_13,si
0.221,-0.89,-1.295,0.354,-0.285,1.713,-0.84,0.83,cat1_3,cat2_5,cat3_11,no
0.216,0.234,0.369,1.303,0.493,0.211,-0.301,0.793,cat1_2,cat2_5,cat3_5,no
1.953,-1.615,0.421,-1.044,-1.373,1.823,0.243,1.149,cat1_3,cat2_2,cat3_2,si
,-1.55,0.417,1.265,-1.074,0.662,0.783,-1.471,cat1_0,cat2_3,cat3_12,no
0.997,-0.323,-0.334,-0.682,1.489,-1.093,0.15,-0.36,cat1_1,cat2_0,cat3_11,si
-0.824,-0.486,0.033,-0.174,1.157,0.151,0.668,1.443,cat1_0,,cat3_4,no
1.098,-0.145,-1.775,-0.221,-1.994,0.134,-0.316,-1.202,cat1_1,cat2_4,cat3_12,no
-1.882,-1.23,-0.719,0.2,1.171,0.845,-1.141,0.572,cat1_1,cat2_0,cat3_14,no
1.966,-1.977,0.034,0.373,1.647,0.218,-1.622,1.522,cat1_3,cat2_0,cat3_2,si
-0.618,-0.728,-0.311,-0.689,-0.145,-1.369,-0.093,-1.68,cat1_0,cat2_5,cat3_13,no
-1.251,-1.692,1.057,0.321,-1.645,0.796,1.159,1.174,cat1_1,cat2_2,cat3_10,si
1.424,0.527,-0.372,-1.267,-1.553,1.235,1.851,0.626,cat1_2,cat2_0,cat3_12,si
-0.229,-0.855,0.96,-0.85,-0.654,0.66,0.472,0.168,cat1_2,cat2_3,cat3_5,no
1.032,-1.065,-1.642,0.742,-1.989,1.731,1.921,1.389,cat1_3,cat2_5,cat3_13,si
-1.409,1.436,1.58,1.511,-0.475,0.736,-1.419,1.311,cat1_1,cat2_5,cat3_5,si
-0.122,-0.072,1.063,-1.387,1.421,0.06,-0.447,0.125,cat1_0,cat2_1,cat3_7,no
0.161,1.207,1.053,1.763,-1.8,-0.843,0.458,0.923,cat1_3,cat2_0,cat3_2,no
0.615,,-0.661,0.565,0.911,-0.607,-1.812,0.988,cat1_3,cat2_4,cat3_8,no
0.262,-1.413,1.176,0.411,-0.554,-0.923,1.05,-1.54,cat1_2,cat2_2,cat3_2,no
-1.201,-1.525,-0.348,-0.061,1.608,-1.734,1.478,-0.539,cat1_3,,cat3_1,no
0.89,1.57,0.082,-0.746,-1.315,1.618,1.967,-0.432,cat1_2,cat2_0,cat3_10,no
1.115,0.524,-0.594,0.317,0.047,-1.903,1.097,-0.848,cat1_2,cat2_0,cat3_9,no
0.177,,0.26,0.933,1.215,-1.976,-1.089,1.091,cat1_2,cat2_1,cat3_8,no
-0.825,1.276,0.837,-0.394,0.791,1.4,0.568,1.959,cat1_2,cat2_4,cat3_11,no
-1.226,-1.132,1.28,-0.127,0.851,0.902,-0.977,-0.41,cat1_3,cat2_3,cat3_6,no
1.14,0.729,-1.442,0.908,1.552,-1.297,0.267,-1.599,cat1_3,cat2_2,cat3_4,no
0.876,-0.258,-1.83,1.722,-0.146,-1.787,0.151,0.654,cat1_0,cat2_0,cat3_4,no
,-1.585,0.633,0.434,1.859,-0.366,1.293,-1.777,cat1_2,cat2_0,cat3_5,si
1.866,-0.724,0.322,-0.722,1.591,-0.03,0.964,0.494,cat1_3,cat2_0,cat3_9,si
,1.091,-1.098,-1.293,1.669,0.514,0.831,1.783,cat1_2,cat2_5,cat3_2,no
-1.543,1.359,-1.783,-0.98,0.783,1.539,-0.097,1.045,cat1_0,cat2_3,cat3_4,no
-1.166,-0.72,-1.254,-0.246,-1.672,0.702,1.441,-1.932,cat1_1,cat2_1,cat3_6,si
1.771,0.196,-0.108,1.049,-0.192,-1.111,-1.03,0.794,cat1_3,cat2_1,cat3_11,no
-0.597,0.672,0.151,-0.25,-1.86,-0.057,-0.267,-1.522,cat1_2,cat2_4,cat3_3,no
-1.197,0.925,1.095,1.113,-0.911,1.117,0.22,0.152,cat1_3,cat2_4,cat3_14,no
-1.897,-1.105,-0.96,0.884,0.081,0.867,0.652,-0.088,cat1_2,cat2_3,cat3_1,no
0.186,0.991,-1.198,-0.249,-0.391,-0.886,1.469,-0.999,cat1_3,cat2_5,cat3_1,no
1.712,-0.663,-0.006,1.78,-0.572,-0.317,-0.042,-0.924,cat1_2,cat2_1,cat3_8,si
0.733,-0.142,1.399,1.061,-0.897,1.37,-1.724,-1.508,cat1_2,cat2_3,cat3_2,si
1.834,0.757,-0.156,0.436,-0.716,1.399,-0.369,0.555,cat1_3,cat2_1,cat3_12,no
,-1.43,-1.967,1.747,-1.266,1.418,-1.073,0.696,cat1_0,cat2_3,cat3_4,no
-0.865,1.752,-0.496,0.793,1.451,1.694,1.433,1.654,cat1_0,cat2_1,cat3_10,no
-0.952,-0.849,0.436,1.469,-1.384,1.916,0.332,-1.345,cat1_1,cat2_4,cat3_6,no
0.919,-0.856,1.201,-1.027,1.188,-0.52,-0.255,1.409,cat1_2,cat2_2,cat3_5,si
1.296,1.003,0.582,-0.191,0.791,1.872,0.732,-0.951,cat1_3,cat2_4,cat3_12,no
,0.537,1.312,1.209,-1.646,1.162,1.604,-0.178,cat1_1,cat2_1,cat3_2,no
-1.873,1.828,-0.075,1.654,1.509,0.023,-1.949,-1.537,cat1_2,cat2_5,cat3_1,no
-1.884,-0.347,1.994,-0.633,-1.648,-1.079,0.152,-0.944,cat1_0,cat2_3,cat3_13,no
-1.49,,1.764,0.996,-0.017,0.391,1.338,-0.613,cat1_3,,cat3_1,no
-1.529,-1.347,1.686,1.849,1.928,1.86,0.384,0.286,cat1_3,cat2_1,cat3_3,no
,,0.283,-1.59,1.839,-0.285,-1.557,1.013,cat1_2,cat2_5,cat3_3,no
-0.047,1.131,1.512,-1.545,1.277,-0.173,1.982,-1.281,cat1_2,cat2_0,cat3_2,no
1.739,1.25,-0.762,1.633,0.541,-1.288,-1.326,0.793,cat1_0,cat2_1,cat3_11,no
1.446,0.766,1.133,0.578,-1.587,0.769,-0.612,0.476,cat1_3,cat2_1,cat3_2,no
1.783,1.339,-0.904,-0.017,0.251,1.332,0.523,1.737,cat1_0,cat2_5,cat3_5,si
0.572,0.087,1.027,1.441,-1.643,-1.388,-1.732,-1.65,cat1_1,cat2_4,cat3_4,si
-1.127,0.601,1.724,1.879,-0.662,-0.167,0.391,-0.104,cat1_1,cat2_0,cat3_10,no
-1.369,-0.687,-0.28,-1.37,1.249,0.98,1.838,-0.214,cat1_1,cat2_1,cat3_14,no
1.071,-0.061,-1.542,-1.138,0.659,1.141,-0.319,1.047,cat1_2,cat2_0,cat3_11,si
1.56,0.784,0.524,-1.413,-1.266,1.807,0.147,-1.135,cat1_0,cat2_5,cat3_12,no
1.138,-0.607,0.501,-1.413,0.405,-1.205,-1.822,0.586,cat1_2,cat2_1,cat3_3,si
-0.916,0.288,1.738,0.28,-0.061,0.821,-0.413,-0.129,cat1_3,cat2_0,cat3_8,no
1.629,0.033,-0.984,1.998,0.072,-1.681,-0.697,-1.104,cat1_3,cat2_3,cat3_14,si
0.265,0.272,0.206,-0.681,-0.839,-1.402,-0.621,-1.413,cat1_0,cat2_5,cat3_12,no
-0.5,-1.398,0.348,1.279,0.826,0.021,0.331,0.594,cat1_2,cat2_4,cat3_10,si
0.663,0.576,0.619,1.099,-0.865,-0.808,0.239,-1.117,cat1_0,cat2_2,cat3_6,si
-0.127,0.549,1.638,1.186,-0.493,-1.411,0.295,-1.37,cat1_1,cat2_3,cat3_3,no
1.921,0.485,-0.223,1.759,1.194,1.888,-0.974,-1.277,cat1_3,cat2_3,cat3_5,no
1.896,0.817,1.358,1.336,1.172,1.183,-1.757,1.406,cat1_1,cat2_0,cat3_1,si
-0.013,-1.774,1.118,0.067,-1.461,0.09,-1.29,1.567,cat1_2,cat2_0,cat3_2,no
-1.855,1.828,1.584,-1.794,1.768,1.15,-0.624,-0.58,cat1_3,cat2_4,cat3_4,no
-0.244,1.405,0.229,0.713,1.797,-1.324,-0.782,-1.805,cat1_3,cat2_4,cat3_14,no
0.563,-0.197,0.022,1.305,-1.256,-0.191,1.156,1.799,cat1_1,cat2_0,cat3_9,si
,0.138,0.885,0.442,0.211,1.289,1.388,1.537,cat1_0,cat2_5,cat3_14,si
0.911,-1.791,-0.342,-0.592,-0.822,-1.609,1.221,-0.619,cat1_3,cat2_4,cat3_3,si
0.733,0.829,-0.916,1.506,-0.14,-0.475,1.232,-0.859,cat1_0,cat2_0,cat3_9,no
0.471,1.243,-1.369,1.616,1.156,-1.777,0.387,0.051,cat1_2,cat2_5,cat3_6,no
-1.209,1.413,-1.464,-0.661,-1.272,1.339,0.978,0.846,cat1_0,cat2_5,cat3_0,no
0.564,-1.726,1.887,0.625,-0.572,-0.667,-0.744,-0.656,cat1_0,cat2_1,cat3_0,si
-1.561,,0.902,0.712,-1.627,0.664,-1.056,1.467,cat1_2,cat2_5,cat3_1,no
0.98,-1.135,-1.363,1.368,0.054,-0.913,-0.39,-1.25,cat1_1,cat2_3,cat3_0,si
0.294,0.042,1.213,-0.676,-1.144,-0.578,1.94,-0.142,cat1_0,cat2_5,cat3_3,no
-0.985,-1.634,1.524,0.713,1.407,0.062,-1.383,1.321,cat1_1,cat2_4,cat3_12,si
-0.413,1.718,1.065,1.44,-0.927,-0.705,-1.866,-0.863,cat1_3,cat2_4,cat3_11,no
-0.944,-0.802,-1.93,-1.978,0.598,1.667,1.471,-1.054,cat1_1,cat2_5,cat3_3,si
-1.309,-1.191,-1.187,1.423,-0.783,-0.939,1.678,-0.069,cat1_0,cat2_1,cat3_0,no
1.165,-0.094,-0.243,1.65,0.383,1.668,1.004,-1.372,cat1_0,cat2_1,cat3_14,si
1.115,-1.605,-1.623,-0.548,1.729,-0.212,-1.331,0.977,cat1_0,cat2_3,cat3_13,si
,0.408,-0.468,-1.474,-1.849,0.17,1.394,-1.498,cat1_0,cat2_2,cat3_1,si
,1.204,-0.835,0.407,-1.794,1.352,0.532,0.262,cat1_1,cat2_4,cat3_0,no
1.934,1.981,-0.386,0.196,-0.885,-0.486,0.798,1.512,cat1_0,cat2_1,cat3_1,si
,-0.124,-1.332,1.098,-0.374,1.691,1.966,0.337,cat1_1,cat2_0,cat3_13,no
-0.977,0.069,-0.744,0.008,1.064,-0.981,-0.789,-0.992,cat1_0,cat2_3,cat3_8,no
-1.042,0.101,0.47,0.268,0.383,-0.107,1.282,0.887,cat1_0,cat2_5,cat3_8,no
1.803,1.917,1.599,-0.559,-1.549,0.195,0.018,-0.467,cat1_0,cat2_2,cat3_3,no
-1.808,,0.431,-1.916,-0.614,-0.656,-1.6,-0.312,cat1_0,cat2_4,cat3_5,no
0.423,-1.437,0.178,-0.979,-1.473,-0.819,1.824,-0.365,cat1_2,cat2_3,cat3_13,no
-0.213,-0.94,-0.665,0.65,0.787,-1.318,-0.357,1.616,cat1_2,cat2_4,cat3_7,si
-0.009,,0.979,0.237,1.88,-0.533,-0.75,-1.007,cat1_0,cat2_0,cat3_10,no
1.198,-1.813,1.822,0.378,1.412,0.796,0.566,-0.608,cat1_1,cat2_3,cat3_6,si
1.735,0.301,0.072,-0.164,1.938,-1.084,0.585,1.765,cat1_0,cat2_0,cat3_4,si
-1.085,-0.77,-1.869,-0.153,-0.687,-0.125,-0.173,1.8,cat1_2,cat2_3,cat3_8,no
-0.087,-0.98,0.101,1.929,1.722,0.289,0.884,0.249,cat1_1,cat2_4,cat3_5,no
,-1.413,1.661,1.526,-0.449,1.966,0.126,-1.054,cat1_3,cat2_0,cat3_9,no
0.002,-1.215,-1.538,0.954,0.216,0.097,-0.515,-1.125,cat1_0,cat2_2,cat3_6,si
-0.851,1.498,1.796,-1.24,1.124,1.789,1.226,-0.359,cat1_2,cat2_2,cat3_5,no
0.114,1.484,1.022,0.701,1.812,-0.542,-1.661,0.474,cat1_3,cat2_5,cat3_3,no
0.303,-1.984,-1.356,1.883,1.526,-0.837,0.344,0.977,cat1_3,cat2_4,cat3_8,no
0.264,-0.711,1.818,1.084,0.901,1.559,0.118,-0.77,cat1_3,cat2_1,cat3_7,si
-0.498,-1.736,1.178,-1.465,-0.921,-1.519,0.805,-0.639,cat1_0,cat2_4,cat3_9,no
-0.671,0.225,-1.393,1.595,0.865,0.279,-0.728,-1.398,cat1_1,cat2_2,cat3_5,si
-1.336,1.968,0.414,-0.711,1.5,-0.96,1.978,-0.514,cat1_2,cat2_4,cat3_12,no
-0.703,-1.238,1.742,-0.047,-1.283,1.904,-1.307,1.731,cat1_1,cat2_2,cat3_8,no
-0.964,-1.935,-1.746,-0.087,1.068,-0.384,0.188,1.308,cat1_3,cat2_1,cat3_12,si
-1.087,-1.207,0.919,-1.638,-0.102,-1.166,-1.883,-1.583,cat1_0,cat2_1,cat3_7,no
-1.018,-1.616,0.975,1.875,0.471,-1.11,0.895,0.931,cat1_0,cat2_2,cat3_13,si
1.501,1.578,-0.679,0.335,1.621,1.151,1.977,-0.218,cat1_0,,cat3_2,no
0.117,0.827,1.872,1.592,1.433,-1.146,1.364,-1.208,cat1_0,cat2_5,cat3_6,no
-1.808,-0.074,0.505,0.062,-1.478,1.935,0.75,0.62,cat1_1,cat2_5,cat3_13,no
-0.161,-0.413,0.663,1.147,0.939,-0.462,1.023,-0.022,cat1_0,cat2_2,cat3_6,si
-0.159,-0.928,-0.038,-1.051,-0.611,-1.896,0.343,1.923,cat1_1,cat2_1,cat3_5,si
-1.189,-0.509,-0.387,-1.138,-0.11,-1.54,1.408,1.438,cat1_1,cat2_5,cat3_8,no
1.872,1.105,-1.685,1.044,-0.194,-1.344,-1.914,1.09,cat1_0,cat2_1,cat3_3,no
,,0.148,0.026,0.102,1.332,0.685,-0.537,cat1_0,cat2_2,cat3_5,no
,,-0.699,0.684,-0.553,0.191,0.967,1.818,cat1_0,cat2_2,cat3_2,si
-0.31,1.749,-1.253,-1.736,-1.366,-0.957,1.817,1.564,cat1_2,cat2_5,cat3_3,no
-1.792,-1.681,0.605,1.559,1.82,0.147,-1.589,1.216,cat1_2,cat2_1,cat3_14,no
-0.396,,-0.057,-1.352,1.832,-0.163,-0.3,0.463,cat1_0,cat2_2,cat3_4,no
-1.488,0.145,0.588,0.144,-0.011,0.231,0.755,1.49,cat1_2,cat2_2,cat3_6,no
-1.079,0.646,1.567,-1.402,1.767,1.266,-1.654,-1.743,cat1_2,cat2_2,cat3_4,no
1.849,,-1.474,1.152,1.75,0.663,0.828,1.421,cat1_2,cat2_4,cat3_12,si
,0.091,0.801,-1.056,-0.696,-1.769,-1.523,-0.954,cat1_3,cat2_3,cat3_2,no
1.768,-1.981,-0.853,0.577,1.922,-1.176,-0.791,1.023,cat1_2,cat2_3,cat3_10,si
0.727,-0.223,-0.224,0.632,-0.006,-1.786,-1.657,-0.545,cat1_0,cat2_5,cat3_11,no
0.56,0.499,-1.512,-0.532,-1.077,-1.876,-0.99,-0.965,cat1_1,cat2_5,cat3_14,no
0.674,1.665,-0.439,0.232,-1.527,0.516,-1.043,-0.824,cat1_1,cat2_1,cat3_11,si
-0.522,-0.958,1.446,-0.444,0.43,-0.487,1.312,0.297,cat1_1,cat2_3,cat3_12,no
1.508,1.353,-1.123,1.269,0.075,-0.073,0.78,1.135,cat1_2,cat2_3,cat3_11,no
0.551,-1.666,1.827,1.791,0.321,-1.598,-0.807,-1.635,cat1_3,cat2_5,cat3_9,si
1.615,-0.792,-1.8,1.415,-1.533,0.458,-0.505,-1.426,cat1_1,cat2_5,cat3_3,si
1.972,-0.007,-1.007,0.23,-0.25,-1.885,0.806,0.205,cat1_2,cat2_5,cat3_8,no
1.008,1.628,1.099,0.041,1.249,0.659,0.939,-0.72,cat1_2,cat2_4,cat3_8,no
-1.116,1.847,-1.826,1.363,-0.685,0.792,0.696,-1.704,cat1_2,cat2_5,cat3_10,no
1.736,-1.074,-0.134,-1.371,1.063,-0.412,0.341,1.495,cat1_0,cat2_2,cat3_14,si
-1.136,-1.703,1.654,1.406,0.785,0.47,-0.85,-0.23,cat1_0,cat2_4,cat3_2,no
,-0.725,1.799,0.55,-1.25,0.768,-0.107,0.79,cat1_2,cat2_3,cat3_0,no
-1.952,0.599,-1.175,-0.025,1.034,0.24,1.911,1.456,cat1_2,cat2_4,cat3_10,no
-0.824,0.474,-1.153,-0.914,0.886,0.878,-0.573,1.163,cat1_0,cat2_3,cat3_12,no
0.251,-1.41,-1.272,0.366,0.233,-1.244,0.297,1.82,cat1_0,cat2_4,cat3_2,no
0.51,-1.997,0.157,-0.642,-1.909,0.38,-1.576,-1.17,cat1_3,cat2_5,cat3_8,si
-0.677,-0.271,-1.224,-1.579,1.128,-1.917,0.683,-1.755,cat1_1,cat2_1,cat3_14,si
1.477,0.535,1.383,0.902,0.039,0.328,1.821,0.862,cat1_3,cat2_3,cat3_12,no
-0.87,1.113,0.832,0.617,-1.531,-0.446,1.422,1.308,cat1_3,cat2_1,cat3_14,no
0.312,-0.862,0.13,-1.722,0.109,-0.824,-1.551,1.812,cat1_3,cat2_1,cat3_14,no
1.515,1.422,-0.345,0.768,0.214,0.432,0.3,0.686,cat1_3,cat2_1,cat3_6,no
-0.526,1.327,1.08,1.65,1.905,1.661,-0.27,-1.254,cat1_1,cat2_4,cat3_11,si
1.904,-1.531,0.334,-0.833,-0.999,0.632,-1.724,0.917,cat1_0,cat2_0,cat3_9,si
-0.208,-0.337,-0.332,-1.895,-0.274,1.433,-1.095,1.945,cat1_0,cat2_5,cat3_6,no
-0.837,-1.415,-1.942,-1.706,-0.572,-0.942,1.907,0.466,cat1_0,cat2_4,cat3_4,si
-0.641,-1.577,-1.926,0.905,-0.991,1.974,-0.232,-0.103,cat1_1,cat2_3,cat3_11,no
-0.152,-1.997,0.288,1.958,-0.976,-0.438,1.392,-1.843,cat1_3,cat2_0,cat3_13,no
0.357,,1.582,1.768,0.68,1.533,0.593,-0.281,cat1_1,cat2_2,cat3_1,no
1.822,-1.46,-0.67,1.675,0.168,1.523,-0.115,-1.79,cat1_3,cat2_4,cat3_9,si
0.669,-1.515,0.591,1.446,0.125,0.951,-0.224,-1.672,cat1_0,cat2_1,cat3_13,si
0.239,-0.198,0.117,-1.861,1.629,0.232,-1.867,1.714,cat1_2,cat2_0,cat3_8,si
1.811,-0.377,-1.925,0.022,-0.924,-1.713,-1.087,-0.086,cat1_2,cat2_0,cat3_2,si
1.054,0.679,1.606,-0.172,-0.289,0.231,1.609,-0.363,cat1_3,cat2_3,cat3_3,si
0.104,1.958,0.837,-0.411,1.739,0.861,-1.664,-0.556,cat1_0,cat2_0,cat3_6,no
-1.629,0.076,0.116,-0.994,-1.487,1.208,-0.499,-0.157,cat1_2,cat2_2,cat3_1,no
1.074,1.497,-0.291,-0.334,-0.008,1.08,0.313,1.297,cat1_3,cat2_4,cat3_4,no
-1.889,1.319,-0.887,-0.027,1.581,1.337,-1.042,0.426,cat1_2,cat2_2,cat3_8,no
0.654,0.998,-1.022,1.904,1.491,1.881,0.33,-0.102,cat1_3,cat2_2,cat3_2,no
1.809,-0.961,0.325,1.999,-0.024,0.777,-0.161,1.757,cat1_0,cat2_2,cat3_7,no
-0.085,,-0.026,-0.574,1.165,-1.836,0.501,0.579,cat1_1,cat2_4,cat3_0,si
0.944,-1.045,-0.885,0.465,1.608,0.255,0.603,0.067,cat1_1,cat2_2,cat3_8,si
0.336,-1.563,-1.432,0.661,0.021,1.325,-1.472,0.029,cat1_0,cat2_0,cat3_11,si
0.487,0.275,0.449,1.974,0.212,0.151,-0.363,1.7,cat1_0,cat2_4,cat3_9,no
-1.487,1.637,-0.667,1.595,-0.152,0.351,0.351,1.953,cat1_0,cat2_5,cat3_2,no
,-1.805,0.152,1.082,-1.584,1.21,-1.624,-1.895,cat1_2,cat2_3,cat3_3,si
0.677,1.147,-0.858,1.5,1.665,1.191,-0.991,-0.158,cat1_2,cat2_1,cat3_2,no
-1.885,-1.355,1.54,1.212,0.466,1.66,-1.906,0.733,cat1_0,cat2_3,cat3_5,no
-0.817,0.812,-1.847,1.173,1.197,-0.873,0.492,1.104,cat1_1,cat2_1,cat3_2,no
-0.842,0.813,0.819,-1.243,-1.06,0.408,1.577,-0.079,cat1_2,cat2_4,cat3_9,no
-1.929,-1.874,-1.364,0.083,1.637,0.133,-1.525,0.876,cat1_1,cat2_5,cat3_13,no
-1.087,-1.826,-1.617,-1.512,0.558,-0.035,-1.994,0.659,cat1_0,cat2_2,cat3_14,no
-0.677,1.833,0.782,1.656,-1.47,-1.778,-0.837,-0.845,cat1_1,cat2_0,cat3_2,no
1.266,1.423,1.605,0.301,0.505,-0.293,0.19,1.872,cat1_2,cat2_4,cat3_8,no
1.656,0.65,-1.547,0.131,-1.686,-1.699,1.446,1.291,cat1_1,cat2_5,cat3_13,no
-0.636,1.793,0.496,-1.253,0.158,0.331,-0.985,0.59,cat1_1,cat2_3,cat3_3,no
,-0.21,1.103,0.382,0.027,0.079,-0.73,1.089,cat1_3,cat2_3,cat3_9,no
1.881,-1.841,-1.767,1.403,1.871,-0.418,1.343,-1.508,cat1_3,cat2_3,cat3_5,si
1.05,0.67,-0.74,0.983,1.135,0.069,1.917,1.687,cat1_0,,cat3_14,si
-1.672,-1.868,-1.257,0.506,-1.821,-1.02,-1.394,-0.323,cat1_1,cat2_2,cat3_6,no
-1.894,0.029,0.047,0.546,-0.028,-0.207,-1.094,-1.372,cat1_2,cat2_3,cat3_1,no
-0.766,-0.092,0.161,-1.435,-1.544,1.987,-1.366,-1.947,cat1_1,cat2_0,cat3_8,si
1.674,1.004,0.055,1.678,-1.521,-1.458,-0.545,1.882,cat1_1,cat2_2,cat3_3,no
-1.95,-1.374,0.301,-1.437,-1.551,-1.526,-0.103,-1.908,cat1_1,cat2_2,cat3_13,si
,1.711,1.744,-0.121,0.447,-1.869,0.22,0.612,cat1_3,cat2_5,cat3_2,no
-1.239,-0.543,0.659,-0.577,1.616,0.091,-0.332,-1.162,cat1_1,cat2_1,cat3_10,no
-0.424,-1.135,1.155,-1.909,-1.08,-0.534,-0.835,0.629,cat1_1,cat2_3,cat3_0,no
1.222,1.509,1.24,1.001,1.073,0.228,-0.559,-0.081,cat1_1,cat2_0,cat3_9,si
-1.335,-1.409,1.798,-0.03,0.562,-0.284,0.281,-0.421,cat1_3,cat2_0,cat3_5,no
1.789,-1.138,-1.875,-1.605,1.172,0.654,-0.381,-0.893,cat1_3,cat2_2,cat3_12,si
0.807,,-1.084,1.619,0.313,0.615,-0.517,1.587,cat1_0,cat2_1,cat3_10,no
1.463,-0.571,1.836,1.195,-0.662,1.053,0.333,0.054,cat1_3,cat2_2,cat3_3,si
0.431,-1.8,-1.585,-1.606,-1.053,0.601,-1.54,1.895,cat1_0,cat2_3,cat3_5,si
1.671,0.495,0.034,1.442,-0.8,-0.684,0.669,0.796,cat1_1,cat2_5,cat3_3,no
-0.265,0.896,-1.941,-1.75,0.251,-0.653,1.271,-1.747,cat1_3,cat2_2,cat3_2,no
0.415,1.785,1.088,-1.2,-1.295,0.009,-0.225,-1.986,cat1_1,cat2_3,cat3_0,no
1.151,-0.106,0.897,-0.212,-1.293,1.418,1.915,-0.444,cat1_0,cat2_3,cat3_11,no
-0.496,-1.116,-0.591,1.234,-1.35,-1.053,1.899,-0.886,cat1_0,,cat3_8,no
0.846,1.771,-1.724,-1.034,-0.302,-0.494,1.743,1.549,cat1_1,cat2_1,cat3_4,no
,-1.433,-1.244,-0.767,1.965,1.522,-1.554,-0.617,cat1_0,cat2_0,cat3_0,no
0.224,-0.501,1.723,0.699,-1.498,-1.174,-1.44,-0.731,cat1_1,cat2_1,cat3_3,si
1.889,-0.339,-1.623,0.516,0.932,-1.903,0.31,-1.295,cat1_3,cat2_3,cat3_5,si
-0.027,0.906,1.629,0.308,1.145,0.319,1.087,0.514,cat1_2,cat2_4,cat3_3,si
-1.05,-1.563,0.975,1.816,0.378,-0.675,-1.882,-0.233,cat1_3,,cat3_5,no
1.155,1.102,-1.988,0.164,-1.512,-1.511,1.331,0.816,cat1_3,cat2_4,cat3_0,no
0.619,-1.074,0.653,-1.2,0.393,1.638,-0.363,1.613,cat1_2,cat2_0,cat3_6,si
-0.698,,0.232,1.961,0.508,0.697,-1.66,-1.582,cat1_3,cat2_0,cat3_11,no
1.154,0.462,0.573,1.467,1.769,-1.246,0.946,1.809,cat1_1,cat2_2,cat3_10,si
,0.555,1.204,-0.742,-0.538,-0.175,0.564,-0.514,cat1_3,cat2_0,cat3_5,no
-0.724,0.055,-1.257,0.013,0.301,0.081,-0.274,0.028,cat1_3,cat2_1,cat3_11,si
0.402,-1.305,-1.343,0.107,0.99,1.002,-1.095,-1.667,cat1_0,cat2_1,cat3_2,si
0.768,1.101,1.795,-1.253,0.28,0.778,1.988,-1.679,cat1_3,cat2_0,cat3_12,no
-0.854,0.128,1.071,-1.322,0.939,-0.814,1.692,1.91,cat1_1,cat2_2,cat3_9,no
1.314,1.671,-0.121,0.792,0.512,1.712,0.388,0.183,cat1_1,cat2_5,cat3_11,no
0.051,-0.31,-1.5,-0.285,0.909,-1.264,-1.737,-0.19,cat1_0,cat2_4,cat3_12,si
-0.636,0.773,-0.305,1.277,1.763,0.348,-0.701,-1.415,cat1_0,cat2_4,cat3_9,no
-0.316,0.392,-1.833,1.534,0.785,-0.481,1.203,1.034,cat1_3,cat2_3,cat3_14,no
0.414,,-0.505,-0.066,-1.17,0.358,0.555,0.587,cat1_3,cat2_1,cat3_3,no
,1.819,1.421,-0.159,-1.169,0.467,-1.264,-0.941,cat1_0,cat2_5,cat3_8,no
1.828,-1.141,0.379,0.973,0.631,-0.216,0.987,-0.929,cat1_1,cat2_3,cat3_7,si
-1.778,,-1.357,-1.663,0.843,1.814,-0.936,0.253,cat1_0,cat2_3,cat3_12,no
-0.482,0.404,-0.554,0.714,-1.366,-0.889,-1.456,-0.101,cat1_1,cat2_2,cat3_12,no
0.808,-1.054,0.397,-0.331,0.928,-0.641,-0.119,0.767,cat1_2,cat2_3,cat3_2,no
-1.278,-0.805,-1.022,-1.492,-1.645,-0.752,1.302,1.657,cat1_0,cat2_4,cat3_5,no
1.763,-0.122,1.264,-1.254,-1.862,-0.33,1.403,-0.792,cat1_3,cat2_3,cat3_8,no
-0.514,-1.514,-1.323,1.113,1.295,-0.983,0.347,0.558,cat1_2,cat2_4,cat3_3,no
-1.583,-1.884,-0.409,0.311,0.432,-1.196,0.749,0.232,cat1_3,cat2_5,cat3_4,no
0.868,-1.599,1.189,0.831,1.148,-1.646,0.946,0.266,cat1_1,cat2_1,cat3_8,si
-0.006,-0.535,-1.981,0.094,1.729,-0.838,0.153,1.268,cat1_0,cat2_2,cat3_1,no
0.238,-0.505,-0.92,-1.51,-1.918,1.333,1.476,1.946,cat1_1,cat2_4,cat3_12,si
-0.606,1.943,0.028,0.086,-1.034,-0.643,1.083,0.563,cat1_2,cat2_0,cat3_7,no
1.103,-1.958,-0.256,1.558,0.461,-0.502,-0.916,-1.176,cat1_3,cat2_4,cat3_5,no
-0.568,0.395,-0.158,0.11,-1.702,-0.115,1.479,1.225,cat1_0,cat2_4,cat3_2,no
1.372,-1.251,1.792,1.717,-1.476,-0.64,1.841,0.259,cat1_3,cat2_0,cat3_12,si
-0.014,,-0.87,-1.329,1.609,1.451,1.622,0.18,cat1_2,cat2_2,cat3_8,no
0.706,1.181,0.309,-1.391,1.182,-0.773,0.8,0.285,cat1_1,cat2_5,cat3_10,no
1.802,0.346,1.72,0.412,1.721,0.138,-0.93,1.378,cat1_0,cat2_0,cat3_4,si
0.623,-0.116,0.128,0.21,1.29,-0.055,-1.96,-0.604,cat1_1,cat2_3,cat3_4,si
-0.308,1.665,1.079,-0.54,-1.666,1.979,-0.011,-0.5,cat1_0,cat2_0,cat3_6,no
0.105,-0.412,1.814,-1.905,-1.511,-1.025,1.533,1.222,cat1_1,cat2_5,cat3_7,si
0.068,1.286,-0.251,-1.259,-1.189,0.818,-1.179,-0.964,cat1_2,cat2_0,cat3_11,no
-1.277,0.443,-1.675,1.071,0.872,0.492,-0.013,-1.479,cat1_0,cat2_2,cat3_2,no
1.453,0.607,-1.7,-0.868,0.184,0.398,0.199,1.825,cat1_1,cat2_5,cat3_4,no
0.934,-1.209,-0.486,1.9,-1.204,0.024,1.695,0.767,cat1_1,cat2_5,cat3_1,si
-0.44,-1.027,0.858,-0.645,0.089,1.651,0.474,-0.857,cat1_3,cat2_5,cat3_13,no
0.145,1.321,0.064,-1.839,-0.503,1.226,1.944,0.973,cat1_3,cat2_0,cat3_10,no
0.838,-1.819,0.861,0.545,1.375,-0.086,-1.416,1.448,cat1_1,cat2_3,cat3_0,si
0.109,-0.294,1.446,-0.037,-0.304,-1.654,0.61,-1.575,cat1_3,cat2_5,cat3_9,no
1.87,-0.59,-0.833,0.523,-1.399,-0.98,0.757,0.633,cat1_0,cat2_1,cat3_5,si
-0.362,-0.961,-0.636,0.93,0.012,-1.722,-0.054,-1.031,cat1_2,cat2_5,cat3_11,no
-0.8,0.34,0.334,-0.588,-1.348,-1.883,-0.758,-1.262,cat1_0,cat2_3,cat3_6,no
-1.485,1.248,-0.201,-1.084,1.559,-0.006,-1.251,-1.262,cat1_3,cat2_4,cat3_10,no
-1.384,0.69,1.343,-1.984,-0.109,0.171,1.986,0.99,cat1_1,cat2_5,cat3_14,no
1.628,-0.529,0.026,0.466,1.383,1.478,0.264,1.471,cat1_2,,cat3_10,si
-1.366,0.564,0.991,-0.678,-1.941,1.325,-1.699,1.637,cat1_1,cat2_2,cat3_7,no
0.676,-1.225,0.318,-1.051,1.122,-1.43,0.26,0.369,cat1_0,cat2_1,cat3_3,no
0.923,1.787,-0.172,0.445,-1.992,1.676,-1.697,0.507,cat1_0,cat2_4,cat3_5,si
-0.534,-1.537,1.752,-0.015,1.369,-0.776,0.786,0.592,cat1_2,cat2_4,cat3_4,no
-1.357,1.341,-0.858,0.54,0.464,1.912,-1.954,-0.474,cat1_3,cat2_2,cat3_10,no
0.676,1.749,-1.179,-0.343,-1.069,-0.564,-0.334,0.85,cat1_1,cat2_4,cat3_3,no
0.037,-0.287,-1.866,1.018,1.759,-0.759,-1.789,-0.336,cat1_0,cat2_5,cat3_5,no
-1.22,-1.4,0.27,-1.793,-0.499,-1.254,1.013,-0.112,cat1_2,cat2_1,cat3_0,no
0.591,1.046,1.227,-0.669,1.215,1.443,0.288,0.033,cat1_2,,cat3_13,no
-1.08,1.633,0.243,1.8,1.043,1.977,0.362,0.799,cat1_2,cat2_0,cat3_0,no
0.405,-0.616,0.787,0.317,-1.237,-0.035,-0.986,0.335,cat1_3,cat2_5,cat3_1,no
0.318,0.12,-1.509,0.518,0.953,1.233,-1.032,-0.554,cat1_2,cat2_4,cat3_5,si
1.551,0.05,-1.993,-0.878,1.015,-0.373,-0.982,0.411,cat1_2,,cat3_10,si
0.898,-1.112,0.255,-1.849,-1.9,1.11,1.83,-1.589,cat1_1,cat2_1,cat3_11,si
-1.145,-1.595,1.604,1.116,0.273,-0.32,-1.362,0.954,cat1_2,cat2_0,cat3_11,no
0.632,1.572,1.368,-1.349,-1.429,-1.977,-0.732,-0.811,cat1_3,cat2_3,cat3_3,no
-0.537,-1.532,1.341,-1.482,0.177,0.557,-1.82,-1.228,cat1_0,cat2_1,cat3_2,no
,-0.422,0.744,-0.22,0.892,1.537,-1.785,-1.181,cat1_1,cat2_3,cat3_8,no
-1.85,0.516,0.836,-0.2,1.259,0.334,1.32,-0.682,cat1_2,,cat3_7,no
1.051,0.387,0.925,-0.043,1.122,1.027,0.051,1.901,cat1_3,cat2_2,cat3_8,no
-1.584,-1.786,-0.13,0.36,-1.489,-1.588,0.162,1.286,cat1_2,cat2_1,cat3_13,no
1.539,0.585,1.424,-1.698,-1.954,0.73,-0.996,-0.522,cat1_3,cat2_5,cat3_1,no
-1.078,-1.673,0.903,0.587,0.604,-1.85,1.946,-1.725,cat1_1,cat2_4,cat3_6,si
-1.379,0.678,0.481,-1.906,1.673,0.103,-1.27,-0.355,cat1_2,cat2_1,cat3_11,no
1.138,,-1.465,-0.847,0.689,0.501,1.345,-1.329,cat1_3,cat2_5,cat3_13,no
0.643,1.706,0.689,1.97,1.823,-1.27,-1.207,-1.907,cat1_0,cat2_5,cat3_7,si
-0.799,-0.268,0.137,1.717,1.132,1.568,1.753,-0.036,cat1_0,cat2_4,cat3_9,si
0.878,-0.343,0.989,-1.861,0.223,-1.328,1.005,-1.426,cat1_0,cat2_1,cat3_10,si
1.955,-0.405,0.263,1.63,1.05,1.425,-0.549,-1.193,cat1_2,cat2_4,cat3_14,si
1.845,-0.949,-1.31,-1.283,0.018,-1.017,1.458,-0.456,cat1_3,cat2_2,cat3_13,no
1.17,-0.055,0.808,-0.587,0.111,0.329,0,-0.226,cat1_1,cat2_0,cat3_7,si
-1.584,-1.801,-1.048,-0.292,1.259,-0.328,0.48,-1.467,cat1_0,cat2_4,cat3_10,no
-0.058,0.101,-0.894,1.932,0.329,0.249,0.173,0.555,cat1_3,cat2_5,cat3_8,no
1.072,-1.214,-0.179,1.901,0.108,-0.43,-1.457,-1.97,cat1_2,cat2_2,cat3_4,si
-0.031,-0.992,1.76,-0.135,-1.939,1.841,-1.784,0.169,cat1_3,cat2_2,cat3_2,no
0.255,1.525,-1.196,-1.352,-0.017,0.425,1.508,-1.852,cat1_0,cat2_1,cat3_1,no
1.853,0.169,1.993,1.463,-1.439,-0.302,-0.475,0.741,cat1_3,cat2_5,cat3_4,si
,-0.945,-0.858,0.497,-1.838,-0.075,0.052,-0.483,cat1_0,,cat3_14,no
0.166,-0.202,1.092,0.744,0.306,1.066,-0.578,-0.581,cat1_1,cat2_1,cat3_10,si
1.965,0.247,-1.042,-1.412,0.801,1.305,-0.566,1.24,cat1_2,cat2_4,cat3_10,no
0.682,1.119,0.418,-1.831,1.115,0.768,-1.423,-1.244,cat1_1,cat2_3,cat3_7,si
-1.872,0.46,-1.394,0.785,-1.95,-0.543,1.47,-1.783,cat1_3,cat2_5,cat3_10,no
-1.131,0.806,1.985,1.937,-0.993,-1.406,0.58,-1.086,cat1_0,cat2_5,cat3_11,no
-0.215,0.269,-0.063,-0.001,1.7,0.592,-0.186,-0.671,cat1_3,cat2_5,cat3_0,no
1.391,-0.305,-0.149,1.872,-0.236,0.46,0.123,1.441,cat1_0,,cat3_2,si
0.693,1.064,-1.936,-1.236,1.46,-1.497,-1.175,-0.646,cat1_0,cat2_3,cat3_2,si
,0.357,1.475,-1.814,-0.58,1.699,-1.331,1.564,cat1_0,cat2_4,cat3_11,no
1.92,-0.329,-0.371,0.221,1.878,-1.993,0.845,-0.197,cat1_2,,cat3_0,si
1.471,1.173,-0.698,1.321,-1.956,0.68,0.967,-1.364,cat1_1,cat2_1,cat3_6,si
-1.637,-0.504,1.297,0.624,-1.699,0.965,1.334,-1.179,cat1_2,cat2_1,cat3_11,no
-1.307,,0.086,-1.675,1.5,0.905,-1.939,-0.587,cat1_2,cat2_4,cat3_14,no
-1.176,-0.713,0.943,-0.134,0.446,-0.524,0.52,1.108,cat1_3,cat2_2,cat3_10,no
,-1.883,-0.95,0.282,-0.699,0.687,0.218,0.05,cat1_2,cat2_3,cat3_11,si
-0.748,-1.763,-0.895,0.949,0.098,-0.48,0.727,0.884,cat1_3,cat2_1,cat3_13,no
-1.3,0.471,-1.208,-0.833,0.325,0.185,1.136,-1.451,cat1_3,cat2_4,cat3_1,no
1.888,-0.101,-1.538,0.982,-0.618,-0.839,1.561,-1.61,cat1_2,cat2_1,cat3_10,si
0.124,1.444,-0.388,1.384,-1.239,-0.508,-0.397,0.754,cat1_1,cat2_3,cat3_9,no
,0.519,-1.98,0.366,-0.847,0.28,1.712,-1.558,cat1_2,cat2_1,cat3_9,no
1.135,1.897,-1.848,-1.728,-1.47,-1.454,1.64,0.158,cat1_2,cat2_2,cat3_11,no
1.247,-1.82,-1.684,-1.651,1.741,0.104,1.638,-1.898,cat1_0,cat2_3,cat3_6,si
0.737,-1.309,-1.556,0.431,0.333,1.056,-1.986,0.729,cat1_2,cat2_0,cat3_9,si
-1.581,-1.171,-0.458,-1.051,-1.932,-1.714,-1.47,-0.577,cat1_0,cat2_3,cat3_13,no
-0.818,0.475,-1.949,1.663,1.805,0.219,1.512,0.453,cat1_2,cat2_5,cat3_10,si
-1.24,1.749,-0.891,-1.476,-0.916,-0.427,-1.555,1.809,cat1_2,cat2_1,cat3_12,no
-1.779,,-1.533,1.253,-1.44,-1.874,1.304,-1.15,cat1_2,cat2_2,cat3_10,no
-0.863,0.266,-1.117,-1.697,-1.429,0.492,1.191,0.325,cat1_1,,cat3_2,no
-1.056,-1.075,-1.108,1.384,1.793,-0.775,-0.02,-0.304,cat1_3,cat2_2,cat3_3,no
-1.222,-0.647,1.632,-1.822,1.766,-0.074,-1.334,1.519,cat1_2,cat2_5,cat3_10,no
-0.44,0.128,-0.395,-1.37,-1.225,-0.481,-1.018,0.484,cat1_2,cat2_4,cat3_4,no
1.678,0.675,1.243,0.228,-1.396,-0.307,-0.317,-1.013,cat1_0,cat2_0,cat3_11,si
-0.878,,-0.158,-1.652,-0.73,0.462,0.966,1.993,cat1_1,cat2_2,cat3_5,no
1.868,0.617,0.242,-1.655,-0.517,1.018,1.317,-1.225,cat1_3,cat2_5,cat3_13,si
1.413,-0.398,-1.248,-0.72,-0.236,1.576,0.435,-1.502,cat1_0,cat2_0,cat3_4,si
-0.105,-1.028,-1.548,-1.914,0.135,0.647,1.838,-0.835,cat1_3,cat2_1,cat3_13,si
-0.381,0.181,-0.558,-1.553,-1.18,0.614,1.175,1.281,cat1_2,cat2_0,cat3_7,no
-1.024,0.277,0.465,0.903,1.307,0.884,-1.09,1.336,cat1_2,cat2_4,cat3_0,no
0.516,1.956,-0.455,1.522,1.613,1.962,0.371,1.629,cat1_2,,cat3_8,no
-0.662,-0.508,-1.221,-1.618,0.821,-0.293,-1.029,1.943,cat1_3,cat2_1,cat3_5,no
1.097,0.76,0.791,-0.332,1.801,-1.51,-1.219,-0.868,cat1_2,cat2_0,cat3_0,no
,-0.105,-0.05,0.378,-0.079,-0.862,0.262,-1.72,cat1_3,cat2_1,cat3_6,no
1.048,-0.425,0.875,1.84,1.01,1.445,1.859,-1.011,cat1_3,cat2_0,cat3_5,si
0.177,-0.228,-1.87,-0.574,0.259,-1.816,1.945,0.083,cat1_0,cat2_1,cat3_4,no
0.412,1.568,-1.463,-0.451,0.377,-1.645,-1.432,-1.539,cat1_1,cat2_4,cat3_10,si
-1.873,-0.05,0.743,-1.408,0.252,1.846,-1.846,-1.292,cat1_0,cat2_2,cat3_11,no
1.663,-1.149,0.774,1.225,-0.866,-1.016,1.006,1.043,cat1_2,cat2_5,cat3_1,si
1.147,-0.185,0.482,-1.722,-0.215,-1.24,0.816,-1.013,cat1_3,cat2_5,cat3_4,si
0.927,0.648,1.282,0.75,0.475,0.296,1.529,-0.391,cat1_3,cat2_1,cat3_10,no
0.814,0.708,-1.343,-1.132,-0.208,0.729,-1.817,1.986,cat1_0,cat2_1,cat3_5,no
-0.059,-0.652,1.428,-1.798,-0.468,-1.281,0.033,1.807,cat1_1,cat2_1,cat3_1,no
1.999,1.971,1.151,1.041,-0.555,-1.556,-0.476,-1.574,cat1_1,cat2_3,cat3_8,no
-1.457,-0.792,1.821,-0.897,-1.971,-0.829,-0.693,-1.06,cat1_1,cat2_3,cat3_6,no
0.121,0.807,0.213,0.475,1.796,-0.591,-0.69,1.638,cat1_2,cat2_1,cat3_14,no
0.481,1.877,-1.542,-1.869,1.438,-1.439,-1.76,-1.949,cat1_2,cat2_5,cat3_1,no
,-1.06,1.579,1.012,1.377,1.742,-0.442,-1.414,cat1_0,cat2_3,cat3_11,si
1.268,-0.809,1.55,0.694,0.273,1.908,1.579,-0.39,cat1_1,cat2_3,cat3_1,si
1.542,0.351,-0.902,-0.327,1.563,-0.686,-1.113,1.932,cat1_2,cat2_2,cat3_7,si
-1.87,-0.714,0.043,1.099,-0.657,1.537,1.832,-0.275,cat1_2,cat2_3,cat3_13,no
1.147,-1.235,-0.768,1.431,1.497,1.154,-0.82,0.284,cat1_3,cat2_2,cat3_10,si
-0.347,-1.361,-1.881,0,-1.236,0.072,-0.471,-1.298,cat1_1,,cat3_9,si
-1.341,0.941,0.371,0.054,-1.518,-0.12,1.505,-1.222,cat1_3,cat2_1,cat3_5,no
-1.382,0.737,1.112,1.388,-0.048,-0.461,-0.07,-0.7,cat1_0,cat2_5,cat3_6,no
-1.437,1.051,-0.965,-0.97,-1.581,-1.226,1.543,1.315,cat1_2,cat2_0,cat3_1,no
-0.997,-0.59,0.98,-1.28,1.905,1.281,0.907,-0.468,cat1_0,cat2_4,cat3_3,no
,0.038,0.988,0.693,-0.484,1.538,0.042,-0.352,cat1_2,cat2_1,cat3_5,no
1.409,0.31,0.099,-1.286,-1.298,1.638,-0.121,0.515,cat1_1,cat2_0,cat3_4,no
0.022,1.497,0.973,-0.64,-0.454,1.812,1.95,-0.755,cat1_2,cat2_4,cat3_9,no
-0.624,,0.401,-1.317,-0.287,1.176,1.531,-1.597,cat1_0,cat2_3,cat3_3,no
1.051,1.837,1.885,1.731,-0.363,0.16,0.228,-1.627,cat1_0,cat2_5,cat3_2,no
-1.883,-0.134,0.007,0.784,-0.191,0.07,0.213,-0.3,cat1_2,cat2_2,cat3_10,no
1.764,0.162,1.508,0.077,-1.713,-1.271,0.903,1.706,cat1_3,cat2_1,cat3_9,si
-0.615,1.489,0.894,-1.259,0.815,-1.84,0.305,-1.823,cat1_0,cat2_2,cat3_12,no
0.339,-0.926,0.05,-1.568,-0.853,0.011,1.847,0.064,cat1_0,cat2_1,cat3_11,si
1.619,,-1.49,-1.755,-1.681,0.751,-0.313,0.247,cat1_1,cat2_3,cat3_3,si
-1.99,-0.162,-1.392,1.457,1.545,1.688,-0.142,0.415,cat1_0,cat2_4,cat3_13,no
1.273,1.882,1.604,1.854,0.795,1.983,-0.543,-0.857,cat1_1,cat2_5,cat3_1,si
1.433,1.117,-1.297,0.897,1.108,1.734,-1.978,-0.017,cat1_0,cat2_4,cat3_2,no
1.148,-1.764,1.265,-1.46,0.295,-0.258,0.017,1.077,cat1_2,,cat3_3,no
0.088,0.604,-1.647,-0.896,-0.965,-0.381,-0.891,-1.338,cat1_2,cat2_0,cat3_14,no
-1.012,1.407,0.108,0.241,0.946,0.926,-1.866,1.005,cat1_3,cat2_1,cat3_7,no
1.304,-0.612,-0.974,-1.503,1.635,0.335,-1.418,0.002,cat1_3,cat2_0,cat3_14,si
-1.387,0.991,0.875,0.494,-0.026,0.59,-1.972,-0.537,cat1_2,cat2_1,cat3_2,no
-0.198,0.128,0.362,-0.049,1.88,-0.424,-1.693,1.326,cat1_1,cat2_2,cat3_11,no
1.053,-0.335,-1.783,1.346,-1.918,-1.897,1.66,0.381,cat1_0,cat2_4,cat3_5,si
0.156,0.002,1.346,1.359,0.562,-1.173,-1.377,-0.779,cat1_3,,cat3_4,si
-0.88,1.482,-0.925,1.447,-0.388,1.991,0.139,1.279,cat1_3,cat2_2,cat3_9,no
1.446,0.94,1.251,1.247,-0.487,-0.132,1.655,-0.588,cat1_1,cat2_3,cat3_11,si
-1.275,-0.623,0.627,-1.422,-1.423,-0.196,0.279,-1.062,cat1_2,cat2_0,cat3_12,no
-1.954,-0.692,1.287,0.585,-0.074,-0.651,0.183,-1.574,cat1_1,cat2_0,cat3_8,no
,,0.413,-0.151,-1.459,-0.136,-1.082,-0.933,cat1_2,cat2_1,cat3_9,si
-0.696,1.287,0.644,-0.007,1.708,-0.071,1.564,1.828,cat1_3,cat2_5,cat3_5,no
0.091,-0.811,-0.748,-0.146,-1.86,-1.179,1.198,1.345,cat1_2,,cat3_0,no
-1.514,1.965,0.494,1.369,-0.676,-0.373,0.493,-0.26,cat1_2,cat2_4,cat3_6,no
0.96,1.12,-0.479,-0.693,0.905,1.426,1.106,1.525,cat1_0,cat2_4,cat3_14,si
-0.415,1.809,-0.096,0.131,1.171,0.591,-0.751,1.378,cat1_2,cat2_1,cat3_0,no
-0.653,-0.466,1.95,0.667,-1.924,-0.384,-0.302,-0.985,cat1_0,cat2_5,cat3_3,si
1.033,-0.698,-0.728,-0.17,1.007,1.554,-0.615,1.515,cat1_1,cat2_4,cat3_14,no
0.525,-1.156,0.008,-1.104,0.159,1.38,0.981,-1.34,cat1_3,cat2_3,cat3_11,no
,,0.636,1.134,1.669,-0.717,1.289,0.139,cat1_3,cat2_2,cat3_0,no
-1.798,1.01,-1.533,0.743,-0.509,1.803,-1.674,0.462,cat1_3,cat2_3,cat3_1,no
-0.623,0.775,1.849,0.804,1.371,0.722,1.419,1.453,cat1_1,,cat3_10,no
-0.528,1.364,1.852,0.788,0.877,-0.355,-1.746,-1.097,cat1_3,cat2_4,cat3_8,no
0.213,1.122,0.574,0.84,0.951,0.39,0.912,0.949,cat1_2,cat2_2,cat3_0,si
1.951,-0.785,-0.371,1.872,1.875,1.315,-1.808,0.147,cat1_1,cat2_3,cat3_3,si
1.002,1.935,-0.639,-0.755,0.56,-1.345,0.148,1.691,cat1_3,cat2_5,cat3_8,no
,-0.693,-0.622,1.59,1.66,0.284,-0.653,0.016,cat1_2,cat2_1,cat3_8,si
-0.906,-0.101,0.863,-1.181,0.456,-0.41,0.987,1.835,cat1_0,cat2_3,cat3_7,no
-0.21,1.653,0.338,-1.224,-1.207,0.426,0.511,0.952,cat1_1,cat2_4,cat3_2,no
0.158,0.033,-1.797,-1.723,-1.24,0.922,1.858,-1.342,cat1_1,cat2_3,cat3_2,si
-0.465,-1.275,0.885,0.2,-1.875,0.685,-0.596,0.509,cat1_0,cat2_1,cat3_7,no
0.489,0.58,1.229,-1.336,-0.044,1.023,-0.276,0.727,cat1_1,cat2_2,cat3_8,si
0.033,-0.711,-0.569,-0.374,1.408,-0.578,0.609,0.398,cat1_1,cat2_0,cat3_1,si
-0.09,1.468,-0.958,-1.164,0.433,1.671,0.552,-0.487,cat1_2,cat2_4,cat3_9,si
-1.506,-0.681,0.766,0.634,1.009,-0.306,1.048,-0.577,cat1_1,cat2_3,cat3_1,si
-0.044,1.438,-1.827,0.954,0.31,-0.952,-1.656,-0.176,cat1_1,cat2_2,cat3_14,no
-1.656,1.121,1.297,1.095,-1.246,-0.416,1.108,-1.173,cat1_1,,cat3_6,no
-1.539,-0.011,1.762,1.786,-0.502,1.646,1.712,0.366,cat1_1,cat2_1,cat3_6,no
-1.062,-1.99,1.97,-0.892,0.331,-1.522,-0.595,0.069,cat1_3,cat2_2,cat3_10,no
1.976,-1.069,-0.546,0.096,0.74,0.287,-0.335,-1.245,cat1_1,cat2_4,cat3_6,no
1.684,1.556,0.978,0.618,-0.55,0.241,-1.268,0.956,cat1_2,cat2_5,cat3_7,si
-1.872,0.794,1.98,-1.069,0.644,-0.096,1.218,-1.698,cat1_1,cat2_2,cat3_0,no
-1.862,1.739,0.767,1.283,-0.642,-1.636,-0.648,0.497,cat1_3,,cat3_8,no
-1.652,-1.11,-1.74,1.454,1.159,1.904,0.402,-1.514,cat1_2,cat2_3,cat3_9,no
-0.085,0.905,-1.365,1.741,-1.984,0.554,1.62,0.033,cat1_3,cat2_1,cat3_2,no
-0.405,-0.07,0.975,0.296,-0.305,-0.881,-1.741,-1.771,cat1_0,cat2_2,cat3_14,si
0.737,0.136,1.15,-0.458,0.689,-1.075,-1.168,-0.94,cat1_2,cat2_2,cat3_1,no
-0.31,-1.023,0.605,1.818,0.301,-0.262,1.131,-0.113,cat1_3,cat2_4,cat3_0,si
0.384,1.073,1.756,-0.428,1.125,-0.493,-1.219,-1.499,cat1_3,cat2_3,cat3_3,no
1.394,0.52,-0.381,-0.672,-0.024,0.534,-0.536,1.881,cat1_3,cat2_3,cat3_9,no
-0.081,-1.533,0.223,-0.912,1.277,-1.675,0.14,-1.968,cat1_0,cat2_4,cat3_6,no
-1.429,,-0.077,0.592,0.407,0.513,-1.258,1.731,cat1_1,cat2_0,cat3_4,no
-0.052,0.213,-1.138,-1.443,1.591,-1.829,0.405,-1.9,cat1_2,cat2_2,cat3_10,si
-0.991,-1.794,-1.136,1.983,-0.522,1.831,-1.457,-1.495,cat1_2,cat2_4,cat3_10,si
0.352,0.001,-1.5,-1.611,0.267,1.491,-0.82,0.113,cat1_0,cat2_5,cat3_8,si
1.73,-0.419,-0.832,-1.227,0.861,1.141,-1.493,-0.941,cat1_1,cat2_2,cat3_0,si
-1.668,-1.198,1.16,1.465,1.619,-0.421,-1.484,1.492,cat1_0,cat2_1,cat3_9,no
-0.361,-0.833,-0.036,-1.39,-0.094,-1.08,0.607,-1.057,cat1_0,cat2_4,cat3_3,no
-1.41,1.953,-0.634,1.738,-1.298,0.528,-1.044,-1.546,cat1_3,cat2_5,cat3_9,no
1.253,-1.423,0.658,0.423,0.994,-0.709,-0.355,-1.711,cat1_0,cat2_0,cat3_2,si
-0.081,-0.973,-0.972,1.311,-1.59,-1.436,-1.336,0.98,cat1_3,cat2_3,cat3_10,no
1.096,,0.62,-1.819,1.029,-1.879,-1.237,-0.484,cat1_1,cat2_5,cat3_11,si
0.626,-0.395,1.015,1.918,0.266,1.901,-1.697,-1.08,cat1_3,cat2_4,cat3_7,si
-0.672,,-1.584,0.23,0.521,-1.921,1.299,-0.03,cat1_3,cat2_2,cat3_0,no
1.469,-0.092,1.664,-0.675,-1.643,0.636,0.883,-0.629,cat1_1,cat2_5,cat3_2,si
-1.981,-1.705,1.907,-0.479,-1.679,1.897,-1.392,-1.926,cat1_2,cat2_5,cat3_11,no
,-0.441,1.085,1.569,1.035,-0.764,1.135,-0.101,cat1_2,cat2_0,cat3_10,si
-0.374,-0.941,0.133,0.574,0.226,-1.667,-0.471,1.828,cat1_0,cat2_1,cat3_14,no
-0.449,1.699,-1.182,0.463,-0.309,0.904,-1.344,-1.918,cat1_0,cat2_5,cat3_13,no
-1.995,,0.874,1.129,-1.725,-1.353,-1.385,-0.77,cat1_3,cat2_5,cat3_12,no
-1.744,-0.768,0.335,-0.968,-1.158,-0.902,-1.053,-1.904,cat1_0,cat2_1,cat3_0,no
0.511,0.313,-1.403,-0.529,-1.822,0.823,1.869,1.793,cat1_1,cat2_1,cat3_4,no
1.927,0.185,-0.421,-1.735,1.558,0.115,0.852,-0.528,cat1_3,cat2_3,cat3_7,si
1.775,-0.042,0.813,-1.541,1.869,-0.86,-0.315,-1.161,cat1_3,cat2_1,cat3_11,no
,1.801,0.123,1.047,-0.187,0.223,1.541,-0.777,cat1_0,cat2_5,cat3_12,no
0.74,0.212,-0.349,1.812,-1.225,1.054,1.625,-0.29,cat1_2,cat2_4,cat3_1,no
,-1.154,-0.371,0.825,0.635,-1.471,0.064,0.156,cat1_0,cat2_0,cat3_5,si
1.705,-0.555,0.938,0.441,-1.027,1.163,-1.527,0.226,cat1_2,cat2_3,cat3_7,si
-1.042,0.709,1.097,-1.882,0.286,1.955,1.233,0.833,cat1_0,cat2_3,cat3_0,no
-1.257,-1.332,-1.623,1.17,0.712,1.972,-0.883,-0.748,cat1_2,cat2_2,cat3_9,no
0.007,-0.655,-1.168,1.544,-1.787,0.833,1.733,0.109,cat1_0,cat2_5,cat3_3,si
0.947,1.55,1.352,-0.776,0.092,0.304,0.97,-0.565,cat1_0,cat2_3,cat3_9,si
1.355,-0.141,-0.158,-1.371,1.365,0.461,1.299,-0.159,cat1_1,cat2_4,cat3_11,si
-1.008,1.582,1.01,1.234,-1,0.163,0.421,-1.735,cat1_2,cat2_0,cat3_2,no
-1.798,-1.59,-1.924,0.718,0.162,0.751,1.195,1.473,cat1_0,cat2_1,cat3_13,no
-1.037,-0.989,-0.084,-0.881,-0.017,-0.077,-1.875,1.78,cat1_1,cat2_0,cat3_9,no
-0.134,0.602,-1.983,1.923,-1.356,1.578,0.755,1.488,cat1_1,cat2_5,cat3_4,no
-1.774,-1.843,1.96,1.04,1.873,0.418,1.189,0.038,cat1_0,cat2_2,cat3_1,no
-1.531,,1.592,1.855,0.931,-1.762,-0.217,1.655,cat1_2,cat2_4,cat3_8,no
-0.337,1.466,0.541,-1.782,-1.123,0.608,0.258,1.151,cat1_2,cat2_3,cat3_12,no
-1.517,1.185,-1.305,-1.1,-0.326,-1.514,-1.089,-1.633,cat1_2,cat2_3,cat3_12,no
,-1.614,-1.377,0.2,1.572,-0.62,-1.364,-1.223,cat1_3,cat2_0,cat3_1,no
0.159,-1.62,1.055,-1.014,-0.873,1.856,1.612,1.111,cat1_0,cat2_4,cat3_9,si
-0.277,1.448,-0.942,-0.116,0.965,0.618,1.528,0.342,cat1_1,cat2_1,cat3_7,si
0.954,0.797,0.572,-0.468,-0.757,0.022,-0.029,-0.039,cat1_2,cat2_2,cat3_9,no
0.959,0.477,-1.49,1.515,1.186,-0.893,-0.286,-1.525,cat1_3,cat2_5,cat3_4,no
-0.761,-1.666,0.316,-1.467,-0.025,-0.742,-0.63,-1.257,cat1_2,cat2_4,cat3_8,si
0.432,-0.926,0.389,1.366,-1.199,-0.179,-0.291,0.752,cat1_3,cat2_5,cat3_4,no
1.617,-0.194,1.601,0.842,0.044,0.773,0.374,-1.811,cat1_3,cat2_0,cat3_0,si
-1.846,1.147,0.261,-1.059,-0.274,0.867,-1.946,-1.705,cat1_0,cat2_3,cat3_0,no
0.455,1.394,0.01,-0.725,-0.147,-0.651,0.068,-0.105,cat1_1,cat2_1,cat3_0,no
0.81,-1.489,1.928,0.25,1.571,1.875,-0.925,1.512,cat1_0,,cat3_6,no
1.012,1.8,-0.813,-0.12,0.05,1.853,0.982,1.791,cat1_2,cat2_0,cat3_1,no
1.856,-0.897,-1.312,-1.671,1.658,-0.05,1.336,0.329,cat1_1,cat2_3,cat3_12,si
-0.588,,1.764,-0.064,1.586,0.942,-1.797,0.444,cat1_2,cat2_5,cat3_13,no
0.904,1.395,-1.71,0.231,-0.78,1.371,-1.886,-1.331,cat1_2,cat2_4,cat3_8,no
0.904,1.135,1.325,1.385,1.306,-0.404,-1.559,-0.374,cat1_2,cat2_0,cat3_1,no
1.306,-1.272,-1.899,-1.989,1.218,0.673,-1.094,0.542,cat1_2,cat2_1,cat3_7,no
0.214,-0.746,-0.868,-1.968,1.219,-1.648,0.899,-1.869,cat1_0,cat2_4,cat3_11,no
-0.305,-1.116,-0.758,1.914,1.667,0.409,-1.718,1.854,cat1_3,cat2_4,cat3_6,si
0.777,-0.495,1.171,-0.041,-1.733,0.103,-0.45,0.513,cat1_0,cat2_4,cat3_12,si
1.32,0.032,0.951,1.958,1.39,1.434,-1.556,-0.586,cat1_0,cat2_0,cat3_14,si
1.306,0.069,0.559,-1.877,-0.824,0.175,-1.612,-1.523,cat1_0,cat2_3,cat3_11,si
-1.385,-0.677,0.572,1.907,0.773,-0.558,-0.952,0.915,cat1_1,cat2_3,cat3_5,no
0.571,0.11,1.239,0.091,-1.683,-1.068,-1.459,1.797,cat1_3,cat2_3,cat3_8,si
0.728,-0.568,-1.339,-1.421,-0.178,-1.747,0.477,1.454,cat1_2,cat2_3,cat3_2,no
-0.238,-1.85,1.518,-1.675,0.336,-1.79,1.524,1.602,cat1_2,cat2_5,cat3_0,si
-0.205,0.466,0.895,-1.113,0.441,1.805,0.449,-1.924,cat1_1,cat2_5,cat3_6,no
1.059,-1.71,0.4,0.067,1.069,-1.115,-0.384,0.651,cat1_1,cat2_3,cat3_8,si
-1.269,0.873,-1.025,-1.129,-1.034,0.809,1.79,0.382,cat1_1,cat2_1,cat3_10,no
-0.267,1.74,-1.855,-1.382,-1.039,-0.597,-1.652,-1.79,cat1_2,cat2_5,cat3_1,no
1.433,0.376,-0.905,-1.117,-0.097,-1.013,1.363,-0.682,cat1_3,cat2_2,cat3_7,no
-0.1,-1.526,0.143,0.177,-1.322,-1.297,0.292,-0.144,cat1_0,cat2_2,cat3_6,si
-1.571,0.977,-0.153,1.643,1.1,0.269,1.191,0.579,cat1_0,cat2_0,cat3_14,no
1.099,-0.994,-1.269,0.496,-0.911,0.344,-1.55,0.939,cat1_2,cat2_1,cat3_12,no
0.843,-1.117,-1.257,0.222,1.082,-0.053,-1.046,1.861,cat1_2,cat2_1,cat3_3,si
-1.78,-0.625,-1.222,-0.224,-0.776,1.221,-0.235,1.24,cat1_3,cat2_5,cat3_9,no
1.887,-1.926,1.574,0.075,-1.801,-0.047,-0.614,0.125,cat1_3,cat2_3,cat3_3,si
-1.686,0.087,-1.344,-0.613,1.105,-1.328,-1.532,1.697,cat1_1,cat2_0,cat3_1,no
1.024,-0.4,1.224,0.468,-0.195,-0.014,-0.605,0.259,cat1_3,cat2_4,cat3_5,si
1.352,-0.367,1.451,-1.969,0.651,1.042,-0.083,0.855,cat1_3,cat2_2,cat3_2,si
-0.74,-1.796,-1.233,-1.91,0.142,-0.359,-1.145,0.847,cat1_3,cat2_1,cat3_3,si
-1.797,-0.188,0.902,0.588,1.494,1.212,0.373,1.473,cat1_1,cat2_5,cat3_14,no
-1.015,0.011,-1.631,-1.362,1.074,0.017,1.079,1.886,cat1_0,cat2_1,cat3_14,no
-1.48,0.824,-1.124,-1.599,1.859,-1.147,0.922,-0.159,cat1_0,cat2_2,cat3_10,no
-1.282,1.668,-1.302,1.465,1.711,0.658,1.421,-1.139,cat1_3,cat2_4,cat3_7,no
-0.457,-0.236,-0.094,0.238,0.372,-1.057,-1.493,-1.766,cat1_3,cat2_2,cat3_4,no
-0.976,1.633,1.414,1.536,1.82,1.85,1.29,1.355,cat1_3,cat2_1,cat3_5,no
0.302,1.536,-1.44,-1.948,-0.465,-0.973,1.514,-0.71,cat1_2,cat2_4,cat3_0,no
-0.745,0.05,-0.228,-0.502,1.968,-0.11,1.907,-0.619,cat1_3,cat2_5,cat3_4,no
0.584,1.772,-0.238,-0.218,0.064,-1.204,-0.661,-1.751,cat1_3,cat2_5,cat3_8,no
-0.953,-1.399,1.911,0.878,-1.798,-0.939,-0.463,0.898,cat1_0,cat2_2,cat3_7,si
1.573,1.744,-0.927,1.928,-0.241,-1.37,-0.984,-0.023,cat1_2,cat2_4,cat3_12,no
1.648,-0.773,-0.634,-1.932,1.186,-1.196,-0.485,0.036,cat1_3,cat2_0,cat3_4,si
-0.703,-0.284,1.185,0.057,0.719,0.379,1.419,-0.055,cat1_2,,cat3_4,no
-1.204,-1.899,1.419,1.815,-0.182,0.764,0.002,1.316,cat1_2,cat2_4,cat3_7,no
-0.116,1.821,1.337,-0.246,1.426,-0.648,-0.137,1.618,cat1_3,,cat3_5,no
-1.298,0.094,-0.363,0.71,1.209,-0.734,1.968,-1.989,cat1_2,cat2_0,cat3_10,no
-0.965,0.632,0.243,1.131,0.279,-0.245,-0.39,0.804,cat1_3,cat2_0,cat3_1,no
1.461,-0.226,1.699,-0.51,0.289,1.845,-1.514,0.182,cat1_2,cat2_4,cat3_12,no
0.711,-0.447,-0.701,-1.601,0.277,0.919,1.679,0.553,cat1_1,,cat3_14,si
1.397,0.077,1.561,1.346,0.447,0.108,0.058,-1.742,cat1_3,cat2_4,cat3_5,no
,0.02,1.24,-0.555,1.642,0.215,-0.407,1.29,cat1_1,cat2_1,cat3_2,si
0.656,0.267,0.961,0.811,-1.359,-1.803,-0.925,-0.583,cat1_0,cat2_5,cat3_3,no
1.315,0.752,-0.897,1.728,-0.834,0.79,0.193,0.259,cat1_1,cat2_3,cat3_0,no
1.852,-0.946,1.352,0.712,0.534,-1.973,0.1,1.818,cat1_2,cat2_2,cat3_5,si
1.012,-0.187,-1.257,0.919,-1.058,-1.051,-0.109,-1.861,cat1_0,cat2_5,cat3_8,no
-0.869,-1.186,-1.825,1.533,0.941,1.574,-1.36,-1.228,cat1_0,cat2_1,cat3_13,no
0.329,-0.743,0.919,0.008,0.908,0.863,-0.667,1.132,cat1_0,,cat3_3,si
1.29,-1.618,0.814,0.121,-1.916,1.155,0.096,-0.872,cat1_3,cat2_1,cat3_4,si
-0.489,-0.532,0.353,-1.749,1.799,-0.741,1.365,-1.077,cat1_0,cat2_1,cat3_1,no
-1.113,1.276,0.816,-0.37,0.774,0.506,0.933,0.367,cat1_1,cat2_1,cat3_1,no
,0.402,-0.702,-0.127,-0.778,-1.891,-1.598,1.585,cat1_3,cat2_4,cat3_0,no
-1.836,-1.635,-0.738,-0.388,0.887,-1.304,-0.349,-0.703,cat1_3,cat2_2,cat3_10,si
0.033,1.198,0.789,-0.208,0.421,-1.098,-1.875,-0.704,cat1_3,cat2_2,cat3_3,no
0.43,1.144,-1.902,-1.041,-1.813,0.216,1.487,-0.387,cat1_3,cat2_2,cat3_9,no
1.336,,-0.301,0.252,0.71,0.956,1.273,0.39,cat1_1,cat2_2,cat3_8,si
-0.067,-1.991,0.01,-0.736,0.08,1.374,-0.961,-1.483,cat1_2,cat2_1,cat3_14,si
-1.783,-1.092,0.944,1.4,0.572,0.839,-0.365,-0.632,cat1_1,,cat3_14,no
-0.318,1.978,-0.107,-0.381,1.186,-0.414,-1.08,-0.179,cat1_3,,cat3_14,no
1.548,-1.276,-1.748,1.573,-1.805,1.256,-1.674,1.298,cat1_1,cat2_1,cat3_13,si
1.616,0.742,0.318,-0.487,0.548,0.068,-0.61,-1.362,cat1_1,cat2_3,cat3_5,si
1.574,0.352,0.68,0.679,-1.049,-1.627,-0.051,1.296,cat1_2,cat2_4,cat3_8,no
0.021,-1.971,-0.414,-1.452,-1.012,-1.016,1.488,-1.534,cat1_0,cat2_0,cat3_3,si
,-1.12,-0.556,-1.356,1.923,1.023,-1.068,0.36,cat1_0,cat2_0,cat3_9,si
-0.411,-1.26,0.398,-0.214,1.901,-1.15,0.473,0.71,cat1_0,cat2_4,cat3_13,si
-0.916,-1.426,1.088,-0.296,-1.987,1.066,-0.774,-1.981,cat1_3,cat2_1,cat3_7,no
1.017,-0.694,-1.359,-0.61,-0.462,1.762,-0.299,0.914,cat1_1,cat2_4,cat3_12,si
-1.953,0.156,0.69,1.382,1.842,1.459,0.422,-0.635,cat1_2,cat2_5,cat3_7,no
0.623,-0.079,-0.757,-1.439,-1.34,1.465,-0.02,-1.287,cat1_2,cat2_5,cat3_12,no
-1.741,0.432,-0.639,0.797,-1.498,0.357,-0.385,-0.885,cat1_1,cat2_1,cat3_2,no
-1.589,,-0.578,-0.542,-1.031,0.191,-1.916,-0.529,cat1_2,cat2_5,cat3_12,no
0.894,-0.21,-1.5,1.614,-1.26,1.634,-0.361,-1.933,cat1_1,cat2_1,cat3_9,si
-0.171,-0.636,-0.304,1.63,1.669,0.064,0.138,1.505,cat1_3,cat2_1,cat3_8,no
0.048,-1.241,-1.832,1.012,1.452,-0.89,-0.24,1.094,cat1_2,cat2_3,cat3_4,si
1.712,-0.432,-1.806,0.123,-0.442,-0.74,-1.631,0.324,cat1_2,cat2_2,cat3_0,no
-1.602,-1.101,-1.283,-0.652,0.241,0.617,-1.597,-1.466,cat1_3,cat2_0,cat3_12,no
-0.736,1.217,-1.866,0.594,1.644,1.161,-1.021,-1.809,cat1_1,cat2_5,cat3_1,no
1.233,0.613,-1.186,-0.532,0.372,-1.383,-0.66,-0.262,cat1_2,cat2_4,cat3_2,si
,-1.748,0.329,0.772,0.016,1.705,1.349,0.982,cat1_2,cat2_0,cat3_4,no
-1.019,-0.753,-0.24,1.672,-1.925,0.368,-0.968,0.628,cat1_1,cat2_3,cat3_4,no
-0.955,0.309,1.751,-0.946,0.612,1.854,0.482,1.747,cat1_3,cat2_3,cat3_0,no
-0.653,-0.63,0.797,0.372,0.146,0.543,-0.199,-1.695,cat1_1,cat2_5,cat3_1,si
0.847,0.542,-1.643,1.501,0.837,-0.952,1.166,1.986,cat1_1,cat2_4,cat3_8,si
0.821,1.471,0.155,0.467,-0.414,0.991,0.462,1.379,cat1_1,cat2_5,cat3_1,si
-0.925,0.741,1.793,1.762,1.429,0.447,-0.001,-0.436,cat1_0,cat2_5,cat3_14,no
1.694,-0.83,0.046,-0.054,1.021,1.008,1.278,0.208,cat1_0,cat2_5,cat3_8,si
-1.377,0.789,-0.247,1.834,1.234,-0.232,-1.512,-0.848,cat1_2,cat2_5,cat3_1,no
-1.251,-0.475,0.412,-0.408,-0.624,0.163,0.864,0.518,cat1_2,cat2_1,cat3_1,no
1.903,0.268,-0.514,1.96,0.969,-1.637,1.176,0.828,cat1_3,cat2_2,cat3_10,si
1.767,-0.178,0.11,0.719,0.6,0.994,1.552,-1.651,cat1_2,cat2_4,cat3_14,si
0.147,1.451,1.048,0.432,-0.496,0.474,-0.641,1.445,cat1_3,cat2_0,cat3_9,no
0.458,-0.229,-0.957,1.312,1.563,0.148,0.163,0.6,cat1_2,cat2_1,cat3_6,no
0.413,-1.684,-1.921,0.833,0.207,-1.637,-0.208,1.84,cat1_2,cat2_5,cat3_10,si
0.243,0.836,1.733,1.69,1.314,1.637,-0.879,1.616,cat1_3,cat2_5,cat3_3,si
,-0.925,-1.467,0.336,1.892,-0.031,-1.041,1.434,cat1_0,cat2_0,cat3_4,no
-0.259,0.989,-0.552,1.188,-0.075,-1.142,1.163,0.474,cat1_2,cat2_4,cat3_10,no
-1.519,1.102,1.764,1.005,-0.104,1.571,-1.216,-1.059,cat1_1,cat2_5,cat3_10,no
0.878,-0.01,-0.991,-0.758,0.116,0.678,0.754,1.815,cat1_0,cat2_3,cat3_8,si
-1.305,0.306,-1.725,-1.689,0.102,-1.885,0.111,-0.256,cat1_2,,cat3_3,si
1.804,-1.688,1.755,0.347,0.702,-0.995,-0.648,-0.284,cat1_3,cat2_2,cat3_0,si
-1.313,1.399,1.432,-0.884,-1.863,1.956,-1.05,-1.333,cat1_1,,cat3_0,no
0.742,-0.774,-1.698,-0.592,-1.661,0.477,1.65,-0.579,cat1_2,cat2_4,cat3_0,si
-0.52,0.962,1.538,1.729,1.288,-1.603,0.753,-0.687,cat1_3,cat2_4,cat3_11,no
1.578,-0.261,1.763,-0.402,-0.116,0.842,1.002,-1.087,cat1_0,cat2_2,cat3_8,si
1.688,-0.707,0.498,1.837,-0.099,1.624,-1.953,0.623,cat1_1,cat2_4,cat3_9,si
-0.74,-1.991,-0.532,-1.91,-0.898,0.4,-0.813,-1.043,cat1_1,cat2_4,cat3_3,no
-1.291,1.858,0.626,0.571,0.557,1.42,-1.697,0.558,cat1_1,cat2_5,cat3_13,no
-0.776,1.046,-1.523,-1.387,-1.08,-0.625,0.513,-0.414,cat1_2,cat2_5,cat3_10,no
1.945,1.901,-1.942,-0.429,0.946,-1.686,1.729,0.255,cat1_2,cat2_3,cat3_0,si
-1.169,-1.793,-0.496,-1.775,0.486,-1.868,1.131,-0.654,cat1_1,cat2_1,cat3_12,no
1.968,-0.224,1.384,1.256,-1.147,0.371,0.836,-0.977,cat1_1,cat2_2,cat3_6,si
-1.37,1.392,-1.747,1.847,1.979,-0.26,-0.492,1.177,cat1_0,cat2_3,cat3_10,no
1.786,-0.778,0.588,-1.944,-0.511,0.032,0.44,-1.309,cat1_1,cat2_4,cat3_1,si
-1.415,0.478,1.19,-0.65,-1.81,1.459,-1.181,-1.755,cat1_1,cat2_5,cat3_10,no
-1.932,-1.858,0.755,-0.443,0.249,-1.935,1.405,-0.579,cat1_1,cat2_5,cat3_4,si
0.612,,0.764,-0.498,-1.726,-1.056,0.697,-0.714,cat1_3,cat2_4,cat3_7,no
-0.462,-0.659,-1.488,1.254,-1.322,-1.868,-0.476,0.06,cat1_0,cat2_2,cat3_10,no
0.206,-0.813,-1.792,0.001,1.469,-1.565,-1.725,-0.029,cat1_0,cat2_4,cat3_1,no
-1.49,0.567,1.617,0.393,-0.278,-1.032,-0.808,1.538,cat1_3,,cat3_5,no
1.062,-0.837,-1.703,0.531,-1.526,1.912,0.586,-0.126,cat1_3,cat2_3,cat3_1,no
-1.859,-1.475,-1.655,1.944,-0.702,1.772,-1.324,0.651,cat1_3,cat2_4,cat3_7,no
-0.301,-1.862,0.457,-0.237,-0.716,-1.565,1.909,-1.224,cat1_1,cat2_5,cat3_5,si
-0.98,-1.522,-0.995,0.98,0.026,-0.213,0.83,-1.383,cat1_0,,cat3_10,si
-0.137,1.952,-0.843,1.291,0.995,-0.758,1.027,0.502,cat1_1,cat2_4,cat3_14,no
-1.529,-1.66,-1.861,-0.841,0.076,1.162,0.722,-1.968,cat1_2,cat2_3,cat3_10,no
-1.933,-0.871,-0.183,1.586,1.86,1.857,-1.383,-0.154,cat1_0,cat2_4,cat3_2,no
1.263,-0.274,-0.884,0.841,-1.929,-1.239,-0.493,-1.335,cat1_1,cat2_0,cat3_13,si
1.03,-1.185,0.124,1.737,-0.115,0.041,0.123,0.992,cat1_1,cat2_2,cat3_10,si
-1.199,-0.27,0.322,1.786,-1.444,1.38,-0.704,0.883,cat1_3,cat2_0,cat3_14,no
-0.175,0.51,0.457,-1.378,0.957,-0.604,0.873,-1.633,cat1_3,cat2_0,cat3_2,no
-1.807,-1.532,-0.91,0.141,-0.817,1.33,-1.523,0.868,cat1_2,cat2_0,cat3_3,no
-0.566,-1.011,-0.427,-0.723,-0.326,-0.641,-1.129,1.247,cat1_3,,cat3_1,no
-0.463,-0.368,0.629,1.425,1.485,1.957,-1.005,1.289,cat1_0,cat2_4,cat3_2,no
0.816,-0.11,-0.145,1.255,-0.521,0.171,0.622,-0.726,cat1_3,cat2_0,cat3_1,no
0.528,-0.335,-1.21,-1.874,0.214,-0.09,-1.399,-0.941,cat1_2,cat2_2,cat3_7,si
-0.749,0.086,-0.887,-1.163,-1.109,0.389,-0.345,0.959,cat1_1,cat2_4,cat3_1,si
-0.338,-1.877,-0.006,1.152,-1.766,1.212,1.033,0.314,cat1_1,cat2_4,cat3_11,si
1.431,1.928,1.608,0.813,-1.967,1.981,0.269,1.688,cat1_3,cat2_3,cat3_6,no
-1.414,-1.075,0.526,0.576,0.561,1.761,1.629,-0.76,cat1_0,cat2_4,cat3_5,si
-1.395,-1.246,-1.589,0.516,-0.834,1.958,1.551,-1.886,cat1_2,cat2_1,cat3_10,no
-0.792,,-0.655,-0.031,0.323,1.402,1.397,0.605,cat1_0,cat2_3,cat3_0,si
-1.599,0.985,0.023,-1.116,1.993,1.323,-1.832,0.892,cat1_1,cat2_2,cat3_9,no
1.896,-0.477,-0.206,1.5,-0.473,1.238,-1.973,0.92,cat1_3,cat2_4,cat3_1,si
-0.372,1.321,0.851,-1.409,0.346,-1.556,0.889,-1.846,cat1_0,cat2_0,cat3_2,no
-0.74,-1.799,0.705,-1.989,1.864,1.269,1.06,1.892,cat1_2,cat2_1,cat3_0,no
0.597,-1.671,1.639,0.443,0.667,-1.83,1.353,-1.563,cat1_0,cat2_1,cat3_13,no
-0.777,0.325,-1.399,-0.926,1.609,-0.882,1.905,0.939,cat1_1,cat2_2,cat3_13,no
0.943,1.519,1.474,1.398,-0.77,1.339,-0.178,-0.786,cat1_2,cat2_4,cat3_0,no
0.093,-1.372,-1.093,-1.948,1.906,-0.673,0.998,-1.225,cat1_2,cat2_5,cat3_5,no
-1.648,0.687,1.052,-1.856,0.199,0.97,1.839,-0.448,cat1_1,cat2_3,cat3_8,no
-1.471,-0.548,-0.189,-1.581,-1.52,1.359,0.637,1.934,cat1_0,cat2_0,cat3_11,no
-0.17,-1.773,0.717,1.879,-1.757,-1.722,0.973,-1.722,cat1_3,cat2_5,cat3_2,si
0.615,-1.996,-1.156,-0.752,0.613,-1.773,-0.215,-1.682,cat1_0,cat2_5,cat3_7,si
1.816,-0.019,0.748,-0.831,0.13,0.754,1.672,-1.046,cat1_1,,cat3_0,si
-1.799,-0.139,-0.656,-1.864,1.586,-0.189,1.762,-0.078,cat1_1,cat2_2,cat3_7,no
0.666,-1.297,1.149,-0.792,1.676,1.464,-0.925,-0.737,cat1_1,cat2_0,cat3_9,si
0.085,-1.24,0.123,-1.219,0.307,-0.763,0.376,-0.506,cat1_0,cat2_0,cat3_6,no
-0.823,-1.531,-0.608,-0.512,1.384,0.57,1.559,-0.994,cat1_2,cat2_1,cat3_1,no
-0.724,-0.624,1.441,0.826,-0.553,0.524,-1.865,-0.743,cat1_3,cat2_4,cat3_5,no
-0.221,-1.404,0.916,-1.539,-0.402,0.301,-1.379,1.261,cat1_2,cat2_0,cat3_0,no
-1.78,-1.708,1.791,-0.117,1.795,1.816,0.306,0.696,cat1_1,cat2_0,cat3_6,no
-1.644,-0.085,0.782,-0.656,-1.798,1.172,1.984,0.059,cat1_3,cat2_3,cat3_11,no
1.438,-0.694,-0.814,-0.411,-0.351,0.477,0.447,0.368,cat1_0,cat2_3,cat3_9,si
-0.851,-0.122,0.585,1.371,0.277,-1.836,0.009,0.457,cat1_2,cat2_2,cat3_13,no
1.034,-1.04,-0.481,-0.562,-0.167,0.45,1.967,0.273,cat1_1,cat2_1,cat3_8,si
1.353,-0.948,1.408,-0.161,1.23,-1.676,1.504,0.179,cat1_0,cat2_5,cat3_7,si
1.836,-0.663,0.91,-1.781,0.439,-1.271,-0.075,0.807,cat1_2,cat2_4,cat3_14,no
1.955,,-1.391,-0.767,0.879,0.619,0.051,-1.835,cat1_0,cat2_1,cat3_11,si
-0.691,1.13,-1.132,1.149,-0.969,-0.115,-0.397,1.76,cat1_3,cat2_1,cat3_1,no
-1.313,-1.645,1.636,0.102,-1.816,0.057,0.111,1.537,cat1_1,cat2_1,cat3_13,si
-1.519,1.429,-0.679,1.86,-1.61,-1.652,-1.748,0.727,cat1_3,cat2_2,cat3_10,no
-1.155,-0.389,-1.017,1.074,-1.618,-0.769,-0.987,1.27,cat1_0,cat2_4,cat3_4,no
-0.734,-0.087,-1.115,-1.745,-1.985,0.466,-1.099,0.819,cat1_1,cat2_5,cat3_1,no
-1.382,-0.822,1.661,1.561,1.194,-1.625,-0.254,1.362,cat1_2,cat2_5,cat3_11,no
-0.203,1.889,-0.739,1.931,0.602,1.301,1.694,-0.683,cat1_2,cat2_2,cat3_6,no
0.482,-1.887,1.597,1.123,0.817,-1.335,0.412,0.183,cat1_1,cat2_2,cat3_2,si
-0.384,-1.757,-0.911,0.423,-1.249,0.608,-0.369,1.988,cat1_0,cat2_5,cat3_11,no
-1.704,1.985,-1.17,-0.996,-0.941,-1.655,1.031,1.502,cat1_3,cat2_2,cat3_3,no
-0.747,1.034,0.098,-0.766,-1.689,0.244,0.082,1.671,cat1_0,cat2_4,cat3_10,no
1.14,1.161,0.263,-1.682,-0.649,-0.315,0.814,0.645,cat1_3,cat2_2,cat3_8,no
-0.77,-0.586,-1.281,1.79,1.846,1.689,-1.794,1.545,cat1_2,cat2_5,cat3_0,no
-0.117,,-1.274,0.057,-1.568,0.815,-0.058,-1.118,cat1_0,,cat3_9,no
1.575,0.9,-0.34,-0.302,0.423,-0.977,0.535,-1.265,cat1_1,cat2_1,cat3_11,si
-1.349,-0.966,0.434,0.292,0.736,0.338,-1.41,-1.681,cat1_0,,cat3_7,no
0.213,-1.71,1.137,-1.516,1.407,-1.394,-1.639,0.878,cat1_1,cat2_5,cat3_14,si
-1.439,2,0.232,0.48,1.888,0.263,-0.39,-1.289,cat1_3,cat2_4,cat3_12,no
-1.346,-1.145,-1.546,-1.597,1.198,-1.215,-0.108,0.09,cat1_1,cat2_0,cat3_13,no
-1.649,1.638,-1.576,-0.282,1.221,-0.95,-1.718,0.424,cat1_1,cat2_4,cat3_2,no
-0.568,-0.884,0.43,-1.962,-1.22,0.197,-1.972,1.462,cat1_3,cat2_0,cat3_1,si
0.419,1.406,1.143,1.58,0.564,0.733,-0.68,0.898,cat1_1,cat2_3,cat3_8,no
-1.895,-1.073,-1.896,1.019,-1.08,1.51,1.269,-1.493,cat1_1,cat2_1,cat3_11,no
-0.831,0.803,1.511,-0.677,1.755,0.809,0.658,-0.35,cat1_0,cat2_1,cat3_2,no
1.752,1.476,1.628,-1.931,-0.187,-1.724,-1.095,1.122,cat1_0,cat2_2,cat3_3,si
1.087,-1.568,1.691,0.576,-0.164,-1.853,1.243,1.56,cat1_3,cat2_3,cat3_5,si
-1.851,0.852,-1.274,1.672,-0.728,-1.803,1.931,-1.988,cat1_3,cat2_0,cat3_1,no
-0.109,0.396,-1.651,-0.667,-1.148,-1.791,0.41,1.836,cat1_1,cat2_5,cat3_4,no
0.741,0.047,1.731,1.725,0.284,1.289,-0.802,0.461,cat1_3,cat2_1,cat3_2,si
0.258,,0.106,0.227,1.991,0.406,-0.354,0.705,cat1_0,cat2_4,cat3_13,si
,-0.364,1.409,0.867,1.474,-1.44,-1.874,0.427,cat1_0,cat2_3,cat3_8,no
-1.836,1.212,1.342,0.768,0.311,-0.203,-1.851,-0.112,cat1_1,cat2_1,cat3_12,no
-0.407,0.745,-0.594,-0.969,-1.073,1.98,0.022,-0.431,cat1_2,cat2_0,cat3_8,si
0.148,-0.4,-0.122,0.753,-0.233,0.985,0.11,-0.491,cat1_1,cat2_5,cat3_14,si
-1.01,-0.191,-0.884,-1.301,-1.29,-1.653,1.776,-0.497,cat1_2,cat2_1,cat3_4,no
-0.902,-1.012,0.278,1.559,0.671,-1.113,-0.712,-0.635,cat1_1,cat2_0,cat3_11,no
-1.189,-0.797,-0.955,-0.112,0.615,-1.094,0.703,0.626,cat1_2,cat2_5,cat3_9,no
0.825,-0.237,1.317,-0.547,-1.983,1.325,-1.608,1.756,cat1_3,cat2_2,cat3_2,no
1.473,,1.576,1.843,-1.81,0.698,-1.947,-0.326,cat1_0,cat2_2,cat3_0,no
0.804,-1.599,-0.163,0.427,-0.659,1.475,0.175,1.37,cat1_3,cat2_5,cat3_9,si
-0.895,-1.578,-1.274,-0.894,-1.98,-0.146,1.7,0.587,cat1_0,cat2_1,cat3_8,no
1.773,1.439,1.748,-1.037,0.467,1.72,0.369,0.421,cat1_3,cat2_4,cat3_5,no
-0.353,-0.72,0.215,1.104,0.414,1.766,-0.096,-1.766,cat1_2,cat2_0,cat3_6,no
0.174,-0.763,-0.164,1.573,1.253,-1.018,-1.974,0.028,cat1_0,cat2_5,cat3_3,si
-1.878,,-0.537,0.571,-1.562,0.115,0.553,1.341,cat1_1,cat2_0,cat3_3,no
-0.365,1.075,0.345,-1.089,1.819,1.32,0.487,1.973,cat1_3,cat2_3,cat3_6,no
0.569,-1.055,-1.001,-0.629,-0.18,-0.829,1.691,1.88,cat1_0,cat2_2,cat3_11,si
0.774,1.498,1.034,-0.433,-0.774,1.398,1.223,-1.718,cat1_2,,cat3_6,no
1.869,-1.751,-1.758,0.786,0.814,1.606,-1.314,0.479,cat1_1,cat2_5,cat3_0,si
1.982,-0.172,-0.447,-0.372,-0.335,1.571,1.138,-1.717,cat1_3,cat2_2,cat3_8,si
1.473,-1.837,0.244,1.571,-1.716,0.539,1.621,0.227,cat1_3,cat2_3,cat3_14,no
1.322,-1.295,1.232,1.945,1.533,1.501,0.52,-0.052,cat1_3,cat2_2,cat3_8,si
-0.365,1.539,1.812,1.368,-0.422,1.503,-1.237,0.947,cat1_2,cat2_2,cat3_11,no
0.726,0.555,0.209,-0.954,1.034,-1.248,1.814,1.035,cat1_3,cat2_4,cat3_0,no
0.136,-0.258,-1.181,-0.822,0.478,-1.697,-0.078,-1.842,cat1_2,cat2_0,cat3_10,no
0.493,-1.883,-1.253,1.282,1.386,-0.302,-1.707,0.086,cat1_0,cat2_4,cat3_0,si
1.107,-0.435,-0.896,-0.446,-1.447,-0.997,-1.85,-1.868,cat1_0,cat2_2,cat3_6,no
-1.433,,-1.013,0.646,0.505,-0.536,-0.6,1.669,cat1_1,cat2_2,cat3_7,no
1.656,-0.453,-1.041,0.412,0.454,-0.827,1.524,1.601,cat1_2,cat2_3,cat3_10,no
-0.407,-1.905,-1.541,-1.003,-1.929,-1.489,1.89,0.489,cat1_0,cat2_2,cat3_13,si
-1.221,0.359,-1.654,-0.508,-1.452,0.321,-0.719,0.111,cat1_0,cat2_5,cat3_5,no
1.894,1.05,0.523,1.54,1.76,0.942,-1.233,1.825,cat1_2,cat2_3,cat3_1,si
1.114,-1.639,-1.204,-1.974,1.148,1,-1.742,-0.746,cat1_1,cat2_3,cat3_4,si
-0.306,-1.662,1.116,1.864,-0.245,-1.877,0.441,1.608,cat1_2,cat2_5,cat3_4,no
0.739,-1.78,0.245,-1.955,1.092,0.845,-1.719,-1.389,cat1_1,cat2_0,cat3_7,si
-1.845,0.663,1.345,-0.675,0.699,-0.072,-1.103,-1.175,cat1_0,cat2_1,cat3_0,no
-1.134,-0.794,-0.978,-0.157,0.656,-0.773,-0.414,-1.196,cat1_1,cat2_4,cat3_5,no
1.046,-1.343,1.948,1.194,0.781,-0.944,0.784,0.368,cat1_1,cat2_2,cat3_11,si
0.746,1.115,1.073,-1.034,-0.202,-0.18,1.757,-0.949,cat1_2,cat2_0,cat3_5,no
-1.99,0.818,-0.858,-1.946,-0.733,0.721,1.419,1.524,cat1_3,cat2_3,cat3_5,no
-1.794,0.125,1.169,-1.276,1.765,-1.77,-0.137,-1.045,cat1_0,cat2_1,cat3_12,no
-1.883,1.3,0.319,0.524,-1.599,-1.97,-1.142,-0.622,cat1_1,cat2_2,cat3_8,no
-0.097,-1.566,0.719,1.676,0.277,-0.396,0.94,0.89,cat1_0,cat2_1,cat3_5,si
1.684,-0.939,-0.392,1.466,-0.357,-0.909,0.545,1.675,cat1_1,cat2_4,cat3_8,si
-1.098,0.022,-1.437,0.411,0.681,1.883,0.649,1.577,cat1_3,cat2_0,cat3_8,no
,-0.78,-1.732,-0.62,1.153,-1.434,0.628,1.234,cat1_3,,cat3_3,no
-1.16,,-0.511,-0.294,0.926,1.734,0.951,-0.653,cat1_0,cat2_5,cat3_13,no
-1.917,-0.08,0.229,1.895,0.592,1.786,0.958,0.725,cat1_3,cat2_0,cat3_3,no
-0.821,1.435,0.507,-0.118,-1.617,-1.307,-0.756,1.759,cat1_1,cat2_4,cat3_4,no
-1.421,-1.927,0.067,0.257,-1.551,-1.352,-0.533,-1.773,cat1_1,cat2_4,cat3_8,si
-1.453,-1.283,0.769,1.745,0.714,1.501,-1.029,-1.006,cat1_2,cat2_4,cat3_7,no
0.663,-0.892,-1.315,-0.047,0.979,-0.881,-0.734,0.25,cat1_2,cat2_1,cat3_0,no
1.852,-1.535,1.863,-0.911,-0.193,0.365,0.024,0.127,cat1_2,cat2_5,cat3_11,no
0.264,0.516,-0.517,1.239,0.86,-1.3,1.82,-1.674,cat1_1,cat2_2,cat3_3,no
-1.448,1.816,-1.133,-0.534,1.279,-0.987,-1.438,0.963,cat1_2,cat2_3,cat3_6,no
1.293,-1.034,0.661,-0.445,1.136,0.968,-0.957,-1.005,cat1_3,cat2_5,cat3_14,no
1.032,0.457,1.703,-0.472,-0.621,1.95,-1.327,1.052,cat1_3,cat2_2,cat3_1,no
-0.395,,0.919,0.024,-1.817,1.089,0.663,0.734,cat1_1,cat2_3,cat3_10,si
0.697,0.938,-0.666,-0.254,0.254,-1.829,-1.669,-1.871,cat1_1,cat2_1,cat3_0,si
-1.586,,-1.009,-0.464,0.398,0.483,-0.027,0.467,cat1_1,,cat3_7,no
0.717,1.112,-1.631,1.592,0.327,0.778,0.62,-1.783,cat1_2,cat2_2,cat3_2,no
-1.432,-0.934,1.085,-0.633,1.885,1.064,-1.069,-0.853,cat1_3,cat2_5,cat3_4,no
-0.02,1.29,-1.188,-1.781,-0.917,0.595,-0.032,0.004,cat1_2,cat2_3,cat3_1,no
-1.272,-0.603,0.871,-0.281,-1.33,-0.182,0.375,1.483,cat1_3,cat2_1,cat3_3,no
-0.779,-1.669,-0.736,0.793,-0.243,0.873,1.697,1.681,cat1_0,cat2_3,cat3_3,si
0.199,0.849,-1.827,1.6,-1.196,1.985,-1.153,-1.55,cat1_1,cat2_4,cat3_11,no
-0.739,-1.972,-0.68,-0.609,0.78,-1.451,-1.453,0.149,cat1_3,cat2_2,cat3_3,si
1.101,0.834,1.256,0.278,1.473,0.675,0.861,0.448,cat1_0,cat2_4,cat3_14,si
-0.464,1.745,0.186,0.682,-1.305,-0.285,-0.713,-0.408,cat1_2,cat2_2,cat3_1,no
-0.226,0.613,-1.592,1.333,-1.583,-0.226,0.353,-0.708,cat1_2,cat2_2,cat3_6,si
,-1.258,1.975,-0.129,-0.219,-1.385,-1.957,-0.558,cat1_0,cat2_3,cat3_8,no
1.418,0.721,-0.744,1.53,-0.479,0.832,1.61,-1.04,cat1_3,cat2_0,cat3_0,no
1.897,-1.015,-0.69,-1.074,-1.934,-0.433,-1.632,-0.086,cat1_2,cat2_3,cat3_5,si
-1.319,-0.653,-0.132,-0.863,0.916,0.328,1.423,-1.974,cat1_1,cat2_5,cat3_6,no
-1.338,-0.958,0.652,1.257,0.19,-0.484,-0.916,-1.129,cat1_2,cat2_5,cat3_10,no
0.359,0.368,0.12,1.448,1.476,1.008,-0.65,0.33,cat1_3,cat2_1,cat3_14,si
0.816,-0.355,1.611,0.045,1.086,-1.859,0.87,-1.047,cat1_1,cat2_2,cat3_6,si
1.314,,0.663,-1.873,-1.531,0.686,0.044,-1.372,cat1_2,cat2_3,cat3_5,si
-0.285,-1.655,1.585,1.059,1.707,-1.159,1.468,0.961,cat1_2,cat2_5,cat3_5,si
0.916,-1.856,-1.193,-0.862,0.665,-0.7,1.336,-0.696,cat1_0,cat2_0,cat3_6,si
0.463,,1.512,0.893,1.406,-1.766,0.239,-1.972,cat1_0,cat2_4,cat3_7,no
1.206,0.327,-1.733,0.948,0.055,0.565,-0.984,1.603,cat1_3,cat2_3,cat3_5,no
-0.271,0.989,0.486,0.823,1.328,-0.401,-0.395,1.683,cat1_1,,cat3_4,no
-1.872,-0.661,-1.226,-1.85,0.892,0.858,-1.65,-0.426,cat1_2,cat2_2,cat3_10,no
-1.374,-0.074,0.379,0.864,0.536,0.553,0.56,-1.031,cat1_0,cat2_4,cat3_3,no
1.105,-1.725,-1.621,-1.119,-1.701,1.715,-1.328,1.256,cat1_3,cat2_3,cat3_5,si
0.47,-1.29,0.244,-1.603,0.526,-1.023,-0.988,-1.806,cat1_2,cat2_3,cat3_8,si
1.121,-1.77,0.007,-1.765,1.746,-1.887,-1.466,1.878,cat1_1,cat2_0,cat3_11,si
-1.54,,-0.385,1.715,-0.659,-0.211,0.506,0.861,cat1_1,cat2_1,cat3_2,no
1.1,1.051,-0.259,-1.861,1.24,1.836,-1.958,0.235,cat1_1,cat2_1,cat3_5,si
0.695,0.499,0.082,0.433,1.607,1.376,0.522,-0.085,cat1_0,cat2_2,cat3_8,no
0.744,-1.064,1.958,-0.352,1.131,1.208,1.039,1.898,cat1_2,cat2_2,cat3_7,no
0.8,1.466,-0.477,-0.032,1.432,-1.862,-1.303,1.868,cat1_2,cat2_4,cat3_2,no
0.926,,-1.39,-1.011,1.497,-0.127,0.019,1.157,cat1_0,,cat3_8,no
-1.014,-1.411,-0.68,0.051,-1,-1.855,0.47,0.291,cat1_3,cat2_5,cat3_11,no
-0.801,1.34,0.394,-0.971,-1.396,-1.983,0.407,1.613,cat1_1,cat2_4,cat3_5,no
-1.006,-0.007,-0.454,-0.96,0.944,0.837,-0.312,-1.39,cat1_2,cat2_0,cat3_1,no
-1.634,-0.244,1.683,0.897,-0.064,-1.197,-0.061,1.304,cat1_2,cat2_3,cat3_7,no
0.942,0.535,-1.979,-1.658,0.463,-0.083,-0.191,-1.619,cat1_1,,cat3_5,no
1.243,-0.069,-0.816,-0.328,1.479,-0.276,-0.482,0.126,cat1_0,cat2_4,cat3_8,si
-0.379,1.773,-0.358,0.05,0.953,1.482,1.643,-0.158,cat1_1,cat2_5,cat3_4,no
-0.74,,1.816,1.908,-0.008,-1.104,1.127,1.07,cat1_3,cat2_3,cat3_10,no
-0.215,0.909,0.092,-1.456,-1.172,-1.861,0.238,1.185,cat1_3,cat2_1,cat3_2,no
-0.672,1.182,1.131,1.52,0.882,-1.387,-1.39,1.066,cat1_3,cat2_2,cat3_11,no
-1.196,-0.94,0.938,-0.777,0.054,-1.444,-1.441,-1.087,cat1_3,cat2_5,cat3_3,no
-1.275,0.991,0.778,-0.29,0.55,-1.335,1.205,1.67,cat1_3,cat2_3,cat3_5,no
0.09,1.654,1.107,-0.91,1.924,-0.443,-1.52,-1.258,cat1_1,cat2_3,cat3_10,no
-1.465,1.647,-0.957,0.142,-0.838,-1.292,1.853,1.982,cat1_0,cat2_1,cat3_2,no
-1.67,-1.942,-1.937,-0.206,1.602,0.774,0.271,-1.729,cat1_2,cat2_5,cat3_0,no
0.747,-0.427,-1.887,-0.529,-0.868,1.234,1.858,-1.384,cat1_2,cat2_4,cat3_12,si
1.954,-0.465,-1.339,0.366,1.8,1.959,-0.421,0.23,cat1_3,cat2_3,cat3_13,no
0.152,-0.95,0.175,-1.701,0.785,1.659,1.653,0.005,cat1_3,cat2_3,cat3_14,si
0.406,0.019,-0.352,0.359,0.396,-1.602,0.927,-1.842,cat1_0,cat2_0,cat3_1,si
-1.993,0.478,0.403,-0.082,-1.696,0.929,-1.999,1.585,cat1_3,cat2_4,cat3_7,no
-1.421,-1.735,1.44,-1.927,-1.846,1.836,-1.372,1.704,cat1_3,cat2_2,cat3_9,si
0.889,-1.211,-1.098,0.725,1.356,-1.235,1.252,-1.202,cat1_2,cat2_1,cat3_10,si
1.842,0.659,-1.307,1.543,1.232,-0.779,-1.71,-0.218,cat1_2,cat2_4,cat3_13,no
0.252,,0.935,0.993,-1.844,-0.843,-0.683,-0.096,cat1_0,cat2_2,cat3_7,no
1.769,-0.985,-1.934,-1.459,0.284,0.649,-0.233,0.275,cat1_0,cat2_0,cat3_6,si
,-1.893,-0.381,-1.093,0.815,1.891,1.7,0.795,cat1_2,cat2_2,cat3_5,si
-1.657,1.699,-1.186,0.772,-0.653,1.956,-0.16,-1.913,cat1_1,cat2_0,cat3_6,no
-1.503,1.69,-0.757,-1.567,0.426,1.569,0.302,1.271,cat1_2,cat2_5,cat3_11,no
-1.43,-1.034,1.097,0.767,-0.509,-0.628,1.415,0.481,cat1_1,cat2_2,cat3_10,si
-0.523,0.279,-0.333,-1.673,-1.342,0.121,-0.677,0.278,cat1_2,cat2_1,cat3_9,no
-0.701,1.144,0.147,1.173,-1.561,0.268,-0.387,0.331,cat1_1,cat2_0,cat3_7,no
-1.835,-1.804,-1.386,0.706,-0.258,-0.656,-0.143,1.5,cat1_0,cat2_2,cat3_14,no
1.898,-1.313,-1.057,0.114,1.353,-1.215,-0.699,-1.299,cat1_1,cat2_3,cat3_14,si
-1.647,-0.021,0.467,-1.737,1.093,-1.731,0.051,0.172,cat1_3,cat2_3,cat3_3,no
-0.911,-0.798,-1.25,1.428,0.273,1.409,-1.781,1.118,cat1_2,cat2_4,cat3_6,si
-1.223,,-1.403,0.721,-0.46,0.637,-1.333,0.189,cat1_1,,cat3_11,no
1.262,,-0.052,0.168,0.303,1.577,-0.462,-1.491,cat1_0,cat2_0,cat3_9,no
1.413,1.756,0.603,-0.576,1.623,1.852,0.461,0.736,cat1_0,cat2_3,cat3_3,no
0.872,-1.076,-0.63,-1.832,1.326,-1.128,-0.451,-1.175,cat1_3,cat2_4,cat3_7,no
-1.673,-0.278,1.724,0.886,1.311,0.155,-0.338,-0.517,cat1_2,cat2_3,cat3_10,si
-1.929,-1.729,-0.04,1.151,-0.687,-0.331,-0.929,0.821,cat1_1,cat2_4,cat3_1,no
-0.023,-0.864,-1.738,0.217,0.08,0.02,-1.873,-0.066,cat1_3,cat2_0,cat3_8,si
1.489,-0.068,0.106,0.839,1.214,0.467,-0.522,0.828,cat1_0,cat2_0,cat3_8,si
-1.455,0.119,1.565,0.044,1.421,1.503,-1.918,1.025,cat1_1,cat2_1,cat3_0,si
1.892,,-0.396,1.593,-1.331,1.511,-1.822,-0.035,cat1_1,cat2_1,cat3_1,si
-1.884,-1.123,0.827,-0.248,-0.083,-1.943,1.386,-0.301,cat1_3,cat2_4,cat3_12,no
0.653,1.909,0.447,-0.768,1.133,0.179,1.755,-1.378,cat1_0,cat2_4,cat3_0,no
0.447,-1.669,-1.729,0.044,-0.868,1.117,1.45,-0.348,cat1_0,cat2_5,cat3_5,no
-0.895,1.904,1.29,-1.928,-0.36,-0.879,1.728,-1.13,cat1_2,cat2_4,cat3_8,no
-1.953,0.978,-1.493,0.188,0.785,0.783,0.232,-1.076,cat1_2,cat2_2,cat3_3,no
-1.431,-1.376,-1.919,-0.424,1.418,-1.116,1.305,-0.882,cat1_2,cat2_2,cat3_14,si
0.15,0.311,-1.287,-0.147,1.075,0.602,-0.806,-1.797,cat1_3,cat2_3,cat3_9,no
0.573,1.282,-1.358,-1.194,0.224,-0.988,-1.755,-0.017,cat1_0,cat2_1,cat3_14,no
-1.762,-0.733,-1.264,1.319,1.807,-1.022,-0.458,0.007,cat1_3,cat2_3,cat3_5,no
0.795,-1.999,0.87,-0.325,-0.764,0.728,-0.364,0.488,cat1_3,cat2_0,cat3_10,no
1.665,,-1.844,0.578,0.366,-0.39,-1.626,-0.361,cat1_3,cat2_5,cat3_6,no
1.269,-1.353,-0.131,-1.46,0.008,1.798,-1.108,1.439,cat1_2,cat2_1,cat3_5,si
,1.193,-1.225,0.296,1.749,-0.007,-0.394,0.609,cat1_0,cat2_3,cat3_14,no
-1.139,1.932,1.388,1.166,-1.566,0.319,1.305,1.463,cat1_2,,cat3_8,no
-0.729,-0.756,0.928,1.638,0.73,-0.546,-1.656,-0.279,cat1_0,,cat3_9,no
0.403,0.078,0.911,-0.558,-1.763,-0.395,-0.933,-1.388,cat1_3,cat2_2,cat3_9,no
0.647,-1.24,1.528,0.639,-0.135,0.914,0.987,0.497,cat1_2,cat2_0,cat3_0,si
1.481,-1.952,-0.4,1.251,0.351,-1.761,-0.79,-0.746,cat1_2,cat2_1,cat3_10,si
0.323,1.557,0.381,1.631,-0.473,-0.037,0.511,1.128,cat1_0,cat2_2,cat3_7,si
0.067,-0.158,0.544,-1.777,1.539,1.367,-1.967,-1.901,cat1_1,cat2_0,cat3_7,no
1.352,-1.441,0.32,0.899,0.493,-1.854,-1.36,-1.678,cat1_1,cat2_2,cat3_14,si
-0.892,-1.064,1.579,-0.937,0.159,0.519,-1.234,-1.521,cat1_2,cat2_4,cat3_12,no
-0.897,0.192,-1.508,1.975,1.821,-1.386,0.668,1.15,cat1_3,cat2_4,cat3_7,no
-0.882,-1.912,1.382,1.443,1.692,-1.654,-1.95,0.019,cat1_0,cat2_3,cat3_12,no
1.408,0.695,0.763,-0.26,-1.437,-0.971,1.337,-1.563,cat1_0,cat2_4,cat3_3,no
1.325,-1.689,1.748,-0.707,-1.233,-0.597,-0.597,-1.953,cat1_3,cat2_2,cat3_14,si
0.334,-0.942,0.42,1.408,-1.55,-1.925,-0.037,1.561,cat1_3,cat2_1,cat3_8,no
-0.642,-0.568,0.849,0.204,1.342,0.758,-1.472,-0.629,cat1_2,cat2_5,cat3_10,no
1.92,1.694,-0.103,-1.431,-0.009,0.586,-0.015,0.072,cat1_3,cat2_2,cat3_1,si
,1.845,0.926,-0.393,-1.21,1.716,-1.785,1.782,cat1_2,cat2_4,cat3_3,no
-1.61,,1.152,-0.868,1.865,1.46,1.318,-1.878,cat1_3,cat2_1,cat3_10,no
-1.618,0.719,-1.848,0.207,1.338,0.306,1.682,-0.007,cat1_0,cat2_3,cat3_11,no
1.705,-0.218,1.14,-0.764,0.711,1.539,-0.08,-1.471,cat1_2,cat2_5,cat3_10,no
,-0.311,0.448,0.903,-0.552,-0.11,1.66,-0.888,cat1_3,cat2_1,cat3_7,no
1.016,0.647,0.891,-0.12,-1.794,-1.972,1.795,0.09,cat1_2,cat2_2,cat3_12,no
0.328,1.004,-1.935,1.638,-1.6,-0.03,-1.239,0.461,cat1_3,cat2_5,cat3_8,no
0.669,1.437,0.648,0.028,0.602,-1.882,-1.795,1.579,cat1_0,cat2_0,cat3_4,no
0.278,-0.44,-1.663,-0.041,1.444,0.725,1.646,-0.452,cat1_1,cat2_4,cat3_1,si
-1.963,-1.894,-1.735,1.126,1.724,1.565,0.009,0.122,cat1_1,cat2_0,cat3_8,no
-0.093,-0.227,-1.718,1.164,-0.546,-1.316,-0.823,-1.072,cat1_2,cat2_0,cat3_11,no
0.723,-1.666,-0.767,-0.281,1.456,0.182,-1.284,1.994,cat1_1,cat2_4,cat3_1,si
-0.443,-0.485,1.468,-1.632,1.698,-1.018,-1.646,1.136,cat1_1,cat2_4,cat3_1,no
-0.49,-0.069,0.296,0.634,0.051,1.385,-0.983,-1.244,cat1_0,cat2_5,cat3_7,no
0.748,1.408,-1.721,1.713,1.403,-0.481,0.673,-1.088,cat1_3,cat2_5,cat3_11,no
,-0.997,-1.238,-0.346,1.956,-0.728,-1.36,0.943,cat1_1,cat2_5,cat3_14,si
-0.505,-0.304,-1.284,-1.056,0.095,0.058,-0.265,-0.407,cat1_3,cat2_5,cat3_4,no
0.545,-0.679,-1.539,-1.143,-0.798,-1.341,-0.312,1.691,cat1_3,cat2_0,cat3_9,no
0.581,1.448,-1.305,-0.785,-0.089,-1.639,-1.492,-0.596,cat1_3,cat2_1,cat3_9,no
-1.083,0.36,1.62,-1.223,0.68,1.255,1.829,-1.01,cat1_3,cat2_0,cat3_6,no
-0.458,-1.433,1.88,-0.836,-1.055,1.779,-0.503,-1.342,cat1_3,cat2_3,cat3_12,no
-0.229,1.447,-1.799,0.317,-0.844,1.384,0.932,0.405,cat1_0,cat2_3,cat3_12,no
1.712,1.708,0.99,-0.768,1.575,1.293,-0.07,0.374,cat1_1,cat2_1,cat3_5,no
-0.361,-0.234,-1.212,-0.78,1.024,0.404,-1.946,-1.991,cat1_1,,cat3_10,no
-0.934,-1.704,1.066,1.267,0.515,-0.946,-0.619,-0.133,cat1_2,cat2_0,cat3_8,no
-0.982,-0.437,1.265,1.422,0.879,-0.775,0.708,0.299,cat1_0,cat2_3,cat3_3,no
0.749,-0.57,-0.307,0.027,1.178,1.507,0.482,0.077,cat1_3,cat2_4,cat3_12,si
,0.711,1.17,1.194,-0.843,1.689,-0.986,0.514,cat1_2,cat2_3,cat3_13,no
-1.942,0.7,1.207,-1.767,0.654,1.197,-1.132,-0.155,cat1_1,cat2_2,cat3_0,no
0.65,-1.138,-1.699,-0.656,-1.052,-1.391,-1.044,-1.188,cat1_1,cat2_3,cat3_13,si
1.502,1.041,1.45,1.084,-1.85,-0.797,-0.045,0.803,cat1_1,cat2_3,cat3_11,si
-0.079,0.506,0.647,-1.937,-1.09,0.634,1.72,1.654,cat1_3,cat2_5,cat3_9,no
-0.047,-1.937,-1.535,0.199,1.308,-1.545,0.529,-1.82,cat1_3,cat2_3,cat3_6,no
-0.043,0.8,1.607,0.372,-1.528,-0.808,0.588,0.725,cat1_0,cat2_4,cat3_7,no
1.982,1.109,0.967,-0.674,0.033,-0.645,0.352,-1.871,cat1_1,cat2_5,cat3_5,no
0.738,0.543,0.573,1.453,-1.607,-1.357,-1.62,0.898,cat1_1,,cat3_4,si
0.517,1.133,0.868,1.755,-1.786,-1.575,0.668,-1.27,cat1_0,cat2_1,cat3_5,si
-0.568,1.416,-0.415,1.646,-0.789,-1.948,0.791,-1.379,cat1_3,cat2_0,cat3_0,no
0.705,0.331,0.686,0.321,1.453,-0.172,0.392,0.454,cat1_3,cat2_1,cat3_9,si
-1.505,-0.629,-0.878,1.392,-1.433,-0.985,1.761,1.302,cat1_1,cat2_0,cat3_7,no
-0.821,-0.701,1.048,-1.885,-1.432,0.747,0.091,-0.981,cat1_0,cat2_1,cat3_1,no
-1.89,,0.584,-1.034,1.148,0.932,-0.626,-0.292,cat1_1,cat2_3,cat3_4,no
-1.917,-1.696,1.711,-1.416,0.748,-1.643,-0.237,1.975,cat1_2,cat2_2,cat3_11,no
1.894,-0.19,-0.225,-1.487,1.889,-1.868,0.515,1.848,cat1_0,cat2_3,cat3_6,si
0.811,0.592,0.861,0.933,1.223,1.013,-1.802,0.949,cat1_2,,cat3_10,no
1.072,-1.225,0.944,1.963,0.113,1.681,1.672,-0.33,cat1_2,cat2_3,cat3_12,si
-1.998,1.565,1.673,-1.034,-1.792,1.463,1.362,-0.449,cat1_2,cat2_3,cat3_11,no
-1.733,1.509,1.919,0.237,1.437,-0.828,-0.701,-1.659,cat1_0,cat2_3,cat3_0,no
1.72,1.853,-1.109,-0.243,0.85,1.092,-0.827,-0.147,cat1_1,cat2_1,cat3_0,si
-0.85,0.935,1.072,1.151,-0.897,0.121,-0.852,-1.429,cat1_2,cat2_5,cat3_7,no
1.438,-0.811,0.208,-1.399,0.44,-1.308,1.067,1.298,cat1_3,cat2_4,cat3_5,si
-1.254,1.104,0.475,1.051,1.513,-1.233,1.226,-0.337,cat1_3,cat2_3,cat3_8,no
0.639,-1.149,-1.342,-1.408,1.436,1.819,-0.017,-1.151,cat1_1,cat2_3,cat3_7,si
1.409,1.797,0.553,-0.724,1.881,-1.417,1.72,1.359,cat1_0,cat2_0,cat3_6,no
1.225,-1.113,-0.63,0.878,-0.159,0.636,1.14,-0.526,cat1_0,cat2_2,cat3_8,si
-0.469,-0.006,-0.152,1.654,1.568,1.625,0.91,0.186,cat1_2,cat2_5,cat3_0,no
0.95,0.908,-0.793,0.39,0.467,1.995,-0.578,-1.717,cat1_2,cat2_1,cat3_5,no
0.067,-0.104,0.152,1.551,0.857,1.625,-0.356,-1.515,cat1_1,cat2_0,cat3_3,no
-0.194,0.69,0.931,1.383,-1.568,-1.38,0.047,1.999,cat1_2,cat2_1,cat3_10,no
-1.586,,-0.149,0.848,1.641,-0.668,1.557,-0.661,cat1_2,cat2_4,cat3_1,no
-0.559,1.493,0.85,1.348,-0.093,-0.123,0.701,0.441,cat1_2,cat2_0,cat3_3,no
0.651,1.5,1.897,0.165,-0.516,0.252,1.116,1.598,cat1_0,cat2_5,cat3_6,si
-0.831,0.002,-1.67,-0.961,-0.783,-1.068,-1.725,-1.978,cat1_0,cat2_0,cat3_6,no
1.931,1.126,1.551,0.21,0.445,1.328,1.559,1.282,cat1_0,cat2_5,cat3_2,si
-1,-0.418,-0.927,1.784,-1.737,-0.825,-1.625,-0.554,cat1_1,cat2_5,cat3_13,no
-0.871,-0.238,0.048,1.762,-0.39,1.104,1.796,-1.048,cat1_1,cat2_2,cat3_5,no
-0.247,1.914,-1.715,1.852,1.204,1.249,-0.057,-0.273,cat1_1,cat2_1,cat3_10,no
0.894,1.576,1.607,-0.5,1.901,1.699,-0.509,0.995,cat1_1,cat2_5,cat3_3,si
,1.474,0.555,1.52,-0.066,0.431,-1.343,-1.965,cat1_0,cat2_2,cat3_13,no
1.249,-1.765,-0.796,0.112,1.938,0.658,-1.513,1.569,cat1_3,cat2_5,cat3_1,si
-1.62,0.803,0.642,-1.909,1.465,1.552,1.875,-0.628,cat1_0,cat2_0,cat3_2,no
-0.506,1.567,-1.586,1.573,-1.394,-0.16,-1.873,-0.463,cat1_0,cat2_4,cat3_2,no
-0.784,0.959,-0.457,0.764,-0.649,-0.123,0.898,0.862,cat1_3,cat2_3,cat3_2,no
-1.282,-1.822,0.157,0.255,-1.072,-0.163,-0.156,0.536,cat1_0,cat2_4,cat3_3,si
-1.927,,0.411,0.312,0.552,0.866,-1.073,1.691,cat1_1,,cat3_0,no
0.449,-0.115,1.039,0.552,-0.845,0.12,-0.851,-1.596,cat1_2,cat2_4,cat3_0,si
0.631,0.97,1.082,0.273,-1.617,1.083,-1.178,-1.402,cat1_3,cat2_5,cat3_0,no
-1.674,0.599,-1.699,0.41,-0.449,-0.222,-1.916,0.149,cat1_0,cat2_1,cat3_12,no
1.742,0.143,-0.657,1.638,0.037,-0.015,1.745,0.953,cat1_1,cat2_4,cat3_1,si
,,1.878,1.556,-1.813,0.414,1.941,0.748,cat1_0,cat2_4,cat3_9,si
-1.575,1.176,-1.561,-0.375,-1.239,-1.575,1.053,1.601,cat1_0,cat2_2,cat3_9,no
1.005,-1.394,-0.883,-0.628,-0.697,0.68,1.339,-1.972,cat1_0,cat2_3,cat3_0,si
1.53,-0.902,1.179,0.211,-0.869,-1.116,-0.227,-1.458,cat1_0,cat2_5,cat3_7,si
-1.711,0.205,-0.04,-1.48,-1.608,-0.926,0.687,0.456,cat1_2,cat2_2,cat3_3,no
,1.846,1.26,0.464,0.801,0.27,0.707,0.482,cat1_3,,cat3_5,no
0.965,1.508,-0.189,-1.474,1.157,0.499,0.867,-0.987,cat1_2,cat2_3,cat3_6,si
-1.248,0.118,1.92,1.535,-1.454,1.2,-1.192,0.004,cat1_2,cat2_4,cat3_12,no
-1.973,1.874,-1.336,1.19,-1.719,-0.91,-0.269,1.248,cat1_1,cat2_1,cat3_2,no
-0.998,,-1.05,-0.71,1.573,1.594,1.285,-0.067,cat1_1,cat2_5,cat3_11,no
-1.595,1.037,0.955,0.477,0.242,-0.45,-1.974,1.242,cat1_0,cat2_4,cat3_12,no
1.782,1.309,-1.602,0.755,0.875,0.567,0.268,-0.621,cat1_2,,cat3_1,no
-1.039,-0.369,1.548,1.865,0.75,1.183,1.279,1.074,cat1_2,cat2_0,cat3_1,no
-0.741,0.814,0.891,-1.299,0.528,1.155,-1.784,1.13,cat1_1,cat2_5,cat3_14,no
,0.805,0.557,-1.471,-0.167,1.006,-1.211,1.635,cat1_1,cat2_3,cat3_12,no
-1.935,,0.841,-0.637,-1.934,0.863,0.138,1.782,cat1_2,cat2_5,cat3_14,no
0.687,1.331,0.608,1.764,-0.959,1.552,-0.153,0.829,cat1_1,cat2_3,cat3_1,si
-1.064,-1.016,0.52,1.738,0.696,0.285,-0.322,-0.16,cat1_3,cat2_0,cat3_1,no
1.937,0.353,1.721,-0.343,-0.528,-1.275,0.01,1.145,cat1_3,cat2_5,cat3_0,no
1.702,,0.199,-0.5,0.528,1.948,-1.536,-1.048,cat1_2,cat2_2,cat3_11,no
1.855,-0.394,1.856,1.166,0.05,1.405,-1.192,1.735,cat1_0,cat2_1,cat3_1,si
-0.19,-0.454,-1.26,1.549,-0.229,1.048,-0.002,-1.526,cat1_1,cat2_3,cat3_1,si
-1.707,-0.257,-1.811,1.089,-0.04,-1.739,1.318,-0.231,cat1_3,cat2_1,cat3_2,no
-1.984,-1.637,1.521,-0.453,-1.395,1.102,-0.19,0.594,cat1_1,cat2_2,cat3_10,si
0.644,0.236,1.415,-1.319,-1.017,1.331,-0.436,1.669,cat1_0,cat2_5,cat3_10,si
0.203,-0.926,-1.573,0.387,0.436,-0.867,0.933,1.478,cat1_0,cat2_3,cat3_10,no
-1.247,-1.964,-1.403,-1.814,-1.612,-1.925,0.398,1.577,cat1_3,cat2_1,cat3_6,no
-1.919,0.918,0.798,-0.631,-0.746,1.084,0.396,-0.76,cat1_0,cat2_1,cat3_14,no
0.406,,-0.476,-0.727,-0.909,0.691,1.074,-1.873,cat1_2,cat2_4,cat3_10,si
-0.71,,0.476,0.385,0.329,-0.792,1.319,1.675,cat1_1,cat2_0,cat3_14,no
0.33,-0.044,0.068,-1.454,1.823,-1.676,-0.465,1.38,cat1_2,cat2_1,cat3_14,si
-1.486,1.872,-1.434,0.882,-1.956,0.699,1.384,0.842,cat1_2,cat2_2,cat3_13,no
-0.093,-1.054,-1.98,1.026,-1.377,-1.242,-1.835,1.333,cat1_1,cat2_5,cat3_14,no
-1.823,-0.956,-1,-1.317,1.243,1.501,1.721,1.914,cat1_2,cat2_0,cat3_11,no
-1.329,-1.924,-0.628,1.607,1.87,-0.956,-1.077,-0.905,cat1_3,,cat3_12,no
-1.37,1.562,0.419,0.525,-1.114,-1.705,-0.42,1.823,cat1_3,cat2_2,cat3_6,no
0.222,1.744,0.138,0.269,0.556,-0.698,1.63,0.26,cat1_0,cat2_2,cat3_12,no
0.748,-1.817,1.331,-1.933,-1.432,0.067,-1.01,1.177,cat1_3,cat2_3,cat3_7,si
-0.912,-1.938,0.493,-1.041,-1.807,-1.155,0.639,-0.912,cat1_1,cat2_4,cat3_14,no
0.66,0.852,-0.212,1.282,-1.593,-1.415,-0.925,0.051,cat1_1,cat2_1,cat3_10,no
1.008,-1.543,0.41,0.324,0.356,1.902,1.856,-1.925,cat1_3,cat2_1,cat3_1,no
0.461,0.948,-1.713,0.619,0.895,-1.853,1.562,0.848,cat1_0,cat2_0,cat3_4,no
-0.061,-0.249,0.378,-1.98,0.569,-0.067,-1.041,0.768,cat1_1,cat2_4,cat3_7,si
-0.783,1.232,-0.602,-1.424,0.39,1.937,1.981,-1.127,cat1_3,cat2_2,cat3_5,no
-0.373,0.56,1.201,1.86,1.987,0.187,1.728,-1.614,cat1_1,cat2_5,cat3_6,no
1.039,0.288,0.155,1.747,1.27,0.045,1.269,-1.917,cat1_1,,cat3_9,no
-1.485,,-1.921,-1.619,-1.994,1.999,-1.601,-1.63,cat1_1,cat2_5,cat3_12,no
0.233,0.396,0.061,-0.938,1.117,0.303,-0.766,-1.583,cat1_2,cat2_1,cat3_0,no
1.513,1.897,1.539,-0.911,0.942,0.38,-1.831,0.254,cat1_2,cat2_5,cat3_0,no
0.086,1.876,0.547,1.141,-0.955,-0.255,-1.338,-0.443,cat1_3,cat2_0,cat3_1,no
0.281,-0.91,1.91,1.438,-0.185,-0.171,-0.083,-0.949,cat1_1,cat2_1,cat3_10,si
-0.166,1.562,0.156,-0.885,-1.358,-1.62,1.845,0.077,cat1_2,cat2_3,cat3_12,no
-1.043,1.747,-1.308,1.495,1.885,-1.03,1.33,1.103,cat1_0,,cat3_1,no
0.825,-1.856,-1.181,1.964,-0.988,-0.25,0.188,1.995,cat1_2,cat2_0,cat3_7,no
1.624,-0.67,1.82,-1.842,0.27,-0.495,-0.542,0.997,cat1_0,cat2_2,cat3_1,no
0.66,0.922,-1.314,0.926,1.849,1.351,1.165,1.888,cat1_0,cat2_3,cat3_0,no
1.904,1.954,-1.4,1.131,-0.09,-1.196,-1.733,-0.329,cat1_2,cat2_4,cat3_6,no
-1.422,-0.46,0.254,0.563,1.767,-1.681,1.839,-0.437,cat1_1,cat2_2,cat3_0,no
0.811,0.884,-1.914,-0.311,0.857,1.403,-0.497,1.273,cat1_1,cat2_5,cat3_3,si
1.144,-1.766,0.617,1.924,-1.977,-0.978,0.904,-0.801,cat1_0,cat2_5,cat3_1,si
,1.906,-1.607,0.268,-1.758,-0.639,1.399,1.264,cat1_0,cat2_3,cat3_13,no
0.35,1.422,-0.46,-0.937,-1.589,-1.733,1.901,0.503,cat1_1,cat2_5,cat3_6,no
0.894,1.292,-1.458,-0.454,0.317,0.837,-0.584,1.517,cat1_2,cat2_1,cat3_1,no
0.031,0.02,1.323,-0.531,1.929,-0.915,-0.275,-1.789,cat1_0,cat2_0,cat3_11,no
-1.051,0.46,1.512,-0.327,1.913,-1.793,1.047,-0.337,cat1_0,cat2_3,cat3_1,no
-0.262,0.723,-1.508,-1.2,0.497,-0.856,-0.76,-1.472,cat1_3,cat2_2,cat3_14,si
0.09,0.916,-0.35,-0.83,0.969,-0.281,-1.033,0.005,cat1_3,cat2_4,cat3_4,no
-0.397,-0.445,-1.311,0.392,0.021,0.16,0.136,-0.481,cat1_3,cat2_2,cat3_7,si
-0.547,-1.753,0.047,0.802,-0.423,0.645,-0.851,-0.248,cat1_2,cat2_5,cat3_11,si
1.775,-1.776,1.055,-0.726,-1.234,0.282,0.149,-1.816,cat1_2,cat2_5,cat3_9,no
-0.23,0.181,1.907,-1.267,-1.305,-0.917,1.219,1.568,cat1_0,cat2_5,cat3_8,no
-1.332,0.694,-0.62,0.709,1.627,1.071,-0.308,0.065,cat1_3,,cat3_2,no
-0.337,0.126,-0.081,1.312,0.869,0.618,0.995,-1.916,cat1_0,cat2_5,cat3_5,no
1.436,1.923,-1.931,1.315,1.946,0.112,0.91,1.265,cat1_1,cat2_3,cat3_6,si
1.991,0.335,-0.402,-0.415,-1.25,0.082,-0.187,0.5,cat1_3,cat2_5,cat3_10,si
0.939,0.314,0.149,-0.443,-1.205,-0.686,-1.145,1.692,cat1_2,cat2_4,cat3_14,si
0.32,-1.654,-0.271,-1.253,-0.397,1.057,1.24,-0.17,cat1_2,cat2_0,cat3_5,si
0.224,-0.439,0.347,-0.466,-0.93,-0.431,1.646,1.721,cat1_0,cat2_1,cat3_6,no
0.103,-0.683,1.74,-0.473,-1.715,-1.351,1.63,1.963,cat1_0,cat2_2,cat3_11,no
-1.822,1.733,-0.706,1.599,1.47,-1.712,-1.05,-1.445,cat1_2,cat2_1,cat3_5,no
-1.006,1.354,-0.641,0.242,-1.182,1.468,0.417,-1.069,cat1_1,cat2_3,cat3_11,no
-1.501,0.267,1.723,0.927,-0.713,-0.813,0.278,-1.192,cat1_0,cat2_1,cat3_1,no
-1.188,1.441,1.01,1.131,1.782,-0.52,-1.881,0.781,cat1_0,cat2_0,cat3_14,no
0.245,1.073,0.635,-0.849,-0.47,1.342,0.859,1.873,cat1_3,cat2_2,cat3_8,no
0.034,-0.749,0.212,1.453,-0.677,0.872,1.966,0.6,cat1_3,cat2_2,cat3_0,no
1.995,-1.863,1.16,-1.388,-0.75,-0.377,0.158,-1.588,cat1_3,cat2_1,cat3_4,si
0.887,-0.733,-0.555,0.274,-0.94,-1.014,0.045,0.927,cat1_1,cat2_5,cat3_10,si
0.908,-1.904,-0.429,1.478,-0.838,-0.285,-1.808,-0.955,cat1_2,cat2_1,cat3_3,no
0.53,-1.553,0.138,-1.817,1.774,-1.66,-1.812,0.724,cat1_0,cat2_0,cat3_14,no
-0.298,1.417,-1.009,-1.669,1.666,0.78,0.546,-1.773,cat1_0,cat2_1,cat3_13,no
1.903,1.427,-1.509,1.007,-1.195,0.217,-1.171,-1.43,cat1_2,cat2_5,cat3_14,no
1.374,-1.648,0.825,-1.466,0.182,-1.983,-0.786,0.557,cat1_0,cat2_5,cat3_4,si
-0.712,0.27,1.053,-1.539,-0.524,-0.197,0.094,1.864,cat1_3,cat2_0,cat3_13,no
-1.024,-1.803,-1.724,0.571,-1.304,1.339,-0.429,-1.126,cat1_1,cat2_5,cat3_13,no
1.162,1.974,-0.313,1.208,0.332,1.306,0.722,0.496,cat1_1,cat2_5,cat3_8,no
-0.489,-1.75,-0.215,-0.603,-1.048,-0.434,1.197,0.123,cat1_3,cat2_0,cat3_14,si
-1.052,1.135,0.671,0.61,0.108,0.322,0.482,-0.835,cat1_2,cat2_1,cat3_1,no
0.727,1.771,-0.939,-1.22,-0.631,-0.88,1.609,-1.303,cat1_3,cat2_1,cat3_8,si
-0.539,-1.97,1.104,0.146,-1.624,-1.334,-1.865,0.198,cat1_0,cat2_4,cat3_1,si
1.21,-1.077,-0.142,1.636,-0.283,1.128,0.012,-0.639,cat1_0,cat2_1,cat3_5,si
1.669,-0.659,0.999,-0.136,0.609,-0.37,-0.815,-0.257,cat1_3,cat2_0,cat3_9,si
-1.85,0.228,0.15,0.544,-0.028,1.345,0.024,-0.484,cat1_2,cat2_4,cat3_12,no
-0.712,-0.946,1.71,-0.556,-1.606,-0.982,0.635,-1.126,cat1_2,cat2_5,cat3_7,no
-0.294,1.263,1.473,1.783,1.693,-0.439,1.882,-1.72,cat1_1,cat2_2,cat3_11,no
0.132,1.519,0.422,0.64,1.543,-1.912,0.671,0.738,cat1_2,cat2_0,cat3_1,no
1.43,0.414,-0.067,-1.981,0.489,0.396,-0.515,1.722,cat1_1,cat2_0,cat3_14,si
-0.587,1.673,-0.366,0.57,1.822,-1.65,1.521,-1.293,cat1_1,cat2_2,cat3_0,no
-0.774,-0.077,0.215,-1.144,-1.349,-1.308,0.924,1.238,cat1_2,cat2_3,cat3_5,no
1.197,0.242,0.162,0.411,-0.173,-1.165,1.485,1.556,cat1_1,cat2_5,cat3_14,no
-1.303,-1.53,-1,-0.574,-1.251,1.758,-1.43,-0.463,cat1_2,,cat3_8,no
0.542,1.204,-1.742,-1.985,1.779,1.642,1.537,-1.702,cat1_1,cat2_4,cat3_13,si
-0.195,-1.631,-0.069,1.883,-1.371,0.103,-0.468,-1.199,cat1_2,cat2_0,cat3_7,no
0.044,-0.803,1.19,1.855,1.743,-1.527,-1.732,-0.889,cat1_1,cat2_0,cat3_0,si
0.099,0.156,0.477,1.513,1.165,1.611,1.712,-1.413,cat1_0,cat2_0,cat3_4,no
1.571,-1.197,-1.706,-0.28,0.576,0.159,-1.389,-0.351,cat1_2,,cat3_2,si
0.082,-1.912,1.003,0.391,0.793,-1.607,0.642,0.965,cat1_0,cat2_1,cat3_11,si
1.753,0.945,0.738,-0.026,1.02,1.931,0.977,-0.086,cat1_0,cat2_5,cat3_3,no
0.309,-1.802,-1.088,0.316,-1.539,-1.846,-0.206,-0.216,cat1_0,,cat3_1,si
0.288,-0.174,1.233,-1.627,1.578,-1.895,1.972,0.095,cat1_3,cat2_3,cat3_10,no
,0.591,-1.357,0.764,-0.241,-0.743,0.734,-1.08,cat1_0,cat2_3,cat3_7,no
0.934,-0.311,1.26,-0.206,1.437,-0.634,0.063,-1.435,cat1_1,cat2_5,cat3_1,no
1.824,1.245,1.223,0.194,1.218,-0.64,1.38,-0.527,cat1_1,cat2_0,cat3_14,si
-1.877,-1.076,0.471,-0.149,-1.787,1.655,0.959,-0.606,cat1_3,cat2_3,cat3_10,no
1.089,1.076,-1.1,-1.123,0.527,-1.242,1.175,-1.976,cat1_0,cat2_4,cat3_8,no
-1.49,-1.115,0.833,-0.239,-1.135,-0.014,-0.711,-1.791,cat1_1,cat2_1,cat3_2,no
-1.578,0.71,-1.362,0.014,1.455,-1.443,0.086,1.84,cat1_3,cat2_5,cat3_1,no
0.767,-0.112,1.113,1.773,-0.782,-0.721,-1.989,1.855,cat1_3,cat2_5,cat3_13,si
0.157,-1.512,0.122,-1.686,-0.88,1.344,1.675,1.502,cat1_1,,cat3_8,si
0.565,1.905,-1.247,-1.354,1.15,-1.032,-0.012,1.84,cat1_2,cat2_5,cat3_7,no
1.694,0.414,1.242,0.701,0.25,1.414,-1.268,-0.562,cat1_2,cat2_3,cat3_2,si
1.677,1.81,-0.509,0.241,-0.826,1.876,-0.53,0.926,cat1_2,cat2_5,cat3_9,no
-1.958,1.971,1.869,0.556,1.462,-1.562,-0.507,0.632,cat1_1,,cat3_1,no
-1.681,-0.814,0.339,-1.518,1.203,-1.441,-0.709,-0.82,cat1_2,cat2_4,cat3_2,no
1.835,-0.386,1.659,-0.403,1.972,-0.716,1.149,1.338,cat1_3,cat2_0,cat3_1,no
1.204,1.474,-0.702,0.31,-1.365,-1.864,1.132,0.065,cat1_1,cat2_1,cat3_11,no
-0.395,1.417,1.718,0.399,0.355,-1.372,-1.454,0.204,cat1_2,cat2_1,cat3_12,no
-0.29,1.744,1.648,0.099,-1.688,0.353,-1.772,1.927,cat1_2,cat2_2,cat3_6,no
,-0.658,1.619,-0.308,1.167,1.318,-1.149,0.875,cat1_1,cat2_4,cat3_1,no
-0.954,0.196,-1.677,-1.342,0.229,0.936,-0.673,1.1,cat1_3,cat2_2,cat3_5,no
-0.46,1.373,0.423,-0.49,-1.525,-0.442,1.621,1.799,cat1_2,cat2_3,cat3_9,no
,-1.988,0.06,-1.518,1.472,0.962,-0.946,-0.702,cat1_1,cat2_3,cat3_13,no
1.752,-0.511,1.677,-0.652,-1.537,-0.356,0.574,0.94,cat1_1,cat2_0,cat3_10,si
-0.129,0.783,-0.037,0.408,1.845,0.991,-0.813,-0.801,cat1_2,cat2_4,cat3_1,no
1.291,-0.774,0.758,-1.056,1.435,0.524,1.708,-1.682,cat1_1,cat2_0,cat3_10,si
-0.984,0.807,1.899,1.346,0.201,1.246,0.515,0.15,cat1_0,cat2_0,cat3_6,no
,1.29,-1.872,-0.349,1.905,-1.159,0.214,-1.059,cat1_0,cat2_1,cat3_12,si
1.97,1.266,1.977,0.627,1.363,-1.57,1.638,-0.683,cat1_1,cat2_4,cat3_7,si
-1.294,1.163,-0.033,-1.583,1.573,-1.433,0.576,0.254,cat1_2,cat2_1,cat3_7,no
-0.674,1.741,-1.118,0.597,-1.033,-1.65,1.298,0.045,cat1_1,cat2_3,cat3_0,no
-0.503,1.943,0.206,1.941,0.666,0.157,-0.336,-1.905,cat1_1,cat2_2,cat3_0,no
1.274,-0.381,-1.683,-0.677,-1.019,1.177,-1.938,-1.263,cat1_0,cat2_0,cat3_4,si
1.398,0.399,0.012,-0.408,-1.059,-0.858,-1.085,0.226,cat1_3,cat2_1,cat3_4,no
-0.711,1.985,0.263,1.624,-0.479,1.801,0.509,-1.118,cat1_1,cat2_3,cat3_6,no
0.463,-1.536,-1.234,-1.23,1.33,1.236,1.706,-0.867,cat1_1,cat2_1,cat3_13,si
1.427,1.804,0.64,0.612,0.275,-0.1,0.814,-1.928,cat1_0,cat2_1,cat3_1,no
0.131,1.886,-0.34,1.723,0.69,1.373,1.918,-0.085,cat1_2,cat2_4,cat3_9,no
,-1.226,0.736,1.659,1.16,0.17,-0.967,-1.144,cat1_2,cat2_2,cat3_14,si
-1.659,0.411,-1.653,-0.967,1.234,-0.809,-1.868,-1.53,cat1_3,cat2_0,cat3_6,no
-1.86,-1.805,-0.62,1.828,-0.371,0.781,-1.703,0.939,cat1_3,cat2_2,cat3_0,no
-0.804,0.996,0.124,1.666,-0.01,1.731,0.492,-0.476,cat1_0,cat2_2,cat3_8,no
1.663,-1.783,0.639,-1.722,0.4,-1.182,-1.639,1.601,cat1_2,cat2_5,cat3_11,no
-0.189,0.951,0.472,-1.343,1.305,-0.558,1.843,1.517,cat1_3,cat2_3,cat3_3,no
-1.263,-0.563,-0.553,1.515,-1.507,1.565,-0.678,0.883,cat1_3,cat2_1,cat3_1,no
1.202,-0.882,-1.286,1.557,-0.651,-1.47,1.984,-1.071,cat1_3,cat2_4,cat3_10,no
-0.756,0.357,-1.322,1.504,-0.749,-1.039,-0.85,0.432,cat1_2,cat2_3,cat3_13,si
-0.758,1.348,1.294,0.662,-0.098,-1.826,0.477,0.076,cat1_0,cat2_5,cat3_9,no
0.853,-1.907,-1.246,-1.826,0.591,-1.495,1.225,0.745,cat1_3,cat2_5,cat3_8,no
-0.237,-1.12,0.132,-1.525,-1.08,1.223,0.506,1.809,cat1_1,cat2_4,cat3_1,si
0.296,,-0.233,-0.807,-0.831,-0.435,0.456,1.21,cat1_1,cat2_2,cat3_5,si
-1.197,0.215,1.75,1.467,0.382,-0.543,1.65,-1.416,cat1_1,cat2_5,cat3_4,no
-1.063,-1.374,0.084,-1.823,-1.43,0.175,-0.119,-0.751,cat1_1,cat2_5,cat3_9,si
-1.617,1.751,-0.919,0.581,1.478,0.166,-0.462,0.774,cat1_2,cat2_3,cat3_2,no
-0.891,0.106,-0.562,-0.488,1.742,1.012,0.117,0.397,cat1_1,cat2_3,cat3_12,no
-0.848,1.929,0.981,-0.034,0.226,-0.382,1.464,1.273,cat1_1,cat2_3,cat3_3,no
-0.62,-0.244,0.21,-0.031,0.122,-1.212,-0.746,-1.421,cat1_2,cat2_3,cat3_12,no
0.661,0.426,-0.739,-1.688,0.888,-0.985,-1.585,-0.361,cat1_2,cat2_2,cat3_5,no
1.927,-0.34,-1.754,1.868,1.222,0.919,-1.83,0.673,cat1_2,cat2_0,cat3_12,si
-0.906,-1.145,0.318,1.6,1.593,1.546,0.814,-0.804,cat1_2,,cat3_14,no
1.528,-1.353,-1.829,1.846,0.178,-0.703,0.47,-1.156,cat1_1,cat2_1,cat3_11,si
1.277,-1.004,0.146,1.506,1.28,0.255,0.82,-1.838,cat1_3,cat2_4,cat3_10,si
-1.356,-0.653,1.838,-1.405,0.33,-1.891,0.587,-0.219,cat1_2,cat2_1,cat3_0,no
0.478,1.215,1.195,1.003,0.544,-1.498,-1.185,-0.015,cat1_2,cat2_1,cat3_4,no
-0.528,-0.843,1.291,-1.436,-0.252,-1.257,-0.537,1.8,cat1_2,cat2_5,cat3_6,no
0.604,,1.266,0.952,-0.979,-0.057,-1.072,-1.793,cat1_2,cat2_3,cat3_3,no
-0.1,-0.695,0.891,-1.352,-1.378,1.98,-1.308,-1.465,cat1_1,cat2_0,cat3_0,no
,-0.761,0.968,1.816,1.995,-1.713,1.94,0.78,cat1_3,cat2_1,cat3_14,no
-1.522,-1.487,1.985,1.053,-1.522,-1.07,-0.003,1.059,cat1_3,cat2_1,cat3_8,si
-1.963,-1.742,1.67,-1.241,-1.97,-1.547,-1.487,-0.45,cat1_1,cat2_2,cat3_3,no
,0.26,-0.437,-0.847,-0.966,-0.376,0.374,-0.969,cat1_0,cat2_5,cat3_14,si
1.437,0.986,-1.432,1.938,-0.135,1.759,-0.083,0.723,cat1_0,cat2_2,cat3_2,si
-1.832,1.768,-0.779,0.488,-1.574,-1.488,-0.993,0.195,cat1_3,cat2_1,cat3_5,no
-0.882,-0.058,-0.011,0.634,1.756,-1.068,-0.574,0.046,cat1_3,cat2_3,cat3_7,no
-1.355,0.074,1.632,-1.014,0.827,1.447,1.962,1.558,cat1_1,cat2_5,cat3_3,no
1.358,-0.574,-1.28,0.581,-1.304,0.282,-0.254,-1.844,cat1_3,cat2_4,cat3_12,si
1.728,1.027,-0.225,-0.806,1.413,1.218,0.911,0.273,cat1_3,cat2_3,cat3_10,si
1.758,0.897,-0.634,0.488,0.156,-1.488,-1.11,0.552,cat1_0,cat2_5,cat3_13,si
-0.013,1.927,-0.294,1.934,-0.072,-1.405,-0.189,0.764,cat1_0,cat2_2,cat3_14,no
-0.695,1.736,-1.109,-1.222,-1.497,-1.057,0.024,0.781,cat1_2,cat2_2,cat3_8,no
1.914,0.789,-0.76,-1.755,-0.986,-1.587,0.764,1.628,cat1_1,cat2_4,cat3_1,si
0.516,-1.381,-0.891,1.902,1.23,1.229,1.767,-0.695,cat1_3,cat2_4,cat3_12,no
-0.997,0.801,-1.359,-0.228,0.713,0.046,-0.769,-1.118,cat1_1,cat2_5,cat3_8,no
-1.777,1.8,0.842,-1.558,0.371,0.681,-0.803,0.832,cat1_3,cat2_0,cat3_0,no
-0.519,1.577,0.579,-1.034,-0.844,-0.553,0.415,-0.809,cat1_3,cat2_2,cat3_3,no
1.457,-0.676,1.63,0.408,-1.508,-0.597,-1.436,-0.013,cat1_1,cat2_2,cat3_11,si
0.245,-0.633,-1.394,-1.371,-0.396,-0.828,1.469,0.367,cat1_2,cat2_0,cat3_9,si
1.58,0.599,-1.925,1.052,-1.835,-1.159,0.693,-0.37,cat1_1,,cat3_8,si
-1.646,-1.024,-0.552,0.729,0.447,0.212,0.388,1.6,cat1_3,cat2_1,cat3_12,no
-0.503,-0.211,1.039,1.415,-1.941,1.305,-1.617,-0.124,cat1_2,cat2_3,cat3_13,si
0.527,-1.107,-0.164,-1.991,0.678,-1.668,0.718,-1.393,cat1_2,cat2_1,cat3_0,si
-0.551,-0.655,-0.54,-0.005,-1.06,1.406,1.334,0.986,cat1_0,cat2_2,cat3_11,si
1.173,0.631,-1.228,1.492,1.987,0.31,-0.04,0.501,cat1_0,cat2_1,cat3_10,no
-0.087,0.44,0.521,-0.066,-0.475,-1.742,1.766,0.746,cat1_0,cat2_2,cat3_6,no
1.166,1.669,1.02,0.242,-0.042,0.567,-0.275,-0.565,cat1_2,cat2_4,cat3_14,no
-1.615,-0.751,-1.105,-1.898,-1.774,-0.217,0.053,0.074,cat1_1,,cat3_13,no
-0.195,-1.306,-0.583,-1.194,1.742,0.472,1.537,-0.331,cat1_2,cat2_3,cat3_10,si
-0.688,-0.365,-0.101,0.302,-1.134,0.447,-0.253,1.51,cat1_2,cat2_5,cat3_6,no
0.398,-1.487,-0.664,-1.531,1.642,1.61,-0.319,-0.649,cat1_3,cat2_3,cat3_12,si
1.578,1.238,-1.043,-0.005,-0.743,-0.276,-1.036,0.883,cat1_2,cat2_4,cat3_0,si
1.072,0.987,-1.081,-1.344,0.112,0.427,-1.78,-1.326,cat1_1,cat2_3,cat3_4,si
-0.103,1.021,-1.201,-0.555,-1.426,-0.1,1.989,0.194,cat1_0,cat2_5,cat3_14,no
-0.875,0.446,-0.496,0.89,1.139,-1.465,-0.985,-0.514,cat1_0,cat2_2,cat3_12,no
0.694,0.072,1.764,1.833,1.33,-1.501,-0.816,-1.48,cat1_2,cat2_0,cat3_3,si
0.095,-1.264,0.639,-1.635,1.953,-0.157,-0.504,1.323,cat1_3,cat2_3,cat3_12,si
0.891,1.888,-0.219,0.32,-1.768,0.844,0.614,1.015,cat1_1,cat2_3,cat3_14,no
1.83,,1.725,-0.205,-0.124,-0.298,0.653,-1.797,cat1_2,cat2_1,cat3_11,si
1.061,1.854,0.167,-1.925,-0.23,0.318,1.898,-0.582,cat1_2,cat2_4,cat3_10,si
-0.462,-1.328,1.976,1.439,-0.351,-1.897,-0.162,-1.006,cat1_1,cat2_1,cat3_6,si
-0.097,1.595,-0.022,-1.507,-1.349,-0.908,0.749,-1.945,cat1_0,cat2_5,cat3_11,no
0.372,-1.23,-0.344,0.819,1.065,-1.87,-1.172,0.889,cat1_0,cat2_3,cat3_8,si
-1.451,-0.039,1.467,-1.432,0.063,1.18,-1.336,-1.608,cat1_3,cat2_5,cat3_4,no
1.078,-1.848,-1.794,-1.255,-0.124,1.147,-1.533,1.141,cat1_0,cat2_3,cat3_12,no
1.132,0.649,-0.803,1.791,-0.712,0.518,-0.299,-0.188,cat1_0,cat2_0,cat3_1,no
-1.056,-0.078,-0.521,-1.29,0.431,-0.087,1.686,-0.014,cat1_1,cat2_1,cat3_14,si
-0.615,1.676,1.233,-0.213,-0.972,0.559,-0.334,1.108,cat1_0,cat2_2,cat3_7,no
-0.423,1.133,1.718,0.643,0.684,-1.714,-1.828,-1.081,cat1_3,cat2_3,cat3_5,no
-1.221,0.166,-1.943,0.124,1.618,-0.682,-1.379,1.258,cat1_2,cat2_0,cat3_11,no
-1.138,0.532,1.248,0.373,0.505,1.089,-1.608,1.622,cat1_3,cat2_5,cat3_13,no
0.742,-1.71,1.45,-0.046,-0.93,0.237,-1.703,-0.587,cat1_0,cat2_2,cat3_8,no
-0.687,-1.757,-0.295,1.419,1.529,1.202,1.264,1.587,cat1_2,cat2_1,cat3_9,no
-1.686,-1.901,-1.794,0.639,-0.642,-0.402,0.063,1.717,cat1_2,cat2_0,cat3_13,no
1.433,-1.441,-2,-0.587,-0.634,1.92,-0.607,-1.387,cat1_1,cat2_5,cat3_3,si
-0.964,1.26,1.859,1.576,-0.893,-0.505,-0.769,0.618,cat1_2,cat2_4,cat3_2,no
-1.396,,-0.038,-1.244,-0.529,-0.948,1.367,-0.301,cat1_3,cat2_3,cat3_4,no
1.067,0.769,0.243,1.49,-0.59,-0.1,-0.898,0.636,cat1_0,cat2_5,cat3_3,no
,1.725,-1.391,0.242,-0.347,0.049,0.519,1.195,cat1_0,cat2_5,cat3_12,no
-1.831,0.783,-1.073,-1.586,-1.863,-0.596,-1.393,-0.108,cat1_0,cat2_0,cat3_0,no
0.527,,0.282,0.541,-1.476,-0.897,-0.659,0.585,cat1_3,cat2_5,cat3_1,no
-0.663,-1.867,-0.801,-0.028,-1.158,-1.036,-0.757,0.34,cat1_3,cat2_4,cat3_8,si
-1.116,-0.039,1.311,0.648,1.613,-1.09,-1.574,0.035,cat1_3,cat2_5,cat3_1,no
0.15,-1.283,-1.407,-0.413,0.391,1.305,-0.851,1.887,cat1_2,cat2_0,cat3_3,no
-1.719,-0.782,-1.452,0.726,-1.51,0.394,1.643,0.81,cat1_0,cat2_2,cat3_4,no
1.261,1.693,-1.304,0.793,-0.69,-0.681,1.077,-0.575,cat1_1,cat2_2,cat3_2,si
1.809,1.243,-1.92,0.689,1.639,1.463,-1.679,-0.574,cat1_3,cat2_0,cat3_6,no
0.721,0.845,-0.728,-1.749,1.008,0.399,-0.901,-1.71,cat1_2,cat2_2,cat3_11,si
-0.648,-0.299,-1.471,1.024,0.219,-0.275,1.298,0.22,cat1_2,,cat3_4,no
0.443,1.85,-0.775,1.405,-0.637,0.511,0.175,-1.678,cat1_2,,cat3_0,no
-1.677,,0.089,0.166,-0.031,-0.066,-0.869,-0.24,cat1_1,cat2_0,cat3_6,no
-1.134,-1.153,0.521,-0.464,-1.837,0.841,1.123,1.559,cat1_3,,cat3_7,no
0.904,0.596,-0.628,1.145,0.082,-0.546,1.555,1.553,cat1_3,cat2_1,cat3_2,no
-1.831,0.305,0.543,-1.006,1.21,0.437,-0.604,-1.185,cat1_3,cat2_1,cat3_14,no
1.507,-0.909,0.33,-0.622,1.827,-0.659,0.255,1.37,cat1_1,cat2_3,cat3_9,no
-0.592,-0.41,1.325,-0.448,-1.043,-1.537,-0.242,1.16,cat1_0,cat2_5,cat3_8,no
0.598,0.986,1.103,0.751,-0.491,-0.201,-0.291,-1.462,cat1_1,cat2_1,cat3_10,si
1.633,0.453,-1.025,-1.447,0.113,0.717,-1.772,-0.114,cat1_1,cat2_0,cat3_12,si
0.531,1.825,1.766,-1.869,1.484,1.715,1.408,0.161,cat1_2,cat2_4,cat3_14,si
-0.111,-0.589,1.77,-0.409,-0.823,-1.465,-0.391,-1.204,cat1_0,cat2_0,cat3_7,no
-0.428,1.074,-1.191,-0.966,0.653,-0.891,-1.939,-0.089,cat1_2,cat2_1,cat3_6,no
-1.317,-1.146,-0.629,0.969,-1.478,1.908,0.277,0.724,cat1_0,cat2_0,cat3_8,no
-0.59,1.344,1.63,-1.613,0.886,-1.526,1.272,-1.809,cat1_1,cat2_1,cat3_5,no
-0.018,1.59,1.658,-1.894,0.63,1.92,0.292,-0.408,cat1_3,cat2_4,cat3_12,no
0.239,1.743,0.894,-0.799,0.365,1.153,-0.091,1.682,cat1_0,cat2_2,cat3_12,no
1.867,-1.173,-1.343,-0.381,0.962,-0.777,-0.398,-1.682,cat1_0,cat2_2,cat3_14,si
1.876,-1.402,-0.932,0.595,-0.713,1.056,-1.022,0.396,cat1_2,cat2_2,cat3_7,no
-1.322,1.508,-1.996,-1.655,-0.685,-1.375,-1.51,-0.269,cat1_1,cat2_5,cat3_4,no
0.922,0.408,0.761,0.12,-0.075,-0.718,-1.091,0.717,cat1_3,cat2_2,cat3_14,si
0.666,-1.629,0.508,-0.844,1.922,-0.103,-1.215,-0.295,cat1_1,cat2_5,cat3_3,si
1.276,0.917,-0.266,1.524,-0.199,-0.717,0.611,-0.624,cat1_2,cat2_3,cat3_11,no
-1.843,-1.84,-1.253,1.085,-0.305,0.321,0.357,0.994,cat1_1,cat2_1,cat3_5,no
-0.404,-1.271,-1.763,1.357,1.451,0.563,-1.209,1.774,cat1_3,cat2_1,cat3_3,si
-1.168,-0.133,-1.566,-0.949,1.571,-0.655,0.758,-0.411,cat1_0,cat2_5,cat3_3,no
1.876,-1.705,0.239,0.313,1.945,-0.674,1.745,0.381,cat1_1,cat2_5,cat3_1,si
1.315,-1.593,1.436,0.049,-0.846,1.053,0.23,-0.492,cat1_1,cat2_5,cat3_9,si
0.268,-0.314,-0.191,-0.677,0.619,-1.729,-0.51,0.362,cat1_3,cat2_0,cat3_10,no
0.066,0.4,-1.193,-0.26,0.053,-1.969,1.215,1.442,cat1_0,cat2_0,cat3_1,no
-1.84,1.121,1.121,-0.305,-1.728,1.165,-1.289,1.64,cat1_0,cat2_4,cat3_0,no
0.81,-1.565,-0.629,0.701,1.814,-0.485,-0.228,0.006,cat1_3,cat2_0,cat3_4,si
0.24,1.541,-1.204,0.584,0.275,1.396,-1.586,-1.689,cat1_1,cat2_0,cat3_0,no
-0.167,-1.251,0.708,-0.844,1.379,-0.712,-0.8,-0.751,cat1_1,cat2_4,cat3_13,no
-1.353,-1.725,-0.333,-0.617,-0.69,-1.718,-0.178,-0.409,cat1_1,cat2_5,cat3_1,no
-1.618,0.552,-0.004,-0.016,0.754,-1.448,0.713,1.408,cat1_1,cat2_2,cat3_1,no
-1.727,-1.499,-1.89,0.974,1.336,-0.194,1.361,-1.86,cat1_2,cat2_4,cat3_6,no
-1.682,-1.361,-1.956,0.466,-1.406,0.719,0.784,1.494,cat1_3,cat2_4,cat3_6,no
0.375,0.413,-1.452,0.341,-1.286,1.86,-0.385,1.128,cat1_1,,cat3_8,si
0.108,,-1.57,1.429,0.726,-0.483,0.672,-1.62,cat1_2,cat2_2,cat3_9,no
-0.811,0.266,1.567,-0.156,1.507,-0.885,1.744,-0.534,cat1_3,cat2_3,cat3_3,no
1.838,1.762,0.548,-1.228,1.148,0.311,0.223,-0.215,cat1_1,cat2_4,cat3_2,si
0.04,1.357,1.038,0.308,-0.712,1.758,-0.089,0.978,cat1_1,cat2_4,cat3_2,si
-1.934,1.885,0.301,-0.766,1.897,-0.438,0.638,0.75,cat1_0,cat2_3,cat3_0,no
-1.753,-0.824,1.832,-0.719,1.874,-0.152,1.083,1.826,cat1_1,cat2_4,cat3_14,no
0.325,0.385,1.089,0.167,-0.015,-0.974,-0.708,-1.958,cat1_0,cat2_1,cat3_6,no
0.157,1.014,0.778,1.043,1.736,1.458,1.099,-1.245,cat1_1,cat2_0,cat3_2,si
0.181,,0.061,-1.468,0.842,-1.654,1.491,-0.414,cat1_1,cat2_4,cat3_6,no
1.222,1.355,-0.549,-0.458,0.225,-1.903,1.194,-0.448,cat1_2,cat2_3,cat3_12,no
0.668,1.273,-0.247,1.071,-1.298,0.588,1.992,1.961,cat1_2,cat2_5,cat3_5,no
-1.801,-1.711,-0.441,1.918,-0.407,1.867,0.439,0.726,cat1_1,cat2_3,cat3_9,no
-1.371,0.664,-1.162,-1.261,-0.504,-1.03,-0.499,0.953,cat1_3,cat2_1,cat3_12,no
1.654,1.146,-1.98,-1.263,1.285,-1.226,1.247,-1.027,cat1_2,cat2_0,cat3_2,si
1.341,-1.564,-0.558,0.238,-0.324,0.996,1.311,-0.332,cat1_1,cat2_3,cat3_5,si
-0.1,1.378,1.643,-0.099,-1.659,1.707,-0.228,-1.204,cat1_0,cat2_2,cat3_5,no
-1.425,0.946,0.659,0.227,0.448,1.4,0.919,-1.48,cat1_3,cat2_2,cat3_2,no
-1.734,-0.391,0.085,-1.287,-1.698,-1.935,-1.012,1.747,cat1_3,cat2_3,cat3_7,no
-1.23,0.901,-0.072,-0.539,-1.826,-1.74,-1.667,-1.286,cat1_3,cat2_4,cat3_6,si
0.891,0.705,-0.245,-1.12,-0.899,1.361,-1.242,0.225,cat1_0,cat2_2,cat3_10,no
0.8,-0.897,-0.815,1.446,1.622,-1.176,0.125,1.39,cat1_1,cat2_5,cat3_3,si
-0.462,0.83,-0.06,0.885,-1.437,1.436,1.7,-0.286,cat1_1,cat2_3,cat3_3,no
-0.88,-0.202,0.062,1.626,1.605,1.69,0.074,1.405,cat1_1,cat2_5,cat3_7,no
-0.823,0.371,-0.919,0.077,1.419,-0.819,0.969,-1.432,cat1_2,cat2_5,cat3_11,no
,-0.44,0.675,-0.38,0.215,-0.901,-0.425,-1.512,cat1_0,cat2_3,cat3_14,no
0.479,-1.946,-0.213,0.544,1.26,0.988,1.924,-1.999,cat1_0,cat2_5,cat3_0,no
-0.63,-1.013,-0.879,-0.658,0.236,1.355,1.928,-0.506,cat1_1,cat2_2,cat3_11,si
-0.851,1.338,0.477,1.794,-0.673,-1.165,1.445,1.926,cat1_1,cat2_3,cat3_8,no
0.758,1.911,0.787,0.764,0.178,-1.52,-0.066,-0.413,cat1_2,cat2_5,cat3_6,si
1.9,1.691,-1.785,-1.908,-0.294,1.646,-1.073,-1.127,cat1_0,,cat3_6,no
0.537,1.022,1.911,1.307,-0.159,-1.813,1.711,-0.656,cat1_2,,cat3_10,no
,1.409,1.459,1.276,0.252,-0.357,-0.325,-0.28,cat1_1,cat2_4,cat3_10,no
1.883,1.664,0.49,-0.543,1.085,-0.703,1.933,0.599,cat1_0,cat2_4,cat3_4,si
-1.337,-1.828,-0.968,-0.265,-1.278,0.783,0.262,0.272,cat1_3,cat2_1,cat3_6,si
1.42,1.277,1.538,-1.269,0.85,-1.259,-1.802,-0.229,cat1_2,cat2_5,cat3_13,no
-0.941,-0.949,-0.835,-0.644,1.365,1.724,-0.556,-1.969,cat1_3,cat2_5,cat3_12,no
1.984,1.904,1.004,0.005,-1.125,-0.654,-0.253,0.418,cat1_2,cat2_0,cat3_7,no
1.048,-0.079,-0.847,-0.699,-1.389,1.645,-1.292,-1.772,cat1_1,cat2_0,cat3_11,no
1.634,-1.579,1.488,1.002,-0.566,1.608,-1.041,-0.188,cat1_1,cat2_3,cat3_2,si
1.395,0.081,0.499,0.072,1.59,-1.042,1.887,1.312,cat1_0,cat2_1,cat3_0,no
0.56,-1.087,-0.944,-0.393,-1.129,0.466,-1.018,-0.271,cat1_0,cat2_0,cat3_2,no
-0.07,0.578,0.373,0.23,0.229,-0.945,-0.6,0.744,cat1_1,cat2_5,cat3_0,no
-1.923,1.861,-0.998,-1.906,1.735,0.907,-1.509,0.785,cat1_1,cat2_4,cat3_6,no
-0.459,0.577,1.085,-1.913,0.648,-1.224,1.826,-0.179,cat1_1,,cat3_8,no
-1.622,0.736,-0.777,-0.516,-0.202,-0.321,1.197,1.464,cat1_3,cat2_2,cat3_6,no
0.463,0.842,1.319,1.855,-1.336,-0.07,0.976,1.992,cat1_1,cat2_0,cat3_13,si
-1.979,0.008,-1.966,0.105,1.228,-0.731,1.649,-1.745,cat1_2,cat2_0,cat3_6,no
-1.072,1.799,-0.28,0.358,-1.117,0.231,-1.757,1.189,cat1_2,cat2_4,cat3_8,no
-1.529,0.857,1.628,0.17,-0.914,-0.28,-1.902,1.49,cat1_2,cat2_5,cat3_0,si
0.127,0.88,-0.146,-1.932,1.133,-1.148,-1.26,-1.245,cat1_1,cat2_0,cat3_3,no
0.501,-0.821,1.505,-1.504,0.011,1.658,-0.841,1.162,cat1_1,cat2_2,cat3_1,no
-0.122,-1.529,-0.767,1.42,0.338,1.791,-1.521,-0.496,cat1_1,cat2_0,cat3_1,no
,0.814,-1.802,1.765,-1.867,0.338,1.254,-1.144,cat1_0,cat2_5,cat3_13,si
1.932,-1.577,-0.994,-1.651,-1.635,0.877,1.004,1.21,cat1_3,cat2_5,cat3_8,si
-0.446,-0.735,1.876,0.63,1.791,-0.598,1.454,0.604,cat1_2,cat2_1,cat3_7,si
1.716,0.949,-0.623,-0.61,-1.289,1.115,0.185,1.116,cat1_3,cat2_1,cat3_11,si
,-0.862,-0.597,-0.924,-1.376,0.184,-1.821,0.596,cat1_0,cat2_0,cat3_2,si
0.407,0.236,0.349,1.091,-1.783,0.941,1.755,-1.917,cat1_1,cat2_0,cat3_0,no
0.59,0.94,1.92,-1.317,-1.456,-1.649,-0.246,-1.051,cat1_1,cat2_5,cat3_5,no
1.37,,-1.8,1.054,0.158,-1.08,1.502,-1.411,cat1_1,cat2_5,cat3_3,no
-1.924,0.271,-0.969,-1.77,0.969,-0.842,-1.634,1.907,cat1_2,cat2_4,cat3_0,no
0.505,0.01,0.364,1.853,-0.01,-0.826,-0.957,-1.395,cat1_0,cat2_4,cat3_6,no
1.571,-1.406,1.115,0.101,1.479,0.294,1.125,-1.149,cat1_1,cat2_0,cat3_5,si
1.124,0.811,-0.543,-0.645,1.596,-1.817,1.329,1.993,cat1_2,cat2_0,cat3_9,no
-0.297,-0.673,-1.929,-0.902,-0.868,-0.137,-0.156,-0.981,cat1_3,cat2_5,cat3_0,no
-0.524,0.307,1.612,1.302,0.352,-1.242,0.685,1.894,cat1_1,cat2_1,cat3_12,no
1.353,-0.797,-1.81,-1.726,-0.978,1.34,0.069,1.34,cat1_3,cat2_3,cat3_13,si
-1.539,,-0.689,-0.923,-0.693,-0.069,-1.704,-1.639,cat1_3,cat2_3,cat3_2,no
0.918,1.463,-0.808,-1.575,-1.757,-0.892,-1.76,0.016,cat1_2,,cat3_1,no
1.698,-1.824,0.979,-0.647,0.711,1.936,0.336,-0.813,cat1_1,cat2_5,cat3_10,si
-0.642,1.054,-0.285,-1.861,0.204,-0.818,0.432,-1.549,cat1_1,cat2_0,cat3_4,no
1.138,-0.665,-1.057,0.461,1.23,1.23,-1.378,-0.606,cat1_2,cat2_3,cat3_2,no
-0.155,0.836,-1.725,-0.655,-1.707,-1.699,-1.656,0.405,cat1_1,cat2_1,cat3_7,no
-1.472,1.926,1.823,1.296,-1.823,-1.393,1.866,1.734,cat1_0,cat2_1,cat3_3,no
1.064,-1.171,1.686,-1.267,-0.443,-1.34,-0.77,-1.492,cat1_1,cat2_3,cat3_0,si
0.78,-1.354,-1.511,1.401,-0.463,-1.162,0.596,0.303,cat1_2,cat2_1,cat3_4,si
1.58,-0.815,1.364,0.189,-1.016,-1.887,-0.538,1.401,cat1_3,cat2_2,cat3_14,si
-1.255,1.198,1.256,1.967,-1.68,1.086,-0.455,-0.116,cat1_1,cat2_1,cat3_0,no
-0.151,1.613,1.899,-0.073,-1.873,1.884,-0.518,0.738,cat1_2,cat2_1,cat3_10,no
-1.093,0.813,0.6,0.351,-0.709,-1.305,-1.285,1.605,cat1_2,cat2_1,cat3_9,si
-0.065,-1.77,1.284,-1.338,0.363,1.381,-0.641,0.085,cat1_2,cat2_2,cat3_3,no
0.392,1.668,-1.292,1.959,1.146,1.252,-0.945,-1.41,cat1_3,cat2_4,cat3_3,no
-0.942,0.988,1.838,-1.902,0.246,-1.526,0.747,-0.11,cat1_2,cat2_2,cat3_2,no
1.041,-0.412,-1.151,-1.579,0.63,1.457,1.874,1.937,cat1_3,cat2_5,cat3_4,no
0.231,0.36,0.755,0.555,-0.869,1.498,0.836,0.422,cat1_1,cat2_1,cat3_3,si
1.371,-1.954,0.508,-1.144,-0.761,-0.317,-1.983,-0.574,cat1_2,cat2_1,cat3_14,no
-1.129,1.662,1.284,-1.635,1.469,0.175,-1.533,1.972,cat1_3,cat2_2,cat3_1,no
0.381,-0.815,0.472,0.185,0.98,-0.839,1.669,-1.818,cat1_3,cat2_2,cat3_2,no
-1.064,0.802,-0.172,-0.142,0.69,-0.51,0.756,1.155,cat1_2,cat2_1,cat3_3,no
-0.015,-0.844,-0.215,0.448,-1.636,-1.688,0.973,0.535,cat1_0,cat2_3,cat3_11,no
1.589,2,-1.745,1.131,0.331,0.816,1.365,1.481,cat1_3,cat2_2,cat3_2,no
0.868,-0.826,-1.198,-1.028,-0.503,-0.827,0.552,1.05,cat1_2,cat2_4,cat3_8,si
-0.316,-0.452,-1.604,-0.352,-1.594,1.509,1.649,0.563,cat1_3,,cat3_1,no
0.34,1.44,-1.006,-1.537,1.679,-0.815,-1.83,0.296,cat1_3,cat2_5,cat3_12,no
-1.26,-1.417,-1.698,-1.829,0.384,-0.682,1.572,1.346,cat1_0,cat2_0,cat3_0,no
1.069,-0.97,-0.775,-0.261,1.289,-0.659,-0.699,-0.053,cat1_1,cat2_1,cat3_12,si
0.408,-0.448,-0.322,-1.244,-1.471,-1.635,-1.365,1.527,cat1_2,cat2_3,cat3_1,no
-0.125,1.297,1.251,0.118,1.025,1.017,-0.307,-0.888,cat1_0,cat2_1,cat3_0,si
-0.244,-1.039,0.332,1.142,1.546,-1.026,1.516,-1.101,cat1_2,cat2_5,cat3_2,no
1.556,-1.334,-0.724,-0.27,-0.279,1.885,-1.186,-1.519,cat1_1,cat2_0,cat3_13,si
-0.309,-0.64,0.856,0.228,1.778,-1.227,-0.902,-1.417,cat1_1,cat2_3,cat3_3,si
1.236,0.758,1.093,-0.06,-1.588,1.834,-0.61,1.936,cat1_1,cat2_5,cat3_3,no
-1.263,-0.874,1.704,-0.979,-1.708,1.903,-1.958,1.192,cat1_2,cat2_4,cat3_7,no
-1.605,0.661,-1.417,-0.01,1.968,0.093,-1.638,0.682,cat1_3,cat2_4,cat3_11,no
0.802,-1.803,0.694,1.478,0.54,0.627,-0.002,-0.383,cat1_3,cat2_5,cat3_5,si
0.012,0.41,-1.823,0.274,-1.056,1.749,-0.683,-0.383,cat1_1,cat2_2,cat3_5,si
-1.562,0.034,1.38,1.644,-1.776,1.947,-1.818,-1.877,cat1_3,cat2_5,cat3_5,no
-0.238,,-1.443,-1.159,-0.517,-0.07,1.825,-0.448,cat1_3,cat2_2,cat3_3,no
1.195,1.794,1.132,-0.277,1.36,0.629,-1.922,0.168,cat1_2,cat2_3,cat3_2,no
-0.297,-1.218,0.641,-0.059,-1.186,-1.795,0.286,1.515,cat1_0,cat2_3,cat3_7,no
-0.067,-1.817,-0.433,0.655,0.063,-1.514,0.585,1.06,cat1_2,cat2_0,cat3_2,si
0.448,0.31,-0.463,0.555,1.289,0.719,-1.976,1.455,cat1_3,cat2_5,cat3_7,si
0.515,-0.793,1.25,0.681,-0.213,0.287,-0.124,1.302,cat1_1,cat2_5,cat3_2,si
1.998,1.944,-0.077,1.68,0.044,0.037,1.284,0.961,cat1_0,cat2_4,cat3_14,no
1.221,-1.064,1.468,1.564,-1.754,0.204,1.6,0.982,cat1_2,cat2_0,cat3_3,si
-0.271,-0.333,-1.254,-1.932,-1.224,1.523,0.121,1.898,cat1_1,cat2_3,cat3_5,no
1.982,0.362,-1.716,0.529,1.021,-1.117,1.479,1.625,cat1_1,cat2_2,cat3_4,si
0.082,-1.696,-1.479,-0.589,-0.967,-1.651,1.98,0.922,cat1_3,cat2_2,cat3_8,no
-0.21,0.804,-0.385,-0.484,1.876,-0.984,-1.936,-0.969,cat1_0,cat2_1,cat3_6,si
1.135,-1.46,1.749,1.6,-0.056,1.634,-0.73,-0.729,cat1_1,,cat3_6,si
-0.155,0.385,1.338,-0.343,-0.681,-0.272,-0.499,0.747,cat1_3,cat2_0,cat3_11,no
-0.444,0.229,0.102,0.883,-1.075,0.598,-0.313,1.314,cat1_0,cat2_2,cat3_11,no
-0.756,0.671,0.26,1.817,1.836,1.253,-1.194,-0.804,cat1_0,cat2_3,cat3_10,no
-0.303,-1.798,1.206,1.781,-1.51,0.443,1.843,0.066,cat1_2,cat2_2,cat3_3,no
0.805,1.089,1.533,-1.798,1.902,-0.495,-1.934,0.335,cat1_0,cat2_2,cat3_5,no
0.645,-1.858,0.552,-1.383,-1.543,-0.671,-0.802,-0.3,cat1_0,cat2_5,cat3_5,no
-1.728,-1.426,0.313,0.914,1.286,-0.652,1.575,-0.849,cat1_0,cat2_4,cat3_10,no
0.942,1.058,-0.101,-1.919,1.482,-1.902,-1.887,-1.956,cat1_1,cat2_1,cat3_1,si
0.307,0.941,0.207,-0.27,1.146,-1.339,-1.319,0.034,cat1_3,cat2_5,cat3_10,si
0.584,0.087,0.403,0.701,-1.087,0.773,-1.91,-0.613,cat1_0,cat2_2,cat3_11,si
,-0.323,1.143,-0.443,-1.356,-1.069,-0.538,-0.824,cat1_1,cat2_5,cat3_8,no
0.672,1.299,0.991,-0.238,-1.418,-1.865,-1.099,1.947,cat1_1,cat2_4,cat3_5,si
-1.436,,1.131,0.287,1.914,0.48,-1.234,1.721,cat1_3,cat2_1,cat3_5,no
-1.416,0.768,0.013,1.378,-1.06,-0.245,-0.474,-0.15,cat1_3,cat2_5,cat3_3,no
-1.345,-0.62,0.714,-1.717,1.575,0.398,0.107,1.965,cat1_1,cat2_5,cat3_3,no
1.958,0.173,0.629,-0.747,-0.368,-1.578,1.985,-1.654,cat1_3,cat2_3,cat3_7,si
-0.327,-0.276,0.077,-1.779,-0.66,-0.661,-1.075,1.997,cat1_0,cat2_3,cat3_2,no
1.716,1.248,-0.522,-0.131,1.203,1.116,-1.465,-0.924,cat1_1,cat2_2,cat3_12,si
-0.152,0.173,-1.399,0.45,1.853,-1.191,-0.756,0.357,cat1_1,cat2_4,cat3_10,no
-0.542,-0.757,0.847,-1.018,-0.054,0.838,-0.825,1.652,cat1_2,cat2_0,cat3_10,no
0.759,-0.392,-1.209,-1.607,-1.702,-1.747,1.176,0.96,cat1_2,cat2_5,cat3_9,si
-1.437,0.39,0.277,-1.718,-0.309,-0.251,-1.146,-0.481,cat1_2,cat2_3,cat3_0,no
,-1.063,1.806,-0.661,-0.626,-0.058,1.515,0.358,cat1_3,cat2_3,cat3_1,no
1.83,0.442,1.521,-1.874,-1.212,0.216,-1.227,-1.379,cat1_0,cat2_4,cat3_3,no
-0.691,-0.546,-1.952,1.054,-0.841,-0.026,1.683,-0.732,cat1_1,cat2_4,cat3_11,no
1.337,-1.13,0.402,1.149,-0.633,-1.198,-1.589,-0.59,cat1_1,cat2_4,cat3_14,si
-1.724,0.102,-0.553,-0.39,-1.279,0.348,0.348,0.285,cat1_3,cat2_4,cat3_10,no
-1.687,0.422,-1.788,-1.191,-0.365,1.458,1.961,0.22,cat1_3,cat2_3,cat3_13,no
1.399,1.435,-1.424,1.39,0.932,-1.675,1.044,0.882,cat1_1,cat2_0,cat3_6,si
-1.493,0.902,1.289,-1.004,-1.578,-0.001,-1.803,1.787,cat1_0,,cat3_4,no
0.465,-0.592,0.609,0.46,0.975,0.389,-1.654,1.098,cat1_1,cat2_0,cat3_11,si
-0.556,1.459,0.913,-0.176,1.421,0.739,-0.33,0.806,cat1_0,cat2_5,cat3_1,no
-0.691,-1.552,-0.044,-1.981,-1.911,-0.691,-1.189,1.887,cat1_0,cat2_4,cat3_5,si
-0.541,-1.665,-1.018,-0.519,0.205,-1.011,0.041,-0.226,cat1_1,cat2_2,cat3_9,si
0.111,-1.606,-1.89,-0.318,-0.531,-0.435,-1.473,1.29,cat1_1,cat2_1,cat3_13,si
-0.005,1.827,1.396,-0.685,0.315,-0.667,1.92,-1.968,cat1_1,cat2_5,cat3_5,no
1.19,-1.046,-1.568,-1.807,-0.638,0.365,1.16,-0.475,cat1_1,cat2_2,cat3_12,si
-1.706,-1.627,0.662,-0.58,-1.601,-1.891,1.563,-1.809,cat1_3,cat2_5,cat3_13,no
0.577,1.86,-0.795,0.335,-0.104,-0.479,1.567,0.512,cat1_0,cat2_1,cat3_9,si
-0.278,1.319,-1.372,0.076,1.569,1.454,1.62,0.017,cat1_0,cat2_2,cat3_5,no
-1.404,-1.727,1,0.444,0.868,0.374,1.727,0.332,cat1_3,cat2_1,cat3_0,no
,0.778,1.552,0.572,-0.751,-1.392,-1.743,-1.019,cat1_1,cat2_3,cat3_3,no
-0.215,-0.745,-1.975,1.169,1.162,-0.134,-1.625,0.497,cat1_0,cat2_5,cat3_12,no
-1.304,-0.705,-0.245,-0.855,0.441,-0.837,-0.297,1.658,cat1_1,cat2_0,cat3_12,no
-0.297,-0.024,0.646,0.293,1.784,1.464,-1.17,-1.657,cat1_2,,cat3_14,no
0.611,0.759,1.432,-1.891,0.061,-0.202,0.292,1.302,cat1_1,cat2_3,cat3_13,si
-1.484,0.393,-0.784,0.834,1.939,-0.512,0.362,-0.793,cat1_0,cat2_1,cat3_7,no
-1.987,-1.817,1.16,-0.823,-1.804,0.676,-0.616,-1.072,cat1_3,cat2_2,cat3_12,no
-1.999,1.093,-0.628,-1.569,0.484,-0.198,-1.625,0.628,cat1_2,cat2_5,cat3_1,no
-0.49,0.39,-1.663,0.047,-1.137,-1.754,0.714,-0.482,cat1_0,cat2_0,cat3_12,no
,1.218,-0.021,-1.222,1.97,-0.425,1.185,0.685,cat1_1,cat2_4,cat3_9,no
-1.352,-0.55,-1.278,-0.386,-0.176,0.12,-0.917,-1.54,cat1_2,cat2_5,cat3_3,si
-1.668,0.307,-0.092,-1.688,1.519,0.15,-0.316,-1.491,cat1_3,cat2_2,cat3_11,no
1.587,-0.292,0.405,-0.297,-1.122,0.211,-0.681,0.095,cat1_2,cat2_3,cat3_10,si
0.079,0.274,-1.121,-0.971,0.948,-1.13,0.161,-0.269,cat1_0,cat2_1,cat3_3,no
-0.148,-1.786,0.875,1.999,-0.447,0.04,0.984,1.238,cat1_0,cat2_4,cat3_7,si
-1.093,1.807,0.452,-0.385,1.409,0.349,1.042,1.597,cat1_3,cat2_0,cat3_6,no
0,-1.225,-0.144,-0.705,0.121,-1.056,-0.922,-0.23,cat1_3,cat2_0,cat3_4,no
-0.909,1.405,-1.41,-0.76,-1.728,0.57,0.944,1.622,cat1_0,,cat3_11,no
-1.508,-1.828,-0.915,1.651,-0.948,0.399,-0.663,0.552,cat1_2,cat2_2,cat3_7,no
-1.939,-0.178,0.472,-1.787,-0.218,-0.081,0.865,0.127,cat1_1,cat2_4,cat3_6,no
-1.216,-0.049,1.383,1.103,-1.763,1.365,1.863,-0.809,cat1_0,cat2_0,cat3_3,no
-0.51,1.917,1.313,1.802,1.528,-1.703,1.396,1.916,cat1_1,cat2_3,cat3_2,no
-0.878,-0.815,1.888,0.429,0.544,-1.084,-1.318,1.218,cat1_2,cat2_3,cat3_6,no
-1.251,1.935,-0.083,-0.177,0.262,-0.724,0.619,0.476,cat1_2,,cat3_14,no
0.356,0.964,0.88,-1.608,0.962,1.774,-0.424,-0.451,cat1_3,cat2_1,cat3_5,no
1.773,-1.811,0.912,-0.735,-1.831,-0.945,0.003,-1.888,cat1_2,cat2_5,cat3_5,si
0.098,0.218,-0.667,-1.781,0.766,-0.588,-0.355,-0.961,cat1_0,cat2_4,cat3_11,no
,1.309,-1.917,-0.676,0.969,-1.082,-1.445,0.986,cat1_3,cat2_2,cat3_5,no
1.52,1.75,-0.487,-1.036,-1.667,1.828,0.757,-0.447,cat1_0,cat2_1,cat3_6,si
0.89,1.134,0.31,0.604,-1.104,1.797,-0.092,-0.44,cat1_2,cat2_2,cat3_7,no
0.347,0.224,-0.306,-0.949,-1.815,-0.435,0.481,-0.208,cat1_0,cat2_1,cat3_1,si
0.417,0.613,-0.015,-1.7,-0.421,0.961,0.875,1.313,cat1_3,cat2_2,cat3_0,si
0.068,0.503,-1.899,1.412,-1.038,1.559,-0.079,-0.785,cat1_0,cat2_3,cat3_11,no
0.976,-0.76,0.113,-1.226,0.125,1.094,-1.788,1.056,cat1_3,cat2_1,cat3_13,si
0.849,-0.084,1.437,-0.09,0.69,0.568,1.126,1.165,cat1_0,cat2_0,cat3_9,no
-1.234,1.549,0.149,0.731,-1.771,0.862,0.356,-0.609,cat1_0,cat2_2,cat3_0,no
-0.045,1.065,1.168,-1.954,0.529,-1.792,-1.195,0.648,cat1_2,cat2_3,cat3_12,no
0.29,1.316,0.491,-1.095,-0.863,-0.546,-0.986,-0.948,cat1_3,cat2_3,cat3_3,no
1.572,-0.425,0.08,1.483,0.866,-0.014,-0.074,0.548,cat1_3,cat2_5,cat3_4,si
0.905,-0.332,1.764,-1.376,1.528,1.366,0.824,1.497,cat1_0,cat2_5,cat3_2,si
0.84,1.488,0.234,1.047,-0.296,0.019,0.279,0.968,cat1_0,cat2_1,cat3_2,si
-0.005,0.011,-1.669,-1.966,0.984,-0.517,0.711,1.626,cat1_1,cat2_3,cat3_5,no
-0.472,1.578,-0.045,-0.267,-1.45,-0.792,1.708,-1.269,cat1_0,cat2_1,cat3_5,no
-1.324,-0.201,-1.778,0.654,0.284,1.74,-0.074,1.158,cat1_0,cat2_3,cat3_4,no
-1.483,-0.759,-0.024,0.566,-0.61,-0.28,-1.243,0.188,cat1_2,,cat3_13,si
-0.028,-1.894,1.38,1.585,-1.215,1.754,-1.233,0.202,cat1_3,cat2_0,cat3_7,no
-1.192,0.585,0.215,1.699,0.554,1.481,-0.436,-0.807,cat1_0,cat2_4,cat3_1,no
,1.908,-0.495,-1.966,0.213,-1.196,0.917,-1.016,cat1_2,cat2_4,cat3_14,no
1.769,-1.384,1.379,0.352,-0.622,-1.021,-1.45,-1.861,cat1_1,cat2_1,cat3_13,si
0.081,1.615,1.163,1.864,1.483,0.376,1.064,0.414,cat1_3,cat2_1,cat3_7,no
-1.328,0.28,0.151,-1.667,0.356,1.197,0.241,-0.73,cat1_2,cat2_4,cat3_9,no
1.464,1.022,0.346,0.784,-0.165,1.129,-0.438,-0.654,cat1_1,cat2_3,cat3_3,si
-1.534,-1.442,1.117,1.475,-1.741,-1.019,-1.065,1.176,cat1_0,cat2_2,cat3_3,no
-1.898,1.078,1.034,1.824,0.696,-0.759,1.871,-1.407,cat1_2,cat2_5,cat3_9,no
-1.897,-1.646,1.116,-1.177,1.604,-1.526,1.109,-1.311,cat1_2,cat2_0,cat3_12,no
-1.899,1.821,0.466,-1.065,1.109,-0.072,-0.711,-1.107,cat1_1,,cat3_8,no
1.298,-0.717,-1.074,-1.837,-1.935,0.924,0.309,-0.347,cat1_2,cat2_1,cat3_7,si
-1.054,-1.033,1.466,-0.167,0.782,-0.308,-1.233,-0.967,cat1_1,cat2_3,cat3_11,no
1.969,-0.482,1.368,1.786,-1.451,0.226,-1.509,1.91,cat1_1,cat2_3,cat3_11,si
0.782,,-1.217,0.869,1.41,-1.124,-0.487,-0.766,cat1_3,cat2_1,cat3_9,si
1.59,-1.029,-1.21,-1.004,1.973,0.039,1.26,-0.454,cat1_1,cat2_5,cat3_3,si
-0.477,-1.565,0.147,0.317,-1.523,-1.185,0.124,-0.849,cat1_0,,cat3_1,si
0.305,1.866,0.345,1.619,-0.347,0.877,-1.424,-1.735,cat1_1,cat2_4,cat3_11,no
1.98,1.568,-0.767,-0.33,-1.243,1.281,0.379,-0.791,cat1_0,cat2_3,cat3_12,no
1.818,-1.66,1.074,1.045,1.032,-0.054,0.554,0.723,cat1_2,cat2_2,cat3_0,si
1.089,-0.977,-0.179,0.22,-0.136,0.427,-1.728,-0.116,cat1_1,cat2_5,cat3_12,si
1.959,-0.061,-0.658,0.218,-1.994,-0.717,0.93,-1.857,cat1_3,cat2_1,cat3_5,si
-1.606,-1.926,1.482,1.91,0.904,-1.918,-0.44,1.432,cat1_3,cat2_5,cat3_9,no
,-1.554,-0.162,0.514,-1.896,-0.103,-1.287,-1.485,cat1_3,cat2_4,cat3_0,no
1.543,1.274,-0.159,1.033,-0.024,1.362,0.853,1.973,cat1_3,cat2_4,cat3_9,no
0.165,-1.517,1.742,0.098,-1.506,1.606,-0.606,-0.097,cat1_1,cat2_4,cat3_12,si
-1.859,-1.248,-0.332,-1.828,1.138,-0.551,1.629,-1.898,cat1_0,cat2_1,cat3_0,no
-0.021,-1.251,-1.55,-0.555,1.855,-1.175,0.628,-0.828,cat1_1,cat2_5,cat3_5,no
-1.344,,-0.749,1.304,-0.175,-0.408,-0.18,0.148,cat1_2,,cat3_2,no
-0.522,1.958,-0.605,-0.786,0.532,0.77,0.686,1.592,cat1_3,cat2_2,cat3_12,no
-1.367,-0.26,1.045,-1.227,1.856,-1.55,-1.819,1.582,cat1_0,cat2_1,cat3_9,no
-0.332,,-0.49,1.535,0.155,-1.421,0.278,0.99,cat1_2,cat2_0,cat3_13,no
0.994,-1.425,-0.152,-1.776,-0.229,-1.767,-1.005,1.329,cat1_2,cat2_4,cat3_9,si
0.397,0.795,1.821,-1.036,-0.057,0.657,0.668,0.049,cat1_0,cat2_3,cat3_1,si
1.109,0.732,0.002,-1.974,0.293,1.041,-0.8,-1.946,cat1_3,cat2_2,cat3_6,no
0.298,-0.917,-0.019,-0.163,-1.054,0.261,1.077,-1.83,cat1_3,cat2_5,cat3_5,no
-0.408,0.093,1.518,0.044,-1.226,0.78,1.71,1.178,cat1_3,cat2_3,cat3_0,no
1.464,0.918,-0.935,0.983,-0.157,-1.263,-1.788,-1.024,cat1_1,cat2_3,cat3_7,si
0.238,0.857,0.694,-0.453,1.997,-1.386,-0.837,0.956,cat1_3,cat2_5,cat3_2,no
1.18,-0.682,-0.848,1.997,1.403,0.339,-1.146,-0.031,cat1_2,cat2_3,cat3_12,no
1.583,-1.813,0.968,-1.54,-0.643,-1.839,-0.377,1.631,cat1_3,cat2_3,cat3_14,si
1.567,-0.574,-0.293,0.002,1.462,-0.94,-1.2,1.763,cat1_1,cat2_2,cat3_0,si
-0.245,0.194,0.333,0.588,0.978,0.922,0.414,0.296,cat1_3,,cat3_11,no
-1.832,1.965,-1.158,0.259,0.827,1.217,0.781,1.275,cat1_1,cat2_2,cat3_0,no
0.961,-1.359,-1.772,0.938,0.272,-0.447,0.647,1.342,cat1_0,cat2_3,cat3_14,si
1.649,0.411,-0.911,-1.316,-0.393,-0.534,-1.497,-1.503,cat1_1,cat2_3,cat3_8,si
-0.275,-0.792,-1.636,0.358,0.5,-0.594,-0.714,0.399,cat1_0,cat2_2,cat3_11,si
,-0.486,0.28,-1.969,0.906,1.666,1.08,0.287,cat1_0,cat2_1,cat3_2,no
-0.186,-1.282,0.873,-1.387,-1.94,-1.764,-0.684,1.048,cat1_1,cat2_1,cat3_4,si
-1.799,0.928,-1.263,0.57,-1.199,-1.478,0.61,1.03,cat1_3,cat2_5,cat3_11,no
-1.554,1.312,1.652,-1.367,0.751,-1.604,1.18,-0.909,cat1_3,cat2_3,cat3_14,no
,-0.935,0.236,1.418,1.972,-0.107,1.916,-1.625,cat1_2,cat2_0,cat3_12,si
-1.144,-0.838,0.81,0.05,-0.254,-0.047,-1.281,-1.036,cat1_1,cat2_5,cat3_2,si
-1.229,1.196,-1.269,1.667,1.951,0.987,-1.913,-0.918,cat1_3,cat2_5,cat3_0,no
1.918,-0.897,-0.688,-0.179,1.633,1.697,0.715,-0.902,cat1_0,cat2_5,cat3_14,si
1.909,1.577,-0.084,-1.627,0.291,1.414,-1.317,1.412,cat1_0,cat2_5,cat3_12,no
1.022,-0.169,-0.021,1.668,-1.853,0.451,-1.741,0.852,cat1_3,cat2_0,cat3_11,no
-0.081,-1.424,-0.947,-1.303,0.898,-1.101,-0.112,-0.166,cat1_0,cat2_4,cat3_13,si
1.648,-1.493,-0.797,0.12,0.05,-1.296,-1.886,0.431,cat1_2,cat2_0,cat3_11,si
1.602,,-1.907,0.281,1.621,-0.071,-1.94,0.76,cat1_0,cat2_4,cat3_13,si
1.058,,-0.887,-0.13,-1.504,-0.34,1.279,0.897,cat1_1,cat2_1,cat3_7,si
-0.504,1.285,-0.811,-0.518,0.896,0.405,-1.618,-0.691,cat1_3,cat2_5,cat3_14,no
-0.911,-1.363,-0.654,-0.74,-1.748,0.694,-1.686,-0.96,cat1_3,cat2_1,cat3_6,no
0.396,1.109,-1.627,0.975,-0.967,-0.546,-0.723,1.068,cat1_3,cat2_4,cat3_11,no
1.086,0.251,0.049,0.187,-0.12,1.883,0.835,-0.583,cat1_0,cat2_1,cat3_4,si
-1.339,-1.247,-0.496,-1.12,0.522,-0.149,0.27,0.567,cat1_1,cat2_3,cat3_3,si
0.838,,0.017,1.359,-0.581,0.153,-1.73,0.439,cat1_3,cat2_0,cat3_7,no
0.907,-0.681,0.887,1.237,0.034,1.656,0.631,-0.262,cat1_1,cat2_5,cat3_12,si
,-0.201,-0.007,1.476,-0.705,-1.248,1.545,0.823,cat1_0,cat2_2,cat3_5,no
0.513,-1.61,-0.905,0.509,-0.98,-0.931,-1.95,0.337,cat1_3,cat2_2,cat3_7,no
-0.576,1.246,1.317,-1.274,0.369,-0.247,-0.936,-1.18,cat1_1,cat2_4,cat3_2,no
0.389,-1.41,-0.599,1.246,-0.21,0.405,0.837,-1.326,cat1_3,cat2_4,cat3_7,no
,-0.284,1.359,-1.097,0.101,0.628,-1.902,-0.089,cat1_3,cat2_2,cat3_5,no
-1.394,-1.943,-1.087,1.299,-0.928,-1.766,-1.011,0.35,cat1_1,cat2_0,cat3_2,no
-1.547,0.035,1.945,-0.728,0.03,0.089,1.064,1.036,cat1_3,cat2_4,cat3_13,si
1.957,-0.224,1.585,-0.93,1.786,-0.346,1.188,0.288,cat1_2,cat2_0,cat3_5,si
1.145,1.621,-1.865,0.364,-1.93,0.34,-0.562,-1.956,cat1_1,cat2_5,cat3_1,no
-0.297,-0.313,-1.248,0.977,0.698,1.416,0.087,-1.429,cat1_0,cat2_4,cat3_0,no
-1.442,0.784,-1.018,-1.508,1.138,1.855,1.117,1.809,cat1_2,cat2_3,cat3_1,no
1.215,-1.167,0.748,0.422,0.599,1.608,0.025,0.856,cat1_1,cat2_0,cat3_8,si
1.385,1.911,1.793,-1.621,0.41,-1.982,-1.761,-1.681,cat1_2,cat2_0,cat3_8,no
1.698,-1.208,1.714,-0.227,-0.897,1.976,1.883,-0.961,cat1_1,cat2_4,cat3_3,si
-0.484,-0.459,-0.434,0.74,-1.548,0.801,-0.984,0.386,cat1_2,cat2_2,cat3_3,no
-0.257,0.26,0.593,0.003,-1.108,-0.867,0.574,-1.739,cat1_2,cat2_3,cat3_11,no
-0.96,0.449,-0.467,0.777,-0.949,0.575,1.078,0.827,cat1_2,cat2_1,cat3_14,no
-0.948,1.512,1.068,-1.545,1.223,0.872,0.015,-1.97,cat1_3,cat2_2,cat3_1,no
1.862,,1.264,-1.017,-0.835,1.039,-0.417,-1.954,cat1_0,,cat3_7,si
-1.091,-1.482,1.137,0.351,-1.877,-1.248,-1.275,1.173,cat1_0,cat2_0,cat3_6,no
-0.186,0.231,-0.645,0.347,-1.491,-0.768,-0.316,0.249,cat1_1,cat2_0,cat3_11,no
0.101,-1.501,-1.62,1.906,0.957,-1.334,0.075,-1.215,cat1_1,cat2_3,cat3_1,si
-1.755,0.249,1.276,-0.392,1.519,1.395,0.248,0.773,cat1_3,cat2_0,cat3_7,no
-0.278,0.976,1.737,1.346,-0.912,1.977,-1.505,-1.52,cat1_1,,cat3_3,no
1.691,1.685,-1.726,-1.017,-0.505,0.285,1.937,-1.749,cat1_2,cat2_4,cat3_9,no
-0.079,-1.175,-0.79,-1.414,0.779,0.231,1.156,-0.154,cat1_2,cat2_0,cat3_3,si
-0.366,-1.202,0.045,1.313,1.847,-0.616,-0.933,1.353,cat1_0,cat2_2,cat3_0,no
1.07,-0.867,1.479,-1.472,-0.576,0.363,-1.923,1.478,cat1_2,cat2_5,cat3_9,si
-0.226,1.676,-1.607,-0.166,-0.249,1.302,0.81,0.901,cat1_1,cat2_0,cat3_7,no
0.062,0.654,1.466,-1.563,0.031,-1.012,0.177,0.134,cat1_1,cat2_1,cat3_13,no
0.93,-1.62,1.723,0.694,-1.237,0.015,0.566,-1.571,cat1_2,cat2_3,cat3_11,si
-1.984,1.411,1.193,1.881,1.431,-0.847,-0.055,0.211,cat1_2,cat2_0,cat3_2,no
,-1.879,-0.113,1.627,1.51,1.07,1.585,-0.392,cat1_1,,cat3_7,si
-0.364,0.476,-1.016,0.528,1.931,0.711,-1.138,1.601,cat1_1,cat2_4,cat3_0,no
0.094,-0.174,-0.817,1.597,1.59,-0.404,1.314,-0.026,cat1_2,cat2_1,cat3_11,no
-1.156,1.996,0.46,-1.773,1.769,0.302,-1.353,-1.635,cat1_3,cat2_3,cat3_7,no
1.473,-0.015,-0.725,-0.452,-0.793,1.48,-1.618,1.376,cat1_2,cat2_5,cat3_10,no
-0.859,1.932,-0.433,-0.229,-1.406,0.579,-0.826,-0.498,cat1_3,cat2_5,cat3_9,no
-1.438,-1.571,-1.253,1.891,1.477,-0.043,1.668,-0.534,cat1_2,,cat3_7,no
1.533,-1.229,-1.123,-1.279,1.566,0.93,1.591,-0.915,cat1_2,cat2_5,cat3_5,si
0.073,0.393,0.995,0.475,-1.317,0.757,0.869,-0.579,cat1_2,cat2_0,cat3_9,si
-1.804,0.68,0.187,-1.494,-1.333,1.175,1.592,0.144,cat1_2,cat2_0,cat3_6,no
1.861,-1.639,0.376,-0.282,-1.428,1.231,1.486,1.966,cat1_3,cat2_1,cat3_9,si
0.56,-1.87,1.18,-1.966,0.778,-1.376,0.114,0.489,cat1_2,cat2_2,cat3_6,si
-1.41,-1.098,-0.287,0.383,-1.215,1.056,-0.692,-1.263,cat1_2,cat2_0,cat3_6,no
-0.082,0.979,-0.872,-1.352,-1.642,1.915,-1.907,1.784,cat1_3,cat2_4,cat3_12,no
-1.514,-0.206,-1.523,-1.82,0.172,-0.764,-1.01,0.573,cat1_0,cat2_0,cat3_14,no
-0.69,-0.551,-0.018,1.888,0.203,-1.362,1.344,1.2,cat1_3,cat2_5,cat3_11,no
-0.831,0.31,1.878,0.522,0.474,1.933,-0.638,1.402,cat1_3,cat2_5,cat3_6,no
-0.889,-0.803,1.24,0.132,-0.945,0.621,-1.386,0.024,cat1_0,cat2_0,cat3_2,no
-0.877,0.938,-1.428,-1.191,0.236,-0.483,0.517,-0.761,cat1_3,cat2_5,cat3_5,no
-1.655,1.462,-0.332,1.213,-1.987,0.688,-0.084,-0.794,cat1_1,cat2_0,cat3_13,no
1.55,0.426,-1.691,1.067,0.541,-0.6,0.016,-0.771,cat1_1,cat2_1,cat3_6,si
1.622,-0.613,-1.606,-0.924,-0.436,0.688,-0.637,-0.438,cat1_0,cat2_1,cat3_10,no
1.901,0.33,1.304,1.424,-0.645,0.802,-0.867,-1.77,cat1_2,,cat3_4,si
-1.208,-1.586,0.567,1.715,0.538,-1.078,0.896,-1.282,cat1_3,cat2_3,cat3_0,no
-1.445,1.06,1.39,-1.689,1.742,1.295,0.968,-1.812,cat1_1,cat2_4,cat3_10,no
1.482,1.52,-0.283,1.551,-0.655,0.668,-1.866,-0.084,cat1_2,cat2_2,cat3_8,no
1.397,1.908,-0.862,-0.47,1.18,1.032,0.045,0.499,cat1_0,,cat3_1,si
-0.603,-1.443,-0.352,1.528,-0.639,0.403,-1.741,1.821,cat1_1,cat2_3,cat3_13,no
0.236,-1.561,-0.13,1.906,0.965,0.58,0.411,-0.894,cat1_1,cat2_0,cat3_6,si
-1.686,-1.974,1.648,-1.733,0.674,1.343,-0.813,-0.184,cat1_2,cat2_5,cat3_6,no
-1.057,-1.306,0.85,-0.211,1.695,-1.911,1.629,0.559,cat1_2,cat2_0,cat3_12,no
0.129,-0.272,-1.565,-1.493,0.991,-0.318,-1.264,0.49,cat1_1,cat2_4,cat3_10,no
-0.15,-1.947,1.495,-1.941,0.353,0.238,0.911,0.291,cat1_1,,cat3_7,si
-1.698,1.211,1.297,-1.652,-1.308,1.04,0.697,-1.329,cat1_1,cat2_2,cat3_2,no
0.202,0.308,0.184,-1.895,0.41,-1.326,-1.482,1.66,cat1_1,cat2_4,cat3_9,no
1.533,-1.445,1.782,0.552,1.512,0.694,1.917,0.792,cat1_1,cat2_0,cat3_0,si
-1.082,,-0.133,0.228,0.658,1.175,0.43,-1.093,cat1_1,cat2_3,cat3_7,no
,-1.984,1.898,0.545,-0.697,-0.292,-1.918,1.094,cat1_0,cat2_2,cat3_6,si
-0.172,-0.314,-1.648,-0.85,1.964,1.711,-1.996,-1.604,cat1_1,cat2_3,cat3_6,si
-0.227,-1.854,0.608,-1.101,-1.984,1.76,-1.901,0.687,cat1_0,cat2_1,cat3_12,no
,1.147,1.928,-1.924,0.283,-0.675,0.603,-0.741,cat1_3,cat2_4,cat3_4,no
1.646,-0.602,-0.225,-1.238,1.723,-1.13,-1.66,1.435,cat1_3,cat2_2,cat3_2,si
-0.35,-1.174,0.38,1.265,-1.107,-0.355,-1.182,-0.333,cat1_1,cat2_5,cat3_1,si
-0.408,,-1.866,-1.93,1.882,0.734,0.614,1.87,cat1_1,cat2_0,cat3_14,no
-0.646,-1.413,1.269,-1.758,1.172,-0.938,-1.331,1.096,cat1_3,cat2_4,cat3_14,no
-0.744,1.055,1.442,-1.134,-1.532,-1.772,1.077,-1.643,cat1_0,cat2_0,cat3_3,no
1.002,-1.158,-0.063,-1.814,0.647,0.247,-0.915,0.216,cat1_1,cat2_4,cat3_2,no
1.841,-0.418,0.466,0.642,-1.316,1.123,0.382,-0.047,cat1_2,cat2_4,cat3_3,no
,-1.324,0.367,-0.758,-0.866,1.284,-0.455,-1.789,cat1_3,cat2_0,cat3_0,no
-0.903,-1.778,1.445,0.139,1.775,-1.367,1.11,-0.344,cat1_0,cat2_1,cat3_4,no
-1.236,0.904,0.121,-0.39,1.192,0.711,-1.507,-1.087,cat1_2,cat2_0,cat3_14,no
1.068,-1.182,0.499,-0.686,-1.009,-1.899,-0.949,0.238,cat1_2,,cat3_8,si
-1.16,-0.498,1.92,-1.293,-1.632,-1.095,-1.88,0.389,cat1_3,cat2_5,cat3_1,no
-0.39,0.874,0.227,1.182,-1.811,-0.043,1.16,1.462,cat1_1,cat2_1,cat3_1,no
-0.633,-1.537,-1.856,1.539,1.002,-0.57,-0.868,0.473,cat1_0,cat2_4,cat3_7,no
0.399,-1.833,0.156,-0.765,1.22,1.868,-1.993,-1.832,cat1_3,cat2_2,cat3_5,si
0.28,0.001,-0.688,0.309,-0.536,0.098,0.752,-0.934,cat1_1,cat2_3,cat3_14,si
1.927,-1.302,-1.209,-0.014,-0.293,1.894,1.559,-0.259,cat1_0,cat2_3,cat3_12,si
-0.111,-0.628,1.932,0.997,1.992,-0.995,-0.639,-1.677,cat1_1,cat2_2,cat3_11,no
-1.119,-0.833,-1.29,1.013,-1.486,1.235,-1.408,0.863,cat1_3,,cat3_4,no
-1.004,-0.613,0.181,1.516,-1.196,0.79,1.557,1.461,cat1_0,cat2_3,cat3_2,no
-0.907,0.944,0.888,0.062,-1.595,-0.382,-0.349,-1.136,cat1_1,cat2_1,cat3_4,no
1.814,0.135,1.928,-0.419,-0.343,-0.286,-1.445,1.226,cat1_1,cat2_3,cat3_1,si
0.948,-1.659,1.759,0.347,1.75,1.671,-0.089,-0.744,cat1_3,cat2_3,cat3_13,si
-1.815,-1.627,-0.576,0.949,0.758,-1.462,1.045,-0.406,cat1_1,cat2_4,cat3_13,no
0.031,-0.683,-1.461,1.84,1.036,1.361,0.894,0.941,cat1_0,cat2_5,cat3_14,si
0.111,1.878,-0.13,-1.308,1.497,-0.288,-0.779,1.206,cat1_3,cat2_2,cat3_14,no
-1.919,-0.666,-1.176,0.206,1.881,-1.308,-1.332,-0.345,cat1_2,cat2_4,cat3_4,no
-1.216,-0.223,-0.312,0.702,-0.954,-0.07,1.021,0.028,cat1_3,cat2_1,cat3_11,no
1.571,0.481,1.382,1.114,0.732,-1.491,-1.002,-1.315,cat1_3,cat2_4,cat3_10,no
-1.587,-1.845,1.715,-1.813,0.749,0.568,-0.02,-0.772,cat1_3,cat2_3,cat3_13,si
-1.085,1.824,-0.196,-0.823,-0.322,-1.283,-0.737,-1.501,cat1_2,cat2_3,cat3_10,no
-0.453,1.26,-0.895,-1.906,-0.764,0.555,0.893,-0.419,cat1_1,cat2_1,cat3_7,no
0.205,0.878,-0.265,1.166,1.403,-1.132,1.67,0.238,cat1_0,cat2_2,cat3_9,no
-0.429,-1.455,-0.793,1.888,1.336,-1.354,-0.119,-0.58,cat1_2,cat2_5,cat3_13,no
-1.541,0.458,-1.349,-1.738,0.111,-1.772,0.285,-0.345,cat1_3,cat2_5,cat3_5,no
-1.747,,0.381,-0.723,1.415,-1.794,1.578,-0.847,cat1_3,cat2_2,cat3_14,no
1.312,-0.332,0.5,-1.52,-0.543,-0.468,1.146,-1.491,cat1_2,,cat3_10,si
-1.222,0.97,-0.441,-1.684,-1.001,-0.699,-1.679,-1.756,cat1_1,cat2_0,cat3_8,no
-1.774,1.615,0.133,0.688,0.358,1.746,-0.719,-1.555,cat1_3,cat2_2,cat3_4,no
1.601,-0.944,1.547,-0.747,-1.166,-0.638,1.316,1.485,cat1_3,cat2_2,cat3_7,no
,-0.788,-1.881,1.277,-0.714,0.909,1.138,-0.917,cat1_1,cat2_2,cat3_4,no
-0.619,,-0.489,1.047,1.009,1.662,-0.028,-0.394,cat1_1,cat2_0,cat3_7,no
1.308,-0.504,-1.065,1.588,1.032,0.003,-0.788,0.904,cat1_2,,cat3_10,si
-1.667,0.779,-1.954,1.453,1.485,-0.959,-0.067,-1.034,cat1_3,cat2_2,cat3_6,no
-0.387,-0.549,0.128,-0.83,1.947,0.728,-0.292,0.054,cat1_2,cat2_4,cat3_1,si
1.613,1.735,-1.514,-0.307,0.819,-1.677,1.756,-1.455,cat1_0,cat2_0,cat3_14,si
0.719,0.778,-0.366,-1.642,0.478,1.738,-0.811,0.605,cat1_0,cat2_4,cat3_9,si
-0.232,1.608,0.863,-0.186,-0.015,0.178,0.121,0.837,cat1_1,cat2_4,cat3_3,si
0.913,1.591,-0.861,1.163,-0.234,1.114,0.648,1.652,cat1_1,cat2_0,cat3_6,si
-1.556,-1.361,1.606,-0.012,-0.471,-0.647,-0.822,0.678,cat1_1,cat2_5,cat3_3,no
-1.18,-1.591,1.14,0.335,-0.613,-0.855,-1.537,-0.49,cat1_0,cat2_0,cat3_1,si
1.953,0.819,-0.12,0.613,-0.226,-1.18,0.259,0.5,cat1_2,cat2_4,cat3_3,no
-0.22,-1.925,-0.349,0.447,0.478,0.685,-0.649,0.982,cat1_3,cat2_1,cat3_8,no
1.936,1.536,1.147,-0.22,0.854,-1.89,1.798,0.937,cat1_2,cat2_2,cat3_10,no
-1.745,1.468,-1.85,0.672,-1.848,-0.727,1.798,-0.061,cat1_2,cat2_0,cat3_9,no
0.527,-0.17,-1.834,-0.032,0.908,1.188,0.427,-1.284,cat1_2,cat2_2,cat3_0,si
-1.782,0.435,-0.783,-1.756,0.241,-0.423,0.077,-0.775,cat1_0,cat2_3,cat3_8,no
0.13,1.025,-0.645,1.176,1.252,1.555,-1.727,-1.946,cat1_0,cat2_5,cat3_3,no
1.745,-0.454,1.297,1.117,0.876,-0.455,1.268,-0.914,cat1_2,cat2_0,cat3_2,si
0.769,-0.062,1.575,0.563,0.583,0.866,1.04,1.612,cat1_0,cat2_4,cat3_6,no
0.342,-0.205,0.424,1.243,0.137,1.318,-1.164,1.933,cat1_3,cat2_1,cat3_13,no
,1.423,-0.841,1.795,-0.699,1.379,0.784,0.432,cat1_3,cat2_0,cat3_7,no
1.578,1.972,0.193,-0.718,-1.992,0.184,0.666,1.859,cat1_1,cat2_0,cat3_3,si
0.132,-0.122,0.275,-0.515,0.715,1.252,-1.015,1.239,cat1_1,cat2_4,cat3_10,no
0.314,0.447,-1.674,-1.396,1.186,-1.452,0.078,-0.815,cat1_2,cat2_1,cat3_12,no
-0.579,-0.602,0.193,1.183,0.505,0.031,1.211,0.754,cat1_2,cat2_1,cat3_4,no
-1.531,1.766,-1.012,-0.388,-1.113,0.187,1.237,-1.199,cat1_0,cat2_0,cat3_7,no
0.139,1.477,1.99,-0.686,0.29,-1.214,1.114,0.157,cat1_1,cat2_0,cat3_7,no
-0.792,0.046,1.505,-0.654,0.272,-1.178,-1.824,-1.952,cat1_0,cat2_0,cat3_5,no
1.901,0.2,1.516,-1.792,-1.671,-1.377,0.213,0.238,cat1_0,cat2_1,cat3_10,si
-0.898,,-1.901,0.607,-1.54,-0.891,1.699,0.391,cat1_3,cat2_5,cat3_5,no
-1.487,0.902,1.201,-1.1,-1.916,-0.765,-0.333,1.745,cat1_2,cat2_5,cat3_10,no
1.602,-1.445,-1.49,-0.34,-0.157,-1.087,-1.813,-0.18,cat1_2,cat2_4,cat3_4,si
-0.875,-0.217,-0.376,1.275,0.038,0.356,-1.031,0.505,cat1_2,cat2_4,cat3_6,no
-1.998,-1.989,-0.532,1.33,1.401,0.324,0.828,0.35,cat1_2,cat2_4,cat3_8,no
1.769,-1.5,1.166,0.509,1.953,-0.489,1.591,-1.113,cat1_0,cat2_3,cat3_4,si
-0.274,-0.319,0.666,-1.773,1.019,-1.45,-0.925,1.641,cat1_2,cat2_1,cat3_3,no
0.083,0.516,-1.409,1.079,0.636,-0.135,0.052,0.608,cat1_0,cat2_5,cat3_1,no
1.355,0.885,1.707,0.225,0.009,0.62,-1.83,0.247,cat1_3,cat2_0,cat3_14,si
1.933,0.531,-1.44,1.308,-0.701,-1.549,1.396,-1.878,cat1_3,cat2_3,cat3_9,si
-1.468,-0.729,1.944,-1.434,0.412,0.559,-0.019,-0.117,cat1_1,cat2_5,cat3_9,no
1.713,-1.611,1.018,-0.069,1.276,1.234,0.133,0.029,cat1_0,cat2_3,cat3_9,no
-0.88,1.334,1.227,1.594,-1.803,-0.943,-0.076,-0.385,cat1_1,cat2_0,cat3_11,no
1.518,0.47,1.564,-0.871,0.622,0.701,0.716,1.792,cat1_2,cat2_4,cat3_2,no
-1.005,0.892,1.351,0.542,-0.53,-0.531,1.419,-1.592,cat1_1,cat2_0,cat3_7,no
1.667,-0.949,0.583,0.817,1.451,0.905,0.872,0.205,cat1_0,cat2_1,cat3_14,si
-0.058,0.282,0.578,0.607,-0.663,0.952,-1.983,0.263,cat1_0,cat2_2,cat3_7,no
0.188,-1.324,-1.177,0.464,1.567,-1.059,-0.534,-1.683,cat1_3,cat2_1,cat3_5,no
0.377,1.883,1.545,1.851,-1.544,1.93,1.05,1.55,cat1_1,cat2_0,cat3_14,no
1.816,1.276,-0.944,-0.741,-1.578,0.732,1.962,1.195,cat1_1,cat2_2,cat3_13,si
-0.233,-1.347,-1.468,-0.378,0.283,-1.411,-1.231,1.147,cat1_0,cat2_2,cat3_1,no
1.228,-0.634,-1.456,1.323,0.265,-1.698,-1.471,0.102,cat1_2,cat2_5,cat3_14,no
1.362,1.15,1.231,0.094,0.406,0.028,0.992,0.977,cat1_0,cat2_2,cat3_1,si
-1.467,0.895,1.418,1.679,-1.416,-0.482,-1.175,1.188,cat1_3,cat2_4,cat3_14,no
-1.627,-0.306,-0.36,1.124,1.542,1.529,0.004,0.344,cat1_3,cat2_4,cat3_3,no
0.947,0.192,1.642,-1.696,1.838,0.249,1.449,-1.6,cat1_1,cat2_4,cat3_8,si
-0.939,1.038,-1.681,1.245,0.671,-1.775,0.053,0.892,cat1_2,cat2_3,cat3_3,no
-1.325,-0.329,0.152,1.574,-0.824,0.217,0.025,-0.879,cat1_2,cat2_1,cat3_13,no
-0.242,0.733,-0.247,1.649,-0.117,0.261,-1.475,0.364,cat1_2,cat2_1,cat3_8,si
1.002,1.756,0.677,-1.193,0.402,1.919,0.666,1.909,cat1_3,cat2_4,cat3_7,no
-0.236,0.565,1.143,-1.319,-1.106,-0.873,-1.862,1.758,cat1_3,cat2_1,cat3_7,no
1.759,-1.437,0.325,-1.627,-1.9,0.82,0.654,0.706,cat1_1,cat2_5,cat3_4,si
-0.05,-1.999,1.382,1.615,0.582,0.21,0.945,-1.854,cat1_3,,cat3_9,si
-0.348,-0.276,1.552,-1.243,1.892,1.602,-1.717,-0.054,cat1_1,cat2_0,cat3_3,no
1.892,-1.537,1.272,0.012,1.446,0.081,1.368,1.001,cat1_0,cat2_2,cat3_8,si
1.045,1.644,0.649,1.742,0.572,-0.451,0.788,-0.411,cat1_0,cat2_1,cat3_7,no
1.927,1.661,-0.475,1.855,-1.589,0.422,-0.13,-1.965,cat1_0,cat2_4,cat3_3,no
0.993,-0.751,1.47,-0.336,-0.998,0.824,-1.481,1.107,cat1_1,cat2_1,cat3_1,no
0.263,-0.818,0.119,-0.482,0.661,-0.41,0.702,1.437,cat1_3,cat2_0,cat3_5,no
1.194,-1.024,-0.601,0.738,-1.174,1.703,-0.05,0.797,cat1_0,cat2_4,cat3_10,si
-0.62,-1.256,-1.659,0.024,1.196,0.046,0.855,-1.225,cat1_1,cat2_4,cat3_2,no
-1.074,1.576,1.046,-1.045,0.998,0.154,0.91,0.124,cat1_1,cat2_1,cat3_6,no
1.34,1.257,-0.032,-0.125,-0.309,-1.668,0.512,-1.488,cat1_2,cat2_5,cat3_7,no
-1.001,-1.394,-1.743,1.143,0.812,1.16,-1.936,-0.646,cat1_2,cat2_0,cat3_0,no
1.487,-1.952,1.895,1.016,1.325,0.334,-0.132,-0.396,cat1_2,cat2_5,cat3_10,si
-1.623,1.424,1.431,-1.58,0.209,-1.64,-0.808,1.349,cat1_1,cat2_5,cat3_1,no
1.982,0.598,0.373,1.296,-1.584,-0.293,-1.041,-0.037,cat1_1,cat2_4,cat3_10,si
-1.805,,0.803,-1.57,0.935,1.587,1.468,-0.243,cat1_3,cat2_3,cat3_7,no
-0.857,-1.709,0.568,1.072,1.811,1.372,-1.851,-1.026,cat1_1,cat2_4,cat3_2,si
0.249,0.892,0.923,1.806,0.749,-0.958,-1.787,-0.689,cat1_3,cat2_4,cat3_10,no
-0.493,1.189,-1.108,1.357,0.426,-1.421,-0.07,0.002,cat1_0,cat2_0,cat3_2,no
-0.537,1.515,1.78,-0.375,-1.904,-0.183,-1.496,-1.036,cat1_3,cat2_5,cat3_13,no
-1.901,-1.658,0.196,1.143,-1.257,-1.719,0.448,-1.164,cat1_2,cat2_5,cat3_10,si
-1.625,-0.993,1.159,0.166,-0.008,1.031,1.136,1.177,cat1_2,cat2_1,cat3_10,no
-1.743,0.802,-1.656,-1.303,1.36,-1.021,-1.191,-1.352,cat1_2,cat2_3,cat3_6,no
0.26,-0.445,-0.901,1.84,-1.972,1.731,0.322,0.521,cat1_3,cat2_0,cat3_10,no
0.02,-1.279,-1.933,0.085,1.449,-1.654,0.269,0.684,cat1_2,cat2_0,cat3_7,no
0.567,1.215,-1.341,-1.963,-1.413,-1.388,-1.919,-0.675,cat1_3,cat2_5,cat3_2,no
-0.437,0.493,1.613,-0.783,-1.361,0.751,-1.816,-0.349,cat1_0,cat2_2,cat3_2,no
-1.506,1.516,1.398,1.699,0.668,-0.688,0.086,0.943,cat1_3,cat2_4,cat3_5,no
1.871,0.141,1.454,-0.157,-1.059,1.548,1.451,-0.523,cat1_1,cat2_2,cat3_9,no
-1.136,0.255,0.074,0.587,1.756,0.279,-0.48,0.824,cat1_1,cat2_0,cat3_5,no
-0.358,-1.474,-1.978,-1.037,-1.746,-0.938,-0.293,-1.259,cat1_2,cat2_5,cat3_8,si
,0.481,1.01,-1.356,-1.754,0.881,1.705,1.458,cat1_3,cat2_4,cat3_2,no
-1.26,1.964,-0.19,-0.067,-0.09,-1.718,-0.169,-1.358,cat1_2,cat2_0,cat3_2,si
-1.078,0.538,0.762,-0.392,-1.164,1.738,-1.92,-1.769,cat1_3,cat2_4,cat3_13,no
0.331,1.217,0.027,-0.583,-1.69,-1.549,0.31,-1.261,cat1_1,cat2_2,cat3_9,no
-1.783,1.063,-0.651,-1.357,1.956,-1.44,1.373,-0.884,cat1_3,cat2_2,cat3_6,no
-1.828,-1.35,1.964,0.417,0.287,-1.244,-0.038,1.088,cat1_1,cat2_2,cat3_9,si
0.904,,1.642,0.406,-1.22,-1.462,1.024,-1.763,cat1_2,cat2_3,cat3_8,no
0.104,-0.033,-0.146,-1.858,-0.093,-0.527,-0.409,-0.48,cat1_2,cat2_5,cat3_14,si
,-1.753,-1.312,0.728,0.829,0.383,1.523,-0.162,cat1_1,cat2_5,cat3_3,si
0.91,-0.267,0.169,-1.332,-0.86,-1.561,-0.122,1.349,cat1_2,cat2_4,cat3_9,no
-1.54,-1.367,1.877,0.542,0.766,-0.505,1.65,-0.78,cat1_3,cat2_5,cat3_0,si
0.365,-0.44,1.612,-0.117,-0.468,-0.805,-0.077,-0.947,cat1_0,cat2_0,cat3_3,no
0.438,1.282,-1.031,1.405,-1.401,1.605,0.705,1.47,cat1_3,cat2_5,cat3_14,no
-1.609,-0.268,0.809,0.525,-0.048,-1.926,1.675,0.929,cat1_0,,cat3_11,no
-1.438,1.472,-0.01,-1.614,-1.992,1.529,0.93,0.249,cat1_1,cat2_2,cat3_11,no
0.333,-1.835,1.798,0.126,-0.775,-0.219,-0.96,-0.584,cat1_1,cat2_0,cat3_1,si
-0.307,0.702,-1.226,1.254,-0.138,-0.198,-0.864,-0.746,cat1_0,cat2_0,cat3_9,no
-1.712,0.168,-1.365,0.799,0.673,-0.605,1.458,-0.002,cat1_1,cat2_1,cat3_12,no
,-1.09,-0.278,0.013,-0.297,-0.332,0.154,-0.957,cat1_1,cat2_1,cat3_1,si
-0.149,-1.032,1.596,0.545,-0.826,0.395,-1.731,-0.588,cat1_1,cat2_4,cat3_11,si
-0.794,-1.359,-1.062,1.041,-1.376,0.695,0.707,0.437,cat1_1,cat2_5,cat3_8,no
1.204,-0.037,-0.404,0.901,-0.584,1.801,0.979,1.681,cat1_2,cat2_5,cat3_8,no
-1.426,1.009,0.743,0.602,0.261,-1.042,0.453,0.051,cat1_0,cat2_3,cat3_3,no
1.91,0.66,1.555,0.798,1.398,-1.223,1.2,0.477,cat1_2,cat2_4,cat3_5,si
-0.366,1.894,-0.902,1.984,0.139,-0.73,1.039,0.497,cat1_0,cat2_4,cat3_5,no
-0.687,0.076,-0.679,1.45,1.95,1.08,1.287,0.438,cat1_3,cat2_0,cat3_13,no
-0.625,-0.77,1.315,-0.626,-1.307,0.336,-0.562,1.186,cat1_3,cat2_5,cat3_14,no
-1.073,-1.161,-1.809,-0.934,-1.967,-0.314,1.415,-1.377,cat1_0,cat2_1,cat3_11,no
0.718,-1.521,-1.244,-0.911,-0.912,-0.49,-1.818,-1.773,cat1_2,cat2_3,cat3_4,no
-1.551,,-1.135,-1.309,-1.314,1.028,0.85,0.92,cat1_2,cat2_5,cat3_2,no
-0.224,-1.625,-0.954,-0.349,-1.583,0.171,0.255,-0.092,cat1_3,cat2_0,cat3_4,no
0.209,-0.687,1.597,1.477,-1.91,0.81,1.729,-0.387,cat1_3,cat2_0,cat3_2,no
-1.952,-1.001,0.26,1.68,-0.052,-1.078,-0.59,1.929,cat1_3,cat2_1,cat3_3,no
-0.78,1.146,1.152,-1.576,-0.489,-1.497,1.936,1.091,cat1_3,cat2_0,cat3_9,no
0.516,-0.359,0.41,-1.61,-0.491,1.858,0.436,0.148,cat1_1,cat2_2,cat3_4,si
,1.108,0.158,1.503,-0.59,-0.31,-1.008,-1.629,cat1_3,cat2_2,cat3_14,no
1.615,-1.924,-1.347,0.713,-0.63,-1.713,1.864,0.63,cat1_3,cat2_5,cat3_9,si
1.985,0.505,1.712,-1.245,1.234,-0.468,-1.171,1.408,cat1_0,cat2_2,cat3_12,si
1.789,1.596,-0.984,-1.286,1.932,-0.943,-0.276,-0.326,cat1_3,cat2_5,cat3_0,no
-1.734,-0.005,0.337,-0.71,-1.782,-1.199,0.989,0.603,cat1_1,cat2_1,cat3_6,no
,0.547,-1.394,-0.586,-0.421,1.605,-1.537,-1.733,cat1_1,cat2_4,cat3_13,no
,-1.718,0.094,-1.84,0.463,1.354,1.197,-0.842,cat1_0,cat2_2,cat3_10,no
-0.854,0.879,1.72,-1.862,-1.938,-1.556,1.957,0.813,cat1_0,cat2_2,cat3_14,no
0.333,0.676,-0.66,0.416,0.405,-0.239,-1.555,1.351,cat1_0,cat2_3,cat3_5,no
1.514,-1.502,1.358,-0.668,1.51,-0.67,0.458,1.57,cat1_3,,cat3_5,si
0.648,-1.866,0.445,0.329,-0.309,-0.643,1.527,0.809,cat1_0,cat2_0,cat3_1,no
-1.122,-1.831,1.648,-0.892,0.901,1.531,-0.196,0.516,cat1_1,cat2_3,cat3_9,no
-1.327,,-0.745,0.205,1.359,0.336,-1.811,-1.851,cat1_0,cat2_5,cat3_8,no
-1.945,-1.372,-0.409,1.896,-0.075,1.88,0.199,-1.081,cat1_2,cat2_4,cat3_4,no
1.448,,-0.15,-0.085,-0.051,0.86,-0.806,-0.632,cat1_2,cat2_5,cat3_7,no
-0.366,0.832,0.566,-1.091,-1.176,-0.422,-0.26,-0.149,cat1_0,cat2_4,cat3_7,no
1.753,0.592,0.181,1.583,0.649,-1.396,1.509,-0.987,cat1_0,cat2_5,cat3_2,no
-0.494,1.787,0.576,-1.117,1.793,0.86,-0.176,-1.468,cat1_2,cat2_3,cat3_0,no
-0.185,0.5,1.092,-1.666,1.694,0.923,1.881,1.802,cat1_1,cat2_2,cat3_10,no
-0.136,0.714,1.965,-0.662,1.952,-1.207,-0.004,-1.265,cat1_2,cat2_2,cat3_11,no
0.322,1.138,-0.549,-0.777,-1.686,-1.661,1.608,1.568,cat1_1,cat2_3,cat3_6,no
-0.164,,-1.438,1.748,-0.928,-0.563,1.228,-0.968,cat1_1,cat2_5,cat3_13,si
-0.588,-1.045,1.194,1.364,1.026,-1.25,-1.344,1.956,cat1_2,cat2_2,cat3_14,no
1.86,-0.989,-0.332,-0.505,-0.47,-1.419,-0.229,1.137,cat1_3,cat2_0,cat3_4,si
1.664,-1.805,-0.73,-0.633,1.255,0.158,1.159,0.594,cat1_3,cat2_2,cat3_7,si
-1.147,-1.392,-0.751,1.661,1.957,-1.66,-1.421,-0.936,cat1_0,cat2_3,cat3_11,no
-0.42,-0.849,0.927,0.057,-1.675,1.694,-1.284,0.416,cat1_1,cat2_1,cat3_5,si
-0.419,1.085,-0.641,-0.606,0.347,-0.536,0.541,0.695,cat1_1,cat2_5,cat3_13,no
-1.226,0.943,1.075,-0.123,0.745,-1.191,-1.423,0.461,cat1_0,cat2_2,cat3_7,no
1.371,1.995,0.465,-0.908,1.536,0.287,-1.985,-1.081,cat1_1,cat2_2,cat3_13,si
1.564,-1.383,-0.002,1.793,0.395,-1.405,0.004,0.481,cat1_3,cat2_3,cat3_2,si
1.436,1.897,-1.85,0.165,0.44,0.863,0.005,-0.726,cat1_1,cat2_1,cat3_2,no
0.479,-0.372,0.726,-1.004,0.358,-0.323,-0.656,-0.762,cat1_2,cat2_3,cat3_11,no
-0.114,,0.52,-1.58,-1.842,0.455,0.439,-1.027,cat1_0,cat2_4,cat3_8,si
0.502,0.067,-0.624,-1.361,-1.031,1.519,-0.553,-1.992,cat1_1,cat2_4,cat3_1,si
1.641,-0.884,0.455,0.839,1.616,-0.294,0.15,-0.567,cat1_2,cat2_3,cat3_4,si
0.751,0.213,0.951,1.93,0.05,1.899,0.887,0.964,cat1_1,cat2_5,cat3_13,no
-0.533,-0.522,-0.652,-1.244,0.913,0.089,1.152,0.974,cat1_3,cat2_5,cat3_2,no
-0.304,-1.639,1.875,1.807,1.339,-0.007,0.752,1.973,cat1_1,cat2_4,cat3_2,si
1.018,,1.816,-1.66,0.03,1.051,-0.822,0.688,cat1_1,cat2_0,cat3_10,no
0.822,-1.91,-0.359,-0.719,-1.613,0.014,-1,0.234,cat1_2,cat2_1,cat3_14,si
0.711,-1.656,1.181,1.558,-1.646,-1.257,0.508,1.051,cat1_0,cat2_5,cat3_7,si
0.729,-1.209,-0.893,-1.871,-1.067,-1.258,0.35,-0.854,cat1_1,cat2_5,cat3_4,si
0.084,0.685,-0.256,-1.728,-1.271,-1.803,-0.746,-0.067,cat1_3,cat2_2,cat3_8,si
-0.804,1.22,-0.628,1.081,0.158,1.022,-1.703,-1.844,cat1_2,cat2_1,cat3_6,no
-0.873,-0.727,0.159,1.729,0.712,-0.201,1.265,-1.281,cat1_1,cat2_3,cat3_9,si
1.657,0.556,-0.364,-0.271,1.809,0.099,1.221,1.46,cat1_3,cat2_0,cat3_13,no
1.5,-1.44,0.224,1.199,1.685,-1.022,1.553,-0.606,cat1_0,cat2_1,cat3_6,si
0.187,0.277,1.509,-1.282,1.386,0.748,1.261,0.284,cat1_1,cat2_2,cat3_7,no
1.589,1.432,-0.063,1.776,-1.481,1.678,0.784,0.633,cat1_3,cat2_2,cat3_4,no
1.409,-0.989,-0.962,0.958,-1.215,-0.085,-0.35,0.614,cat1_3,cat2_2,cat3_5,no
-1.117,-0.021,-0.699,0.924,0.169,0.603,0.69,1.952,cat1_0,cat2_3,cat3_13,no
-0.583,0.741,-0.682,-0.399,1.995,0.124,-1.733,1.821,cat1_1,cat2_4,cat3_5,no
-1.977,-1.066,-1.376,0.711,-1.876,0.318,-0.79,-1.794,cat1_3,cat2_4,cat3_1,no
-0.073,0.733,0.931,0.488,0.823,0.114,-1.038,1.373,cat1_2,,cat3_1,si
1.929,-0.781,1.193,-1.013,0.333,-1.03,0.114,0.28,cat1_0,cat2_3,cat3_12,si
1.335,,0.014,1.807,0.68,0.761,-1.952,-1.048,cat1_1,cat2_2,cat3_1,no
0.306,-0.863,-1.436,-0.059,-1.828,-1.27,1.224,0.473,cat1_3,cat2_2,cat3_3,si
-0.795,0.509,0.061,-1.282,-1.918,-0.526,-0.141,-1.588,cat1_2,cat2_0,cat3_4,no
0.125,-0.861,-1.678,-1.511,0.664,-1.326,-1.712,-1.612,cat1_3,cat2_1,cat3_14,no
-0.851,0.634,-1.263,-0.809,-0.33,-0.09,1.741,0.431,cat1_0,cat2_3,cat3_3,no
-0.913,1.003,-1.618,0.015,-0.543,-1.063,0.121,-0.297,cat1_1,cat2_2,cat3_9,no
-0.578,,-1.794,-0.76,-0.095,-0.011,0.107,1.035,cat1_0,cat2_5,cat3_0,no
1.202,,-0.834,-0.182,0.063,0.483,-1.095,0.119,cat1_0,cat2_0,cat3_7,si
1.588,-0.788,1.624,-1.848,0.747,-0.071,0.817,-1.884,cat1_0,cat2_0,cat3_4,si
1.18,1.801,-0.943,-1.398,1.388,1.98,-0.019,0.822,cat1_3,cat2_0,cat3_11,no
-1.654,-0.59,-0.629,1.39,-0.224,-0.825,-0.124,-1.729,cat1_1,cat2_2,cat3_0,no
-1.003,0.01,0.777,0.881,1.564,-0.915,-0.186,-0.018,cat1_3,cat2_4,cat3_5,no
0.148,1.398,-1.908,-1.83,1.822,0.575,-0.928,1.186,cat1_0,cat2_5,cat3_10,no
0.244,0.786,-0.734,1.096,1.809,1.072,1.282,-1.146,cat1_1,cat2_3,cat3_13,no
-0.862,1.89,-1.022,1.866,-1.114,-0.648,1.868,0.41,cat1_0,cat2_2,cat3_7,no
-1.906,1.34,1.708,0.733,1.769,-1.456,-0.489,0.972,cat1_0,cat2_5,cat3_10,no
-0.55,-1.812,1.847,1.25,0.453,-1.406,-1.942,1.602,cat1_1,cat2_2,cat3_10,no
1.456,0.592,1.656,-0.821,-0.954,-0.186,-1.505,0.11,cat1_3,cat2_4,cat3_14,no
-1.609,-0.435,-0.117,-1.978,-0.292,-0.211,-0.983,0.445,cat1_2,cat2_2,cat3_8,no
0.664,1.506,0.47,-0.323,1.098,-1.427,-1.398,1.717,cat1_0,cat2_1,cat3_6,no
0.403,-0.372,0.647,1.61,-0.746,-0.381,-0.479,1.085,cat1_2,cat2_3,cat3_4,si
0.857,-0.855,-1.404,0.754,-0.632,0.52,0.243,0.151,cat1_1,cat2_0,cat3_10,si
-0.828,-1.872,0.854,1.288,-0.732,-1.54,-0.42,-0.788,cat1_1,cat2_2,cat3_1,si
-0.701,1.386,-1.59,0.672,1.504,-1.065,1.526,1.587,cat1_0,,cat3_10,no
-0.825,-1.626,-0.631,-1.699,0.638,1.967,1.082,0.639,cat1_2,cat2_3,cat3_10,si
0.039,-1.782,-0.784,-1.146,-1.478,0.378,0.189,-0.728,cat1_0,cat2_3,cat3_4,si
-0.36,1.074,-0.201,1.299,1.839,0.106,-1.205,-0.869,cat1_2,,cat3_11,no
1.305,0.923,-1.884,0.534,-0.705,-1.739,1.579,0.708,cat1_0,cat2_5,cat3_7,no
1.199,-0.608,-0.57,1.979,1.712,0.125,-0.12,1.52,cat1_1,cat2_5,cat3_2,si
0.235,-1.862,-1.163,0.638,0.343,-0.581,0.616,-1.77,cat1_0,cat2_1,cat3_6,no
-1.518,1.682,-0.497,0.56,-1.855,-0.585,0.415,1.876,cat1_2,cat2_1,cat3_7,no
1.461,0.155,1.062,-0.124,-0.174,1.451,1.851,-1.988,cat1_1,cat2_3,cat3_3,si
1.623,-0.424,1.916,-1.417,1.751,-1.104,-1.417,1.808,cat1_2,cat2_0,cat3_2,si
1.348,-1.24,-1.85,1.96,-0.149,0.898,-0.934,1.131,cat1_2,cat2_2,cat3_13,si
-1.534,-1.125,-0.669,0.999,-1.973,1.316,0.532,-0.433,cat1_1,cat2_1,cat3_0,no
-0.726,-0.34,1.799,-1.563,0.914,-0.95,1.675,-1.368,cat1_2,cat2_1,cat3_6,no
0.892,,0.205,0.692,0.882,-0.413,0.863,0.107,cat1_0,cat2_1,cat3_14,si
1.102,0.766,-0.388,-1.258,1.496,-0.036,-1.547,-0.724,cat1_3,cat2_2,cat3_8,no
0.324,,-1.063,-1.101,0.734,1.393,-1.75,0.372,cat1_1,cat2_0,cat3_2,no
-1.542,0.968,0.89,1.866,-1.265,1.568,-0.811,1.001,cat1_0,cat2_0,cat3_6,no
-1.441,-1.769,0.307,0.258,-1.457,-1.12,0.029,1.683,cat1_2,cat2_0,cat3_2,no
-1.853,0.634,-1.852,0.713,-0.833,-1.885,1.085,1.476,cat1_3,cat2_0,cat3_7,no
-1.917,1.555,0.828,1.533,-0.798,1.395,0.244,-1.331,cat1_3,cat2_3,cat3_10,no
1.269,-0.16,1.216,1.092,0.011,-1.119,0.143,0.703,cat1_1,cat2_2,cat3_9,si
1.868,-1.496,-0.833,-0.47,-1.179,-1.848,1.359,1.869,cat1_0,cat2_1,cat3_13,si
-0.561,-1.309,0.217,-0.068,1.681,0.499,-0.853,1.962,cat1_0,cat2_4,cat3_0,no
,1.684,1.399,-0.34,-0.436,0.337,1.727,-1.87,cat1_1,cat2_0,cat3_11,no
-1.335,0.629,-1.501,-0.113,-1.228,-0.944,-1.507,0.465,cat1_0,cat2_2,cat3_2,no
-1.234,-0.037,1.702,0.858,-1.832,-0.946,0.571,-1.618,cat1_0,cat2_4,cat3_1,no
1.886,1.709,-1.805,-0.295,-1.869,1.403,-1.397,0.151,cat1_2,cat2_0,cat3_14,no
-0.94,-1.389,0.061,1.273,-1.633,-0.773,-1.744,1.578,cat1_2,cat2_0,cat3_12,si
-0.089,0.991,1.734,1.137,1.948,0.581,-1.817,-1.45,cat1_2,cat2_3,cat3_0,si
0.328,1.253,-1.277,-0.893,-0.644,1.071,-0.158,0.274,cat1_2,cat2_3,cat3_1,no
0.763,-1.025,-1.646,0.683,-0.474,-1.654,1.07,-1.054,cat1_2,,cat3_5,no
0.158,-1.7,-0.895,0.419,0.538,0.446,1.77,-0.566,cat1_1,cat2_3,cat3_2,si
-0.153,-0.526,-1.701,-0.002,1.59,1.874,-0.646,-1.386,cat1_3,cat2_0,cat3_7,si
1.217,-1.469,-1.427,-1.104,1.092,1.607,1.098,0.252,cat1_2,cat2_0,cat3_10,si
1.86,0.957,-1.357,-0.007,-1.367,1.801,0.964,1.652,cat1_0,cat2_1,cat3_14,no
-1.336,1.417,-1.184,-0.054,-0.586,0.071,0.472,-0.734,cat1_0,cat2_3,cat3_5,no
1.697,1.371,-1.05,1.716,-1.625,0.088,0.181,-1.789,cat1_0,cat2_4,cat3_6,no
0.132,1.92,0.824,0.64,-0.287,0.53,-1.382,0.316,cat1_1,,cat3_10,si
-1.155,-1.276,-0.223,-1.649,-0.933,1.581,1.557,-0.418,cat1_3,cat2_0,cat3_12,no
-1,-0.796,1.571,-1.79,1.909,-1.52,0.991,-1.74,cat1_2,cat2_0,cat3_7,no
0.309,0.796,-0.015,0.788,0.897,0.406,-0.232,0.342,cat1_0,cat2_2,cat3_13,no
-1.646,-1.91,-1.977,0.269,1.373,-0.546,0.844,-0.062,cat1_3,cat2_3,cat3_11,no
-1.44,1.859,-0.535,0.292,-0.82,1.387,-0.739,1.198,cat1_1,cat2_5,cat3_8,no
0.293,0.792,-1.487,0.961,1.101,0.445,-1.863,1.625,cat1_3,cat2_4,cat3_5,no
0.568,-1.959,1.214,-1.364,-1.975,-0.701,-0.127,1.237,cat1_3,cat2_5,cat3_8,si
0.795,-1.986,1.683,0.85,1.625,0.819,-0.539,1.242,cat1_3,cat2_1,cat3_12,si
1.691,1.576,1.721,1.975,-1.687,-0.744,-0.336,0.591,cat1_1,cat2_3,cat3_11,si
0.858,-0.363,-1.789,-0.61,0.447,-1.023,-1.631,-0.382,cat1_3,cat2_3,cat3_3,no
-1.426,1.961,-0.947,-1.902,1.213,0.943,-1.252,-1.849,cat1_2,cat2_5,cat3_12,no
-0.398,-1.325,-0.623,-1.757,1.968,0.224,-1.357,1.699,cat1_1,cat2_3,cat3_2,no
1.15,-1.567,-0.551,-1.052,-1.914,1.868,-1.4,-1.227,cat1_1,cat2_1,cat3_13,si
-0.867,-1.357,-0.429,-0.851,1.763,-1.111,1.982,-1.255,cat1_3,cat2_2,cat3_2,no
1.363,1.637,-1.976,-1.422,-1.228,1.696,0.188,-1.784,cat1_2,cat2_1,cat3_11,no
-0.571,-0.225,-1.065,1.794,0.961,1.701,1.837,-1.514,cat1_0,cat2_3,cat3_14,no
0.876,-1.488,0.354,-0.001,0.947,0.837,1.962,-0.814,cat1_1,cat2_1,cat3_14,si
-1.246,0.372,1.926,0.623,-0.311,0.952,-0.242,0.958,cat1_3,cat2_1,cat3_2,no
-0.47,0.145,-0.304,-0.155,-1.585,-0.46,-0.419,-0.182,cat1_1,cat2_1,cat3_11,no
-0.204,0.81,-0.659,0.848,0.593,1.886,0.836,1.778,cat1_0,cat2_3,cat3_13,no
-1.273,-1.202,-0.462,-1.034,1.005,-0.857,1.876,-0.987,cat1_2,cat2_5,cat3_4,no
-0.127,-1.235,-0.859,-0.8,-1.956,-0.994,1.425,-1.42,cat1_1,cat2_5,cat3_8,si
-1.218,-0.935,-1.089,1.264,-0.974,1.325,-0.368,-0.112,cat1_3,cat2_5,cat3_12,no
1.839,-1.52,-1.018,1.903,0.833,-0.419,0.056,-0.18,cat1_3,cat2_4,cat3_10,si
0.253,-1.037,0.229,-1.146,0.024,-0.517,-1.617,-1.629,cat1_3,cat2_0,cat3_6,no
-1.608,0.474,0.332,-0.589,0.01,-1.439,-1.754,-0.034,cat1_0,cat2_0,cat3_12,no
0.327,0.814,0.399,0.965,-1.054,1.259,-1.938,-0.544,cat1_1,,cat3_3,si
-1.587,-0.625,-1.365,-1.935,-0.967,-0.187,0.772,-1.158,cat1_2,cat2_5,cat3_6,no
-0.83,1.348,-1.137,-0.344,0.513,1.24,-1.112,1.454,cat1_1,cat2_2,cat3_13,no
-0.93,-0.432,-0.941,-1.405,-1.953,1.514,-1.176,-1.265,cat1_2,cat2_5,cat3_3,no
-1.024,0.365,-1.913,1.218,-1.827,-0.699,0.935,-1.539,cat1_3,cat2_4,cat3_2,no
-0.304,1.976,-1.087,0.227,0.196,-0.892,-1.209,-0.732,cat1_3,cat2_4,cat3_0,no
0.212,-0.736,1.526,-1.125,-1.317,0.051,-1.723,-1.52,cat1_1,cat2_0,cat3_7,no
0.397,1.108,1.017,1.146,-1.269,1.156,-0.104,1.32,cat1_0,cat2_5,cat3_8,no
-1.541,1.646,-0.527,1.416,-0.187,1.922,0.106,-1.921,cat1_1,cat2_4,cat3_2,no
0.315,1.602,0.066,-1.653,1.86,0.605,-1.363,-0.88,cat1_1,cat2_2,cat3_9,no
1.966,-1.748,-0.927,1.066,1.837,0.166,-1.871,-1.382,cat1_1,cat2_4,cat3_12,si
,-1.33,-1.717,-1.448,1.18,-0.761,0.963,1.481,cat1_1,cat2_2,cat3_1,si
1.685,-1.388,-1.603,1.379,1.561,0.649,0.222,-1.464,cat1_3,cat2_4,cat3_11,si
-1.1,1.189,0.343,-0.216,-1.456,-0.454,0.81,-1.019,cat1_3,cat2_1,cat3_13,no
-0.511,1.53,1.072,-1.992,-0.96,0.234,1.19,0.896,cat1_0,cat2_2,cat3_0,no
0.231,-1.946,-0.494,-1.035,-1.559,1.205,-0.696,1.03,cat1_0,cat2_4,cat3_5,si
-1.859,-1.041,-0.49,-0.848,-0.642,-0.365,0.833,1.567,cat1_2,cat2_0,cat3_0,no
1.177,0.455,0.985,-0.756,0.699,1.118,0.645,0.451,cat1_3,cat2_0,cat3_12,no
1.634,-1.989,0.558,1.972,-0.222,1.734,-1.585,-0.516,cat1_2,cat2_3,cat3_3,si
-1.238,0.949,0.085,0.228,-1.685,-0.624,0.398,-0.266,cat1_2,cat2_0,cat3_13,no
-0.891,-0.157,1.15,-0.726,-0.363,1.957,0.96,-0.697,cat1_3,,cat3_7,no
-1.658,1.299,-0.515,0.041,1.069,1.757,0.857,-0.529,cat1_0,cat2_2,cat3_12,no
-1.322,-1.867,0.304,-0.688,1.923,-1.53,1.322,1.257,cat1_3,cat2_3,cat3_6,no
-1.991,0.982,0.602,-0.127,-0.184,-1.285,-1.825,-0.403,cat1_1,cat2_0,cat3_0,no
-1.469,-1.52,0.869,1.87,0.097,1.037,0.534,0.269,cat1_0,cat2_2,cat3_12,si
0.879,-1.006,0.157,0.295,-1.422,-1.435,1.737,-1.811,cat1_1,cat2_1,cat3_0,si
0.066,1.72,0.448,-0.938,1.121,0.113,-1.607,-0.3,cat1_3,cat2_3,cat3_7,no
-1.732,-0.241,-0.031,-0.438,-1.377,-0.872,1.994,0.655,cat1_2,cat2_0,cat3_12,no
-1.722,0.157,1.606,-1.611,0.658,1.413,-1.655,-1.224,cat1_0,cat2_0,cat3_5,no
-0.4,0.249,1.809,-0.484,-1.679,-1.434,-0.948,0.821,cat1_1,cat2_3,cat3_13,no
-0.946,-0.102,-0.835,0.856,-1.944,1.474,1.301,-1.633,cat1_2,cat2_0,cat3_0,si
-1.902,-1.084,-1.74,0.064,1.767,-1.221,-0.896,0.743,cat1_2,cat2_0,cat3_14,si
0.356,0.893,-1.506,-0.477,-1.115,-1.248,1.462,1.895,cat1_3,cat2_1,cat3_1,no
1.233,0.162,-1.01,-1.193,-1.575,0.91,1.82,-0.411,cat1_3,cat2_5,cat3_13,no
1.411,-0.723,-1.403,-0.656,1.349,0.842,0.086,0.252,cat1_2,cat2_3,cat3_10,no
-0.861,0.437,-1.707,-1.317,1.779,1.841,-1.589,-1.106,cat1_2,cat2_2,cat3_5,si
1.437,1.585,-0.102,-0.824,0.767,-0.626,-0.706,1.489,cat1_3,cat2_0,cat3_1,no
0.522,0.235,-1.671,-0.993,0.108,1.956,-0.23,1.51,cat1_0,cat2_4,cat3_10,si
,-1.921,-1.113,0.783,-0.528,-1.871,0.022,-0.057,cat1_1,cat2_0,cat3_2,si
,,0.654,0.921,0.874,-0.965,-0.179,0.156,cat1_1,cat2_4,cat3_13,no
0.061,0.695,-1.49,0.904,-0.701,-1.141,-1.953,0.588,cat1_2,cat2_2,cat3_10,no
-1.896,1.775,-0.349,0.662,0.866,1.357,-0.791,1.136,cat1_0,cat2_5,cat3_14,no
-0.542,-1.879,-0.103,0.421,1.823,0.868,0.228,1.232,cat1_3,cat2_3,cat3_12,no
-0.804,0.741,-1.029,-1.691,-1.508,-1.102,0.722,-0.418,cat1_0,cat2_2,cat3_4,no
1.311,-1.554,1.009,1.435,-0.871,-0.485,-0.016,-1.33,cat1_3,cat2_2,cat3_7,si
-0.762,0.287,0.902,1.248,1.012,1.725,0.998,-1.399,cat1_3,cat2_1,cat3_14,no
,-1.352,0.962,0.952,-1.51,-0.293,-1.428,-0.367,cat1_2,cat2_1,cat3_14,si
-0.571,-0.991,0.246,1.408,0.095,0.099,0.632,-0.858,cat1_0,cat2_2,cat3_14,no
0.515,-0.068,-0.147,1.592,-0.293,1.991,-0.587,-0.749,cat1_0,cat2_5,cat3_10,no
,-0.12,1.322,-1.254,0.412,-0.741,-0.156,0.411,cat1_3,cat2_5,cat3_14,no
-0.923,0.829,-0.101,0.724,-0.514,1.176,-0.276,-1.46,cat1_3,cat2_0,cat3_1,no
-0.722,1.905,0.442,1.12,1.866,-1.947,0.801,-0.42,cat1_2,cat2_2,cat3_11,no
,-0.761,-0.82,1.142,0.719,-1.887,-0.563,1.556,cat1_3,cat2_2,cat3_1,si
1.61,0.069,0.074,-0.536,0.601,1.449,1.514,1.708,cat1_2,cat2_3,cat3_8,si
1.558,-1.455,-0.623,-0.134,0.979,1.749,-0.937,0.295,cat1_0,cat2_5,cat3_5,si
-0.707,-0.354,1.062,1.173,1.048,-0.816,0.5,-0.924,cat1_0,cat2_1,cat3_13,si
0.438,-0.301,-1.234,0.53,0.461,0.434,-0.694,1.31,cat1_2,cat2_5,cat3_2,no
-0.019,-0.065,-1.908,-1.632,-1.679,0.424,1.792,-0.373,cat1_3,cat2_5,cat3_3,no
-1.928,,-1.576,0.126,0.405,1.813,0.797,-1.233,cat1_0,cat2_1,cat3_3,si
-1.602,-1.982,-1.418,1.151,0.643,1.209,1.133,1.109,cat1_0,cat2_4,cat3_4,no
1.006,1.293,1.369,-1.019,1.066,0.171,-1.852,1.456,cat1_1,cat2_1,cat3_6,si
0.349,0.775,1.968,-1.711,-1.451,0.707,-1.668,-1.011,cat1_2,cat2_2,cat3_6,no
-1.013,-1.33,-0.265,0.537,1.732,0.482,-0.525,0.686,cat1_0,cat2_3,cat3_11,no
-0.381,,1.097,-0.695,-1.762,-1.679,0.166,1.435,cat1_0,cat2_0,cat3_10,no
1.913,-1.14,0.437,-1.724,-0.847,-1.778,-0.534,-0.436,cat1_2,cat2_2,cat3_5,si
,1.288,0.745,0.245,-1.765,-1.722,-1.214,1.075,cat1_2,cat2_3,cat3_8,no
-0.501,-1.137,1.999,-0.566,-0.447,0.792,0.916,1.598,cat1_1,cat2_3,cat3_9,no
0.216,1.782,0.899,-0.182,1.263,0.014,0.499,-1.741,cat1_0,cat2_0,cat3_9,no
,-1.874,1.041,0.853,0.256,1.945,-0.177,0.596,cat1_3,cat2_0,cat3_10,si
-1.273,-1.171,-1.407,-0.149,-1.119,-0.561,-0.377,-0.774,cat1_0,cat2_4,cat3_12,no
0.025,-1.548,-1.602,0.068,-1.247,1.201,-1.667,-1.127,cat1_0,cat2_2,cat3_4,si
1.173,-0.947,1.757,0.817,0.57,-0.505,1.526,-0.787,cat1_1,cat2_2,cat3_10,si
0.849,-1.26,0.25,0.482,1.023,-0.658,-0.55,-1.008,cat1_2,,cat3_14,si
0.787,0.752,-0.514,0.506,-1.802,-0.413,1.068,1.525,cat1_1,cat2_3,cat3_6,no
0.996,-1.912,-0.868,-0.24,0.061,0.943,-0.715,-0.555,cat1_0,cat2_1,cat3_12,si
-1.363,0.848,-0.269,-0.699,1.977,0.711,1.51,-1.045,cat1_2,cat2_1,cat3_3,no
-0.947,1.075,1.898,0.925,-1.952,-0.799,-1.056,0.436,cat1_2,cat2_3,cat3_11,no
-1.378,,-0.527,-0.607,-0.944,-1.91,-0.887,0.527,cat1_1,cat2_4,cat3_1,no
,1.15,-0.619,-0.726,0.965,1.96,0.479,-1.487,cat1_2,cat2_4,cat3_0,no
1.81,-0.365,-0.973,1.441,-1.416,1.696,-0.573,0.54,cat1_2,cat2_1,cat3_4,si
-0.859,-1.625,-1.274,-1.06,0.071,-1.607,-0.676,-1.825,cat1_1,cat2_2,cat3_6,no
-1.22,-1.914,-1.832,0.627,1.03,1.758,-1.782,1.963,cat1_2,cat2_5,cat3_1,no
0.747,-1.315,-1.169,-0.123,1.535,0.321,-1.595,-0.801,cat1_2,cat2_4,cat3_2,no
-1.976,-0.126,0.059,-1.684,-1.016,1.377,-0.169,-1.378,cat1_0,cat2_2,cat3_11,no
-0.747,-1.885,0.4,0.742,-1.091,1.637,-0.664,-1.926,cat1_1,cat2_4,cat3_8,si
-1.957,-0.804,-1.762,1.703,-1.314,-1.961,1.264,-1.655,cat1_2,cat2_2,cat3_1,no
-0.462,1.519,1.456,-1.025,0.951,0.081,-0.607,-1.394,cat1_1,cat2_5,cat3_3,no
-0.674,-1.463,-1.242,-0.487,-1.331,-0.962,1.106,-0.085,cat1_1,cat2_0,cat3_11,no
0.029,1.603,1.16,0.925,0.831,0.132,-0.712,0.694,cat1_0,cat2_1,cat3_0,no
-0.5,-1.251,-1.907,-0.133,-0.986,-1.933,0.507,-0.391,cat1_3,cat2_5,cat3_12,si
0.708,-1.712,0.197,1.875,1.846,-1.76,-1.102,1.721,cat1_1,cat2_4,cat3_7,si
-1.12,1.136,-1.64,0.062,1.812,-1.384,0.799,-1.914,cat1_3,,cat3_10,no
-1.952,-1.059,1.048,0.983,1.987,-1.867,-1.598,-1.145,cat1_3,cat2_0,cat3_13,no
1.209,1.847,0.414,1.061,0.734,0.318,0.581,-1.525,cat1_1,cat2_3,cat3_2,no
0.977,1.867,-1.387,0.725,0.025,1.657,-0.524,1.604,cat1_0,cat2_0,cat3_2,no
1.498,-1.18,1.223,-0.626,-1.708,-0.404,-0.787,-1.973,cat1_3,cat2_2,cat3_10,no
-0.211,-0.169,1.627,-0.768,-0.409,-1.27,1.795,-1.791,cat1_1,cat2_1,cat3_3,si
,-0.883,-1.822,0.376,1.772,-1.195,1.778,-1.05,cat1_1,cat2_1,cat3_11,si
-0.844,1.006,-0.938,-1.51,1.691,0.984,-1.118,0.863,cat1_2,cat2_3,cat3_6,no
-1.038,0.678,1.176,0.805,-0.913,1.394,-0.788,0.387,cat1_1,cat2_2,cat3_7,no
-0.999,1.521,1.433,-1.177,0.636,1.251,-1.332,0.334,cat1_2,cat2_4,cat3_14,no
1.088,-1.694,1.128,1.813,1.297,0.333,1.685,1.404,cat1_2,cat2_2,cat3_4,si
1.652,-0.85,-1.359,-1.167,-1.301,-1.875,0.863,1.115,cat1_3,cat2_4,cat3_0,si
0.825,-0.591,1.602,-1.964,0.197,0.443,-1.269,-0.188,cat1_0,cat2_1,cat3_12,si
-0.803,-1.122,0.438,-1.573,-1.41,-0.901,1.758,-1.433,cat1_2,cat2_1,cat3_13,no
-1.223,0.334,-1.652,-0.36,1.672,-0.203,1.788,-1.879,cat1_1,cat2_1,cat3_13,no
0.628,-1.886,-1.049,0.099,1.399,1.012,-0.241,1.978,cat1_1,cat2_4,cat3_1,si
0.974,0.025,0.008,1.156,-1.333,1.515,-1.317,0.094,cat1_2,cat2_3,cat3_14,no
-0.703,-1.598,-0.433,1.58,1.756,1.645,-0.99,-1.317,cat1_2,cat2_5,cat3_4,no
-1.201,-0.741,-1.965,0.655,0.616,-1.787,1.157,1.808,cat1_1,cat2_5,cat3_9,no
,0.246,1.863,-1.836,-0.908,-1.221,-0.173,-1.219,cat1_3,cat2_1,cat3_11,no
-1.248,-1.625,1.998,0.888,-0.958,1.884,1.674,1.916,cat1_3,cat2_2,cat3_14,no
-0.39,-0.924,1.957,0.736,-1.626,0.55,1.542,1.501,cat1_1,cat2_0,cat3_9,si
-1.224,-1.982,0.859,-1.706,0.698,1.622,0.308,-0.581,cat1_0,cat2_1,cat3_0,no
-0.966,-0.1,0.929,1.008,1.063,1.898,0.334,-0.871,cat1_3,cat2_5,cat3_4,no
-0.247,1.376,-0.557,-1.297,-0.574,1.243,1.181,-1.955,cat1_0,,cat3_0,no
-1.82,-0.576,1.291,1.315,1.22,-0.414,1.318,1.646,cat1_3,cat2_1,cat3_3,no
1.781,1.683,1.396,-1.126,0.85,-0.246,-1.948,0.994,cat1_1,cat2_0,cat3_10,no
1.84,-0.733,1.343,1.354,0.038,-0.546,0.692,1.529,cat1_3,cat2_1,cat3_8,si
-0.65,0.354,0.543,-0.915,1.039,1.214,1.621,0.996,cat1_1,cat2_4,cat3_1,no
1.053,0.876,-1.429,-1.211,-0.438,1.738,1.869,-1.602,cat1_3,cat2_0,cat3_9,si
0.694,1.406,-0.79,-0.575,-0.23,-1.302,0.691,-1.361,cat1_3,,cat3_12,no
0.004,0.398,-1.936,1.225,-1.083,-1.462,-1.218,0.136,cat1_2,cat2_2,cat3_10,no
-0.411,-0.311,1.592,-0.174,-1.323,0.646,-0.754,1.537,cat1_2,cat2_4,cat3_8,no
0.069,-0.151,0.429,-0.723,-1.434,-0.771,-0.699,-0.046,cat1_2,cat2_2,cat3_13,si
0.339,-1.809,0.631,0.705,1.979,0.81,1.298,-1.112,cat1_1,cat2_0,cat3_2,si
1.933,-0.724,1.541,0.89,-1.131,0.233,-1.821,-0.568,cat1_2,cat2_4,cat3_13,si
-1.128,-1.389,1.879,0.758,1.176,1.499,-1.619,1.496,cat1_3,cat2_3,cat3_13,no
-0.056,-1.798,-1.104,-1.117,-0.087,0.469,1.991,1.108,cat1_2,,cat3_14,si
-0.826,-1.159,0.042,1.29,-1.796,0.203,-0.789,0.166,cat1_3,cat2_3,cat3_5,no
-0.985,-1.533,-0.111,-1.796,-0.424,-1.486,-1.754,1.867,cat1_2,cat2_1,cat3_13,no
0.662,1.291,1.398,1.006,1.996,1.309,-0.162,0.293,cat1_1,cat2_4,cat3_11,si
0.679,0.979,-0.314,0.592,0.385,-0.255,-0.121,-1.226,cat1_0,cat2_0,cat3_3,no
-1.486,1.439,0.459,0.42,-1.118,-1.251,-0.723,-0.229,cat1_2,cat2_2,cat3_10,no
1.508,0.259,-1.685,-1.974,-1.169,-0.856,1.007,1.386,cat1_2,cat2_5,cat3_2,no
0.926,-1.313,1.701,-0.274,-1.166,0.657,-1.148,0.143,cat1_1,cat2_3,cat3_13,no
0.726,0.252,-0.285,-0.038,-1.943,-0.424,1.973,-1.083,cat1_2,cat2_0,cat3_13,no
0.798,0.504,-1.717,0.615,-0.37,-0.711,1.74,-0.61,cat1_3,cat2_3,cat3_10,no
-0.536,-1.607,-1.125,1.315,0.717,-1.626,-0.354,-1.858,cat1_3,cat2_4,cat3_12,no
-0.305,-1.581,-1.704,0.139,-1.588,-1.19,-1.833,0.318,cat1_3,cat2_4,cat3_4,no
-0.009,-1.161,1.968,1.013,-1.274,-0.174,-0.191,1.329,cat1_0,cat2_3,cat3_3,si
-0.486,0.647,-1.039,0.978,-0.82,0.315,-1.199,0.385,cat1_0,cat2_0,cat3_7,no
1.74,-1.891,-0.438,-0.841,0.716,1.652,1.814,0.897,cat1_1,cat2_2,cat3_8,si
-1.23,0.156,-0.444,1.238,0.133,1.497,-0.872,1.221,cat1_3,cat2_2,cat3_0,no
-1.638,-0.113,0.994,-1.778,1.231,0.614,-1.663,1.079,cat1_1,cat2_0,cat3_8,no
-0.102,1.068,-0.969,-1.912,-0.041,0.343,-0.22,1.912,cat1_0,cat2_2,cat3_3,no
-0.96,-1.048,0.322,-1.073,0.019,-0.142,1.099,-1.752,cat1_3,cat2_5,cat3_13,no
-0.114,1.785,-1.64,-0.788,1.656,1.673,-0.733,-0.432,cat1_3,cat2_4,cat3_10,no
,1.193,0.922,-0.12,-1.705,0.554,-1.279,-1.982,cat1_0,cat2_2,cat3_13,no
-1.142,-0.577,0.855,-1.348,0.584,0.043,-0.595,-1.446,cat1_3,cat2_5,cat3_13,no
0.754,-0.354,-1.081,0.323,0.12,1.193,0.049,0.172,cat1_2,cat2_0,cat3_9,no
-0.648,-0.448,0.467,0.599,0.902,-1.987,-0.49,-0.337,cat1_0,cat2_0,cat3_8,no
-0.022,-1.903,1.669,-0.758,-0.908,1.701,-1.622,1.043,cat1_3,cat2_5,cat3_12,no
1.583,-1.866,-0.83,1.466,-0.484,-1.161,-0.829,1.341,cat1_2,cat2_2,cat3_2,si
-1.034,1.536,1.722,-0.023,1.989,-1.108,-0.37,-0.114,cat1_2,cat2_1,cat3_12,no
-0.241,1.326,-1.068,0.563,-0.681,-1.246,1.324,0.776,cat1_3,cat2_5,cat3_12,no
-1.656,0.006,0.313,1.206,0.391,1.593,-0.468,1.825,cat1_1,cat2_1,cat3_0,no
-1.882,-0.048,1.074,-1.431,0.434,-1.861,-0.562,-0.094,cat1_2,cat2_3,cat3_4,no
-0.646,-0.638,-1.026,-1.332,-0.814,1.566,-1.623,0.132,cat1_0,cat2_0,cat3_7,no
1.387,-1.814,1.194,1.261,-1.819,-1.952,1.379,-0.16,cat1_2,cat2_5,cat3_0,si
1.817,-1.851,-0.227,0.945,-0.45,-1.585,-0.265,0.814,cat1_0,cat2_0,cat3_0,no
-0.217,-0.757,1.468,-1.731,1.783,0.877,0.126,1.08,cat1_0,cat2_3,cat3_12,no
-1.066,-1.994,0.698,1.189,-0.002,-0.425,-1.576,1.714,cat1_1,cat2_2,cat3_2,no
1.439,-1.003,-0.13,0.622,0.131,0.156,0.451,1.803,cat1_1,cat2_4,cat3_9,no
,-1.503,0.091,-1.656,-0.783,1.061,0.41,0.956,cat1_3,cat2_5,cat3_12,no
-1.407,1.733,0.78,0.036,-0.075,0.105,-1.661,-0.457,cat1_0,cat2_4,cat3_0,no
1.305,-0.541,-1.639,-1.716,-0.588,1.689,1.416,-1.319,cat1_0,cat2_1,cat3_4,no
-1.103,0.769,-0.541,0.119,-0.614,1.776,0.94,1.699,cat1_3,cat2_4,cat3_5,no
-1.001,-0.636,-0.091,-1.673,-0.117,-1.244,-1.709,0.349,cat1_0,cat2_5,cat3_5,no
1.05,-1.793,-0.883,-1.885,-1.349,-0.441,0.388,-0.583,cat1_0,cat2_0,cat3_3,si
0.133,1.373,-1.336,1.73,0.063,0.776,1.184,1.925,cat1_1,cat2_5,cat3_0,no
-1.108,-1.858,1.955,-1.653,-0.263,-1.038,1.598,1.13,cat1_3,cat2_0,cat3_13,no
-0.586,0.759,1.19,1.455,-1.322,-0.442,0.742,-1.432,cat1_3,cat2_5,cat3_11,no
1.307,-0.316,1.3,0.113,-0.573,1.285,-1.007,-1.273,cat1_0,cat2_0,cat3_0,si
-1.141,,1.748,1.808,-1.641,-0.313,1.844,0.639,cat1_3,cat2_5,cat3_11,no
0.567,-0.407,0.911,-0.774,1.053,1.625,0.734,-1.449,cat1_3,cat2_1,cat3_14,no
0.4,1.884,-1.15,0.92,-1.048,1.916,1.178,1.929,cat1_0,cat2_0,cat3_12,no
1.571,0.999,-1.725,-0.777,-1.239,1.497,0.799,-1.437,cat1_1,cat2_3,cat3_11,si
-0.265,-0.339,0.422,1.158,-1.202,-1.041,-1.936,0.868,cat1_3,cat2_3,cat3_8,si
0.893,,0.368,0.634,0.558,-1.572,-1.545,-1.433,cat1_1,cat2_3,cat3_6,si
-1.096,0.455,1.49,1.739,-0.361,-1.773,-0.477,0.092,cat1_0,cat2_0,cat3_11,no
0.14,-1.084,0.823,-0.824,0.394,1.924,-0.467,-0.343,cat1_1,cat2_3,cat3_9,no
1.883,0.738,-1.26,-1.823,-1.429,-1.035,-1.216,1.761,cat1_3,cat2_3,cat3_4,no
-1.229,-0.329,1.509,-0.182,1.643,-0.937,-0.06,-1.743,cat1_3,cat2_2,cat3_12,no
-0.03,-1.888,-1.059,-0.393,0.949,1.57,-1.211,-1.155,cat1_0,cat2_0,cat3_5,si
-0.639,-0.555,-1.319,-1.001,-1.998,-1.469,0.353,-1.53,cat1_3,cat2_2,cat3_12,no
1.721,0.396,1.779,0.816,-0.625,-1.018,1.962,-0.39,cat1_3,cat2_0,cat3_2,si
1.901,-1.522,1.976,-0.809,0.44,-1.399,1.818,1.432,cat1_0,cat2_4,cat3_6,si
0.031,-0.008,1.65,1.718,1.984,0.048,0.747,-0.579,cat1_2,cat2_3,cat3_3,si
-0.007,1.075,-1.461,-1.331,1.155,1.633,-0.637,-1.433,cat1_3,cat2_0,cat3_8,si
-1.246,-0.995,-0.343,-0.017,-1.402,-1.235,-0.06,-0.36,cat1_3,cat2_5,cat3_6,no
-0.622,-0.813,1.873,0.87,1.625,1.269,0.337,-0.914,cat1_1,cat2_1,cat3_11,si
0.042,-1.689,0.892,1.416,0.968,-1.514,-1.417,-0.13,cat1_3,cat2_0,cat3_4,si
0.326,-1.287,-1.827,-1.809,1.601,0.821,-0.41,0.241,cat1_0,cat2_5,cat3_7,no
0.477,-1.081,-0.667,-1.021,-1.531,1.043,1.685,-0.602,cat1_0,cat2_0,cat3_13,si
,-1.207,-0.048,0.751,1.859,1.088,0.582,-0.042,cat1_1,cat2_3,cat3_3,si
0.98,0.33,-0.008,0.395,-0.908,0.428,1.473,0.705,cat1_3,cat2_3,cat3_0,no
-1.572,1.942,-0.701,0.042,-0.428,-0.427,-0.893,0.546,cat1_0,cat2_5,cat3_1,no
1.914,0.34,-0.817,1.081,1.329,0.339,0.737,1.42,cat1_0,cat2_3,cat3_14,si
-0.761,0.427,-0.249,-1.413,-0.688,0.541,-0.004,-0.537,cat1_0,cat2_0,cat3_1,no
-0.998,1.771,0.336,1.862,1.107,1.608,-1.98,1.261,cat1_1,cat2_5,cat3_6,no
,-1.605,-0.327,-1.424,1.314,1.97,1.215,0.976,cat1_2,cat2_1,cat3_0,no
-0.831,,0.462,0.939,-0.505,-0.323,0.979,-1.117,cat1_3,cat2_0,cat3_2,no
1.69,-0.718,1.199,-1.227,0.373,0.266,-1.856,-0.294,cat1_1,cat2_4,cat3_14,si
-0.913,1.883,-1.148,0.396,-0.973,-1.939,-0.71,-1.924,cat1_2,cat2_1,cat3_14,no
-0.383,0.757,1.188,1.465,0.866,-1.172,1.593,-0.233,cat1_2,cat2_4,cat3_14,si
-0.323,,0.001,1.282,0.196,-1.544,-0.35,-0.978,cat1_0,cat2_5,cat3_6,no
0.064,-1.579,-1.279,0.669,-0.702,-0.713,-1.991,-1.424,cat1_1,cat2_0,cat3_13,si
-0.335,0.596,-0.401,1.961,1.414,0.818,1.011,-1.726,cat1_1,cat2_5,cat3_5,no
-0.005,-1.479,-0.446,0.309,1.891,-0.918,1.174,0.98,cat1_3,cat2_0,cat3_9,si
1.137,,1.524,-0.35,0.545,0.477,-0.533,-1.466,cat1_2,cat2_3,cat3_7,no
-1.944,0.41,0.517,0.248,0.302,0.661,0.236,-1.076,cat1_1,cat2_1,cat3_6,no
-0.026,-1.15,1.492,-1.964,-0.776,0.95,0.759,-1.419,cat1_1,cat2_4,cat3_2,si
-0.966,-0.804,-1.205,0.916,-0.606,-0.697,0.676,-0.201,cat1_2,cat2_0,cat3_11,no
0.28,-0.645,-0.188,0.516,-1.902,-0.09,-1.28,0.601,cat1_3,cat2_3,cat3_3,no
1.168,0.986,1.822,1.823,1.596,-1.524,0.89,-0.118,cat1_0,cat2_0,cat3_8,no
-0.424,-1.91,-1,1.857,-0.601,-1.796,-1.788,-0.039,cat1_3,cat2_2,cat3_1,no
0.26,0.483,1.619,-1.194,-0.925,0.525,-0.63,-0.649,cat1_1,cat2_5,cat3_4,no
-0.262,-0.271,-1.697,-1.801,-0.464,-0.898,-1.766,1.976,cat1_3,,cat3_13,no
0.408,1.941,0.921,1.293,-0.378,1.304,-1.864,-1.506,cat1_3,,cat3_2,no
-1.112,-1.791,0.362,0.55,-0.422,-1.484,0.415,0.062,cat1_0,cat2_0,cat3_4,si
-1.753,-0.87,0.79,-1.797,-1.33,0.826,1.589,-1.203,cat1_2,cat2_1,cat3_14,no
-0.544,-0.946,-1.373,1.942,0.805,1.841,-1.679,-1.24,cat1_2,cat2_2,cat3_7,no
0.912,0.727,-0.068,1.729,0.027,-1.703,-1.815,1.85,cat1_1,cat2_0,cat3_2,si
-0.013,-1.302,-0.356,1.885,-0.647,-1.103,-0.945,0.605,cat1_3,cat2_3,cat3_5,no
-1.092,-1.833,1.849,1.573,0.354,-1.89,-0.907,-1.816,cat1_1,cat2_5,cat3_6,si
-1.229,-0.417,0.804,-0.886,1.857,-1.013,0.794,-0.516,cat1_3,cat2_2,cat3_8,no
1.593,-1.483,0.074,-0.244,-0.777,0.67,-1.423,-0.41,cat1_2,cat2_1,cat3_14,si
1.348,-0.36,-1.101,0.431,1.82,-0.786,1.959,-0.507,cat1_0,cat2_2,cat3_11,no
-1.347,-1.97,1.077,-0.06,-1.72,-1.062,1.563,-0.1,cat1_2,cat2_1,cat3_0,no
-0.578,-0.442,-0.395,-1.282,-0.41,1.747,1.651,1.685,cat1_2,cat2_5,cat3_11,si
1.982,-0.477,0.634,1.504,1.853,1.821,1.72,-1.717,cat1_3,cat2_1,cat3_7,si
1.405,1.723,-0.744,0.724,1.954,-0.923,1.303,1.742,cat1_2,cat2_5,cat3_10,si
1.245,0.859,1.901,0.856,-1.332,0.66,-1.631,0.494,cat1_0,cat2_0,cat3_6,no
-0.487,,-1.57,-0.252,1.319,1.851,1.251,1.268,cat1_1,cat2_4,cat3_5,no
-0.144,-1.852,-0.511,0,-0.191,1.79,0.326,-1.141,cat1_1,cat2_4,cat3_8,si
-1.274,1.191,-1.905,1.137,0.17,0.706,-0.519,-0.016,cat1_0,cat2_0,cat3_2,no
-1.108,-0.212,-1.24,1.834,1.522,0.566,1.957,0.649,cat1_2,cat2_5,cat3_1,no
1.598,-1.491,-0.494,-0.873,1.524,0.184,-1.002,1.794,cat1_2,cat2_3,cat3_11,si
0.837,-1.787,-1.096,-1.161,1.463,1.183,-1.193,-1.327,cat1_2,cat2_5,cat3_3,si
0.461,0.848,-0.284,-0.096,-1.849,0.291,-0.612,-0.51,cat1_0,cat2_4,cat3_9,no
-0.454,-0.192,0.237,-1.193,-0.795,1.46,0.154,1.461,cat1_2,cat2_3,cat3_2,no
-0.043,0.102,-0.63,-0.719,-1.728,1.972,-1.6,-0.157,cat1_1,cat2_4,cat3_8,si
-0.907,1.878,0.033,1.365,-0.02,0.487,-0.034,0.44,cat1_1,cat2_5,cat3_6,no
-1.214,-0.715,0.347,1.249,-0.318,-0.603,-1.049,-1.281,cat1_0,cat2_4,cat3_9,si
0.964,-0.687,1.855,0.289,-0.198,0.529,-1.055,0.672,cat1_3,cat2_5,cat3_6,no
1.337,-0.879,0.574,0.187,1.279,-1.786,-0.244,-1.532,cat1_3,cat2_5,cat3_1,si
1.011,-0.769,-1.698,-1.69,-0.018,-1.326,-0.312,-0.381,cat1_0,cat2_0,cat3_3,si
0.897,,1.085,1.102,-0.585,1.778,1.803,1.086,cat1_3,cat2_4,cat3_2,si
1.675,1.932,-1.37,0.745,1.491,-1.834,1.811,-0.078,cat1_1,cat2_0,cat3_3,si
-0.046,0.637,0.371,1.564,1.182,-0.117,1.658,-0.662,cat1_1,cat2_3,cat3_14,no
-1.36,-0.38,0.307,-0.499,-0.428,-0.231,0.281,1.43,cat1_0,cat2_2,cat3_7,no
-0.128,-0.708,1.867,-0.491,-1.43,0.153,-1.474,-1.272,cat1_1,cat2_5,cat3_4,si
1.564,-1.276,1.649,0.599,1.068,-1.033,0.495,-0.074,cat1_1,cat2_5,cat3_4,si
-0.006,-1.236,1.882,0.779,0.039,-1.978,-1.17,0.297,cat1_1,cat2_1,cat3_5,si
0.636,,0.074,-0.733,1.391,0.586,1.556,0.99,cat1_1,cat2_4,cat3_10,si
1.532,-0.774,1.834,1.202,-0.862,-1.857,-1.389,-1.959,cat1_2,cat2_5,cat3_11,si
1.204,0.237,0.84,-1.32,0.777,1.407,-1.485,-1.228,cat1_1,cat2_0,cat3_14,si
-0.515,-0.761,-1.051,-0.217,0.521,1.799,0.231,0.644,cat1_0,cat2_3,cat3_2,si
-0.695,-0.076,-1.07,-1.417,1.606,1.653,1.774,-1.84,cat1_3,cat2_5,cat3_0,no
-0.952,0.555,0.443,-0.783,-0.368,-1.556,-1.394,1.065,cat1_3,cat2_2,cat3_11,no
-1.048,-0.631,1.782,1.271,-1.335,-0.211,-1.174,-0.658,cat1_2,cat2_5,cat3_3,no
-0.02,-1.849,-0.748,0.43,0.002,-0.478,0.779,-0.176,cat1_1,cat2_1,cat3_13,si
-0.915,-1.528,-0.085,1.815,-1.838,0.049,-1.072,1.004,cat1_0,cat2_5,cat3_1,no
-1.165,0.353,-0.601,-1.681,0.822,-0.563,-0.712,0.075,cat1_3,cat2_3,cat3_10,no
0.803,-1.74,1.221,-0.926,-0.939,1.84,0.265,-0.243,cat1_1,cat2_0,cat3_12,si
-1.76,1.609,-0.653,1.696,-1.06,-1.225,1.037,-1.069,cat1_2,cat2_5,cat3_11,no
-0.823,0.523,-1.242,1.092,-0.913,0.286,0.453,0.544,cat1_1,cat2_3,cat3_9,no
0.063,1.594,1.937,-0.615,-0.636,-1.033,-0.624,0.435,cat1_2,cat2_3,cat3_5,no
1.266,-1.785,0.181,-0.217,0.849,1.655,1.482,-1.231,cat1_1,cat2_1,cat3_7,si
-0.815,-1.746,-1.059,1.531,0.761,-0.559,0.104,0.332,cat1_2,cat2_4,cat3_13,no
-0.446,-1.339,-0.812,-0.785,1.218,1.744,0.795,0.936,cat1_1,cat2_2,cat3_11,no
-0.049,0.531,0.688,0.221,-1.582,0.979,-0.603,0.39,cat1_2,cat2_5,cat3_13,no
-0.48,0.202,0.104,-0.095,-0.191,-0.901,-1.001,0.861,cat1_2,cat2_0,cat3_9,si
0.168,-1.136,1.026,0.586,-0.169,0.347,0.974,1.587,cat1_1,cat2_4,cat3_2,si
-1.035,-0.613,0.769,1.939,-0.984,1.394,-0.175,-0.418,cat1_0,cat2_4,cat3_0,si
0.789,0.73,1.206,-0.267,-0.766,1.284,-0.891,-0.773,cat1_2,cat2_2,cat3_4,no
-0.733,-1.042,0.029,-1.879,-0.577,0.007,-1.806,0.494,cat1_2,cat2_5,cat3_1,no
-0.757,-1.66,-0.896,1.616,1.494,-1.214,0.651,1.954,cat1_2,cat2_4,cat3_6,no
-1.999,-1.833,0.98,-0.88,-1.399,0.475,0.543,1.197,cat1_3,cat2_5,cat3_11,no
1.116,1.277,1.477,-1.261,0.071,-1.566,0.437,1.677,cat1_1,cat2_0,cat3_12,no
0.335,,1.998,-1.75,0.795,-1.765,1.628,-1.008,cat1_2,cat2_0,cat3_4,no
-1.43,-1.348,0.218,-1.001,0.639,-1.754,-0.244,0.247,cat1_3,cat2_5,cat3_7,no
-0.27,-0.801,0.251,1.688,-1.721,1.49,-0.157,1.764,cat1_1,cat2_1,cat3_1,si
-0.577,-1.447,1.63,1.075,-0.135,-0.699,-1.017,1.241,cat1_2,cat2_4,cat3_10,si
-1.394,-0.656,-1.214,0.802,-0.379,0.399,1.492,-1.695,cat1_3,,cat3_2,no
0.193,-0.665,-0.456,-0.107,-1.247,-1.996,1.685,1.906,cat1_0,cat2_0,cat3_8,si
0.488,0.854,1.221,1.307,1.92,0.187,0.015,1.906,cat1_0,cat2_3,cat3_8,no
1.963,1.968,-1.435,0.385,-0.042,0.865,1.678,1.718,cat1_1,cat2_5,cat3_14,no
1.881,1.473,1.287,0.557,-1.214,-0.344,1.694,0.593,cat1_1,cat2_4,cat3_0,no
-1.093,1.196,0.432,0.671,1.369,0.418,0.757,1.755,cat1_2,cat2_2,cat3_2,no
-0.107,-1.257,0.404,1.014,-0.379,0.337,-1.573,-1.779,cat1_2,cat2_1,cat3_3,no
1.288,-0.847,-0.326,1.127,0.158,-0.924,-1.715,-1.194,cat1_0,cat2_0,cat3_10,no
1.574,-1.245,-1.798,-0.218,-0.967,1.904,0.936,-1.119,cat1_2,cat2_2,cat3_5,no
1.898,-1.883,-1.114,-0.945,-0.788,-0.181,-1.707,-1.658,cat1_1,cat2_3,cat3_0,si
0.071,-1.654,1.066,-1.532,-1.934,1.415,-0.278,1.996,cat1_1,cat2_0,cat3_8,si
0.728,0.498,-1.943,-0.178,0.448,-1.627,0.755,-1.025,cat1_3,cat2_3,cat3_6,no
-0.017,0.113,1.994,0.118,1.883,1.388,1.088,-1.027,cat1_2,cat2_0,cat3_14,no
-0.835,,1.135,0.22,1.193,-1.275,-1.718,0.642,cat1_2,cat2_2,cat3_10,no
1.992,-0.99,-1.339,-1.595,-1.798,1.856,-0.03,-0.129,cat1_0,cat2_1,cat3_14,si
,-1.822,1.843,-0.568,1.197,-0.421,1.62,0.64,cat1_0,cat2_3,cat3_8,si
-0.01,0.027,-1.442,0.781,-1.137,-1.078,-0.488,0.06,cat1_2,cat2_0,cat3_13,no
0.464,-1.257,0.155,0.359,0.324,-1.423,1.864,-0.931,cat1_2,cat2_1,cat3_9,si
1.43,0.345,0.269,-1.7,1.839,-1.829,0.199,0.647,cat1_2,cat2_3,cat3_9,no
1.389,0.768,-0.626,1.89,-0.013,0.974,1.057,-0.636,cat1_1,cat2_0,cat3_7,si
0.57,-0.436,0.012,0.78,-0.461,0.774,1.467,1.458,cat1_1,cat2_4,cat3_13,no
0.277,-0.752,0.081,-1.032,-0.461,-0.674,-1.457,-0.129,cat1_0,cat2_0,cat3_9,no
-0.287,1.869,-0.915,0.723,0.723,-1,-0.746,-1.774,cat1_1,cat2_2,cat3_14,no
-0.844,1.518,1.547,1.689,1.364,1.164,-1.065,0.384,cat1_2,cat2_5,cat3_8,si
-1.698,0.469,0.911,0.926,0.081,0.683,-0.938,1.7,cat1_1,cat2_0,cat3_1,no
1.579,-0.729,-0.202,-1.995,-0.299,-1.386,1.117,0.05,cat1_0,cat2_0,cat3_6,no
0.908,-1.034,0.567,1.938,1.267,1.596,1.312,-1.808,cat1_0,cat2_2,cat3_2,si
-0.832,1.04,-0.222,-0.359,0.62,0.735,-0.5,-0.78,cat1_2,cat2_4,cat3_8,no
1.687,-0.928,-0.987,-0.402,-0.604,-0.928,1.262,-0.895,cat1_2,cat2_1,cat3_0,si
-1.405,1.655,-1.33,0.018,-1.3,-1.231,-0.86,-0.382,cat1_3,cat2_0,cat3_6,no
1.627,0.17,-0.594,0.649,-1.781,-0.156,-0.39,-0.084,cat1_1,cat2_5,cat3_6,no
-0.401,-0.394,-1.435,-0.281,-0.242,-1.438,-0.503,0.645,cat1_3,cat2_5,cat3_5,si
1.827,1.799,0.001,-1.634,0.974,-1.393,0.953,-1.311,cat1_1,cat2_1,cat3_9,si
-1.496,1.744,-1.244,-0.649,0.635,-0.876,0.165,1.045,cat1_2,cat2_5,cat3_8,no
-1.174,1.39,-0.766,0.424,1.83,-1.511,-0.57,-0.702,cat1_2,cat2_3,cat3_7,no
-0.35,1.552,-0.665,0.965,-0.295,-0.668,-0.592,-1.537,cat1_2,cat2_0,cat3_8,no
-0.197,-1.116,0.773,0.786,-0.527,-0.847,1.088,0.219,cat1_0,,cat3_8,si
1.657,0.459,-1.373,-1.124,-0.225,-1.437,-1.433,1.641,cat1_3,cat2_3,cat3_1,si
-1.079,-0.144,1.212,1.815,1.16,-1.133,1.922,1.445,cat1_1,cat2_4,cat3_3,no
-0.401,0.405,-1.471,-1.049,-0.481,-0.178,0.482,0.477,cat1_1,cat2_0,cat3_11,si
1.925,1.458,-1.718,-1.459,1.678,1.124,0.238,1.863,cat1_1,cat2_0,cat3_8,si
0.41,0.773,1.652,-0.05,0.015,0.019,0.154,-0.048,cat1_0,cat2_4,cat3_7,no
1.092,-1.923,0.372,-0.591,-0.858,-1.31,0.173,0.005,cat1_0,cat2_4,cat3_14,si
0.899,-1.305,-1.343,1.519,-1.494,0.438,0.09,0.262,cat1_0,cat2_3,cat3_14,no
1.078,-1.745,0.678,-1.795,-0.415,0.322,-0.423,1.598,cat1_0,cat2_3,cat3_4,no
1.876,1.79,1.31,-1.458,-0.09,-0.661,-1.216,1.584,cat1_2,cat2_0,cat3_10,no
-0.789,-0.878,1.309,-0.481,1.447,-1.788,0.204,0.11,cat1_0,cat2_0,cat3_4,no
0.583,-0.064,0.411,-1.438,1.135,-0.221,1.708,-1.121,cat1_1,cat2_1,cat3_0,si
-0.099,-1.551,-0.875,-0.494,-1.315,-1.378,1.72,-1.464,cat1_0,cat2_5,cat3_8,no
0.796,-1.467,-0.547,-0.566,-0.003,0.574,-1.357,-0.684,cat1_2,cat2_5,cat3_14,no
-0.348,-0.759,-0.353,1.17,-1.728,0.116,-1.079,-1.027,cat1_3,cat2_4,cat3_11,no
-0.538,-1.152,0.862,0.528,-0.117,1.867,-1.874,0.057,cat1_0,cat2_2,cat3_14,no
1.947,0.33,1.937,1.543,-1.856,1.115,0.43,-0.384,cat1_3,cat2_2,cat3_11,no
1.694,1.46,0.925,-0.063,0.758,1.791,-0.393,1.506,cat1_1,cat2_3,cat3_11,no
1.007,-1.098,-1.176,-0.263,-1.059,1.814,-0.638,-0.704,cat1_2,cat2_1,cat3_1,si
0.702,1.684,0.89,-1.878,1.156,0.666,-1.895,0.497,cat1_2,cat2_3,cat3_6,no
-1.723,,-1.578,0.147,-1.229,0.778,0.292,0.615,cat1_1,cat2_1,cat3_9,no
0.185,-1.312,-0.06,1.29,-1.146,1.574,1.625,-1.28,cat1_3,cat2_5,cat3_9,no
-0.932,,-0.217,0.859,0.303,0.978,-1.016,1.648,cat1_1,cat2_5,cat3_1,no
-1.74,0.26,0.89,-1.291,1.505,-1.876,-0.99,-1.97,cat1_1,cat2_3,cat3_9,no
0.361,0.402,0.823,1.695,1.135,0.504,-1.944,-0.62,cat1_2,cat2_3,cat3_10,si
-1.987,0.542,-1.149,1.429,1.179,0.044,1.323,0.136,cat1_2,cat2_1,cat3_10,si
,-1.177,1.01,0.736,-1.777,-1.041,-1.377,0.58,cat1_3,,cat3_2,si
-0.194,,1.22,-1.074,1.9,-1.69,-0.962,-0.02,cat1_1,cat2_5,cat3_5,no
1.472,-1.496,-1.207,-0.276,-0.117,-1.893,-1.065,0.728,cat1_0,cat2_5,cat3_7,si
0.867,1.772,-0.542,1.471,0.861,-1.773,0.926,0.015,cat1_3,cat2_2,cat3_6,no
1.817,1.297,1.657,-1.218,-0.6,-1.574,-1.846,-1.016,cat1_1,cat2_2,cat3_8,si
-1.384,-0.799,1.928,-1.824,0.04,0.174,0.051,1.966,cat1_0,cat2_5,cat3_6,no
1.285,-1.082,-1.882,-0.262,0.123,-1.214,0.137,0.68,cat1_0,cat2_3,cat3_8,si
-0.768,0.394,-1.111,-0.518,-0.231,-0.834,-0.759,-1.142,cat1_3,cat2_2,cat3_1,no
-1.139,1.293,0.738,0.703,-1.578,1.346,1.403,-0.282,cat1_1,cat2_5,cat3_4,no
0.652,0.388,0.943,-0.107,-1.107,1.983,0.67,-0.641,cat1_2,cat2_0,cat3_11,no
1.363,-1.956,-0.264,1.227,-1.723,-0.126,1.778,1.621,cat1_1,cat2_2,cat3_6,si
1.72,-1.646,-1.019,1.23,1.825,0.472,0.209,0.25,cat1_2,cat2_1,cat3_4,si
0.84,1.416,-0.581,-0.166,0.405,1.436,-0.391,1.955,cat1_3,cat2_1,cat3_2,no
-0.716,0.684,-0.988,1.458,-0.684,0.909,1.864,1.742,cat1_2,,cat3_1,no
-0.957,,-0.847,1.067,0.78,-1.852,1.321,1.711,cat1_3,cat2_2,cat3_8,no
1.719,0.876,-0.056,0.467,0.4,1.778,0.048,0.295,cat1_3,cat2_3,cat3_13,no
-1.335,1.71,1.188,-1.201,-1.679,-0.818,-0.107,-1.986,cat1_2,cat2_5,cat3_0,no
1.84,1.218,1.163,0.588,1.805,-1.296,0.586,1.898,cat1_3,cat2_4,cat3_14,no
-0.853,-0.553,-0.397,0.253,-1.69,0.685,-0.238,0.56,cat1_0,cat2_1,cat3_13,no
0.261,0.495,1.649,-1.562,-0.725,-0.487,-0.057,0.772,cat1_1,cat2_0,cat3_9,no
-1.683,-1.451,-1.027,-0.561,1.35,-0.246,-1.585,-0.547,cat1_1,cat2_1,cat3_4,no
1.582,-1.147,-0.237,-0.196,-1.788,0.237,-0.269,-1.743,cat1_2,cat2_5,cat3_6,si
1.936,-0.614,0.482,-1.982,-1.923,0.824,1.418,0.69,cat1_2,cat2_5,cat3_11,si
0.781,1.647,1.03,-0.913,0.619,-1.307,1.257,-1.958,cat1_0,cat2_5,cat3_10,no
-1.725,-1.529,0.658,-0.934,0.345,-0.274,-1.128,-0.244,cat1_1,cat2_1,cat3_0,no
1.498,-1.681,-1.307,0.035,-0.588,-0.424,-0.396,1.749,cat1_0,cat2_1,cat3_12,si
1.816,0.878,-0.239,-1.224,-0.933,-0.572,0.21,1.33,cat1_0,cat2_1,cat3_6,si
0.576,-1.111,-0.881,0.409,1.276,-0.241,-0.587,0.338,cat1_2,,cat3_3,si
0.661,,-1.635,0.645,-0.277,1.252,-1.037,1.629,cat1_3,cat2_1,cat3_11,no
0.414,-1.776,0.837,0.601,1.347,0.157,-1.079,0.861,cat1_0,cat2_2,cat3_12,si
0.488,1.155,-0.965,-1.615,0.064,0.236,-1.332,1.524,cat1_1,cat2_5,cat3_10,si
1.974,-0.857,0.428,0.303,0.738,-1.472,1.363,-0.944,cat1_1,cat2_3,cat3_8,si
1.412,1.17,-1.117,-1.868,-0.413,1.087,0.22,-0.42,cat1_3,cat2_4,cat3_14,no
-1.294,-0.092,0.825,0.582,0.397,-0.037,-1.06,-0.036,cat1_2,cat2_4,cat3_5,no
-0.998,0.36,-0.399,-0.1,-1.246,-0.592,0.611,1.068,cat1_3,cat2_2,cat3_14,si
-1.163,1.023,-1.767,1.24,1.567,1.893,-1.111,0.243,cat1_0,cat2_1,cat3_4,no
0.963,-1.703,-0.818,-0.035,1.905,0.288,-1.488,-0.775,cat1_2,cat2_0,cat3_11,si
1.576,1.389,1.523,0.704,0.211,1.117,0.171,0.315,cat1_1,cat2_2,cat3_2,no
-1.026,-0.645,0.767,0.159,-0.721,-0.583,-1.746,-0.391,cat1_1,cat2_4,cat3_2,no
1.553,1.817,-0.791,0.399,-0.051,0.72,1.437,-0.251,cat1_3,,cat3_6,si
-1.447,-0.105,0.697,0.396,-1.658,-1.55,1.986,-1.885,cat1_3,cat2_0,cat3_8,no
0.363,-1.726,0.635,0.966,-0.902,-1.645,-1.435,-1.224,cat1_3,cat2_3,cat3_1,no
-1.091,-0.703,-0.223,0.195,1.73,-1.27,-1.678,-1.864,cat1_0,cat2_2,cat3_0,no
-1.057,0.786,-0.556,-0.368,0.123,-0.729,1.872,-1.917,cat1_1,cat2_3,cat3_1,si
1.179,1.175,1.629,1.371,0.83,-1.35,-0.969,-0.092,cat1_3,cat2_5,cat3_0,si
-0.182,-1.106,0.737,-0.777,-0.847,-1.77,1.972,1.325,cat1_3,cat2_5,cat3_12,no
0.577,0.74,-1.871,1.601,-1.491,-1.06,-0.616,-1.421,cat1_1,cat2_5,cat3_8,si
-1.077,-1.815,-0.198,-1.974,-1.553,1.728,0.656,-0.189,cat1_2,cat2_4,cat3_4,si
-1.101,1.369,-0.927,1.247,0.805,0.138,0.71,1.228,cat1_1,cat2_2,cat3_13,no
-1.165,-0.517,0.534,0.704,-1.945,0.853,1.475,-0.178,cat1_0,cat2_4,cat3_5,no
-1.537,1.032,0.181,1.457,-1.883,0.643,-0.922,0.678,cat1_2,cat2_1,cat3_4,no
-1.299,0.704,-0.842,-0.396,-0.706,0.427,1.916,1.504,cat1_1,cat2_2,cat3_10,no
-0.415,-0.297,-1.35,1.043,-1.591,1.232,1.614,-0.134,cat1_1,cat2_1,cat3_6,no
-1.682,,-0.826,-0.198,1.189,-0.942,1.824,-0.383,cat1_1,cat2_4,cat3_1,si
-1.21,-0.999,1.174,-0.681,0.207,1.911,1.102,-0.837,cat1_0,cat2_1,cat3_2,no
1.728,-0.143,0.75,-1.403,0.419,-1.338,0.014,-0.712,cat1_2,cat2_3,cat3_10,si
0.944,,-0.988,1.757,-1.739,0.453,-1.138,0.124,cat1_0,cat2_0,cat3_6,si
-0.1,1.49,-1.396,1.172,-1.266,0.455,-1.119,-0.078,cat1_3,,cat3_1,no
-1.832,-1.887,1.172,1.828,0.406,1.79,0.186,-1.79,cat1_1,cat2_1,cat3_14,no
-1.719,1.12,0.872,1.456,0.684,0.994,-1.524,-0.054,cat1_1,cat2_0,cat3_9,no
-0.98,0.913,0.585,0.233,-0.328,-0.012,-1.374,-0.967,cat1_2,cat2_4,cat3_6,no
-1.414,-1.067,0.883,-0.98,-0.831,-0.529,0.151,-0.974,cat1_3,cat2_1,cat3_12,no
-0.096,1.869,1.813,0.771,-0.604,-1.427,0.887,0.798,cat1_0,cat2_5,cat3_1,no
-0.425,-1.159,-0.332,0.747,-1.872,0.05,1.816,1.483,cat1_1,cat2_5,cat3_1,si
-0.686,-1.664,-0.92,-1.781,-1.375,1.272,-1.504,1.643,cat1_1,cat2_2,cat3_6,si
1.865,0.258,-1.826,0.349,-1.23,-0.305,-1.521,-0.859,cat1_1,cat2_1,cat3_1,si
-1.236,-1.483,-1.398,-1.746,1.404,-0.309,-0.721,-0.714,cat1_2,cat2_3,cat3_0,no
-1.782,0.107,-0.489,-1.326,1.864,-0.091,1.579,1.107,cat1_0,cat2_4,cat3_0,no
-1.231,0.856,-0.677,1.665,1.603,0.102,0.077,-1.597,cat1_1,cat2_2,cat3_9,no
0.482,0.807,-1.786,1.929,1.771,-1.348,0.692,1.406,cat1_0,cat2_2,cat3_7,no
-0.026,0.165,1.069,1.775,1.586,-0.409,-1.665,-0.284,cat1_2,cat2_5,cat3_4,no
-1.838,-0.431,-0.21,-1.763,-0.139,1.742,0.225,-1.061,cat1_3,cat2_3,cat3_0,no
1.048,0.029,1.375,1.318,0.591,-0.081,1.319,0.82,cat1_1,cat2_2,cat3_9,si
1.351,-1.559,-1.708,1.274,1.184,-1.023,-0.122,0.402,cat1_0,cat2_3,cat3_3,si
1.616,-1.024,-1.203,1.077,-1.994,-1.914,1.171,-1.572,cat1_0,cat2_5,cat3_9,si
1.62,-1.61,-0.997,-1.688,0.915,0.41,-0.254,-0.392,cat1_1,cat2_2,cat3_0,si
1.787,-0.864,1.889,-0.234,-0.127,-1.957,0.191,1.397,cat1_1,cat2_1,cat3_13,no
0.394,0.754,-0.583,-0.739,-1.66,-1.232,-1.574,-0.948,cat1_0,cat2_1,cat3_7,no
-0.441,-0.888,1.176,-0.549,-1.721,-0.91,-1.47,-1.322,cat1_1,cat2_5,cat3_11,si
1.241,-1.983,0.235,1.687,0.125,-1.271,0.875,-1.233,cat1_2,,cat3_10,si
1.762,-0.523,-0.387,0.737,-1.717,0.343,-0.27,-0.597,cat1_3,cat2_5,cat3_7,si
1.381,-1.005,0.714,0.779,-1.042,-1.943,0.769,-0.707,cat1_0,cat2_0,cat3_11,si
-0.188,-1.907,-1.22,0.367,-0.51,-0.031,0.341,-1.663,cat1_0,cat2_1,cat3_8,no
-1.358,1.291,-0.907,1.409,1.128,0.884,1.24,-0.921,cat1_3,cat2_3,cat3_11,no
-0.636,1.885,0.512,-0.942,1.615,0.337,0.437,-0.664,cat1_2,cat2_1,cat3_10,no
1.141,,1.899,-1.983,-1.268,-0.506,1.588,1.67,cat1_0,cat2_2,cat3_12,no
1.49,-1.452,1.95,0.085,0.45,-1.761,-1.272,0.828,cat1_2,cat2_3,cat3_13,si
,-0.37,1.536,0.843,0.346,-1.241,-0.607,0.567,cat1_0,cat2_3,cat3_9,si
-1.073,-1.731,-1.422,-1.765,1.396,1.432,-0.6,-0.305,cat1_2,cat2_1,cat3_4,no
0.81,-1.558,0.092,-0.914,1.721,-0.676,-1.594,0.012,cat1_0,cat2_3,cat3_12,si
1.545,0.968,0.526,-1.878,0.976,-0.569,-0.64,1.407,cat1_3,cat2_2,cat3_5,no
-0.708,-1.616,-1.313,1.973,1.654,-1.926,-1.211,0.201,cat1_0,cat2_3,cat3_13,no
1.087,1.133,-0.553,1.552,1.197,0.852,-0.286,-0.139,cat1_3,cat2_3,cat3_12,no
0.493,1.183,-1.915,0.342,0.923,1.872,-1.386,-1.216,cat1_2,cat2_5,cat3_5,no
0.816,0.72,-0.258,-1.263,0.103,-0.432,-0.275,-1.888,cat1_2,cat2_4,cat3_11,si
-0.28,1.783,-1.394,1.758,-1.785,0.454,-1.723,-1.005,cat1_3,cat2_5,cat3_13,no
1.637,-0.65,-1.486,-0.815,0.195,-1.899,0.099,-0.999,cat1_2,cat2_4,cat3_13,si
0.64,-0.486,-1.198,-1.134,-1.137,0.902,1.264,-1.461,cat1_2,cat2_4,cat3_9,si
1.546,,-0.724,-0.774,0.665,-0.32,-1.652,0.876,cat1_1,cat2_4,cat3_9,si
1.751,1.414,1.498,1.794,0.419,0.762,-1.785,0.102,cat1_3,cat2_2,cat3_11,no
1.791,1.196,-1.231,1.394,0.352,1.073,-1.58,-0.03,cat1_3,cat2_0,cat3_6,si
1.253,-0.226,-1.597,1.156,0.086,1.645,0.624,-0.598,cat1_0,cat2_2,cat3_0,si
-0.907,-1.218,1.263,-1.694,-0.785,-1.568,-1.326,-0.186,cat1_1,cat2_1,cat3_6,no
0.753,0.616,0.262,-1.821,-0.791,-0.304,-1.595,1.204,cat1_3,cat2_5,cat3_0,si
0.183,-0.775,0.755,1.63,-0.009,0.116,-1.521,-0.248,cat1_0,cat2_2,cat3_4,si
-0.73,-0.129,0.309,1.93,-0.795,-1.633,-1.835,1.208,cat1_1,cat2_1,cat3_6,no
0.658,-1.603,-0.429,-0.655,-1.423,0.434,-1.895,0.955,cat1_2,cat2_5,cat3_13,si
0.512,-1.867,1.507,-0.491,-1.472,-1.182,0.773,-0.606,cat1_2,cat2_1,cat3_14,no
0.5,0.952,0.273,1.362,-0.438,-1.385,-1.904,0.077,cat1_2,cat2_5,cat3_0,no
-0.208,-1.46,0.367,0.592,1.896,-0.458,1.384,1.293,cat1_1,cat2_4,cat3_1,no
1.761,-0.331,-1.647,-0.932,-0.647,1.649,-0.16,1.188,cat1_3,cat2_0,cat3_5,si
-1.397,-0.956,0.23,-1.371,-0.538,1.513,-0.254,0.74,cat1_0,cat2_2,cat3_13,no
-1.183,-1.518,0.474,-0.144,-1.246,1.22,0.108,0.174,cat1_1,,cat3_3,si
0.054,-1.477,-1.897,-0.629,1.856,-0.73,-1.685,0.685,cat1_0,cat2_0,cat3_6,no
-1.879,1.728,0.39,0.288,1.24,0.314,-0.643,1.704,cat1_0,cat2_0,cat3_3,no
-0.274,-1.757,-0.07,-0.825,-1.895,1.104,1.565,-0.445,cat1_2,cat2_1,cat3_3,no
1.555,,-1.587,0.467,-0.156,1.357,0.437,-1.124,cat1_0,cat2_1,cat3_4,no
-0.717,-0.431,1.485,-1.04,1.153,1.917,0.406,-0.032,cat1_1,cat2_3,cat3_7,no
1.749,1.54,-1.62,0.414,-0.582,-1.212,0.744,1.515,cat1_2,cat2_0,cat3_4,si
0.803,-1.157,-0.377,-1.235,1.47,-1.431,-1.973,1.963,cat1_2,cat2_3,cat3_11,si
0.641,-0.083,-1.974,-0.374,-1.39,-0.963,0.135,1.145,cat1_1,cat2_1,cat3_2,si
0.356,-0.224,-1.832,1.992,0.155,-1.758,-1.643,-1.18,cat1_1,cat2_4,cat3_6,si
-0.492,-0.454,-0.073,-0.371,0.592,1.5,1.764,-1.725,cat1_1,cat2_4,cat3_7,si
-1.18,0.431,0.484,0.247,0.31,0.106,-0.299,2,cat1_3,cat2_5,cat3_7,no
0.248,-0.863,-0.215,-0.606,0.91,-1.136,-1.921,-1.839,cat1_3,cat2_2,cat3_10,si
-1.171,0.939,1.576,-0.347,-0.569,-0.382,-1.71,0.255,cat1_3,cat2_3,cat3_2,no
-0.863,1.681,-1.676,-1.725,0.721,0.594,0.242,-0.804,cat1_1,cat2_1,cat3_6,no
1.9,0.804,1.551,-1.172,-1.005,-1.667,0.877,-1.131,cat1_3,cat2_4,cat3_5,si
-1.4,-1.828,0.671,0.058,1.01,1,0.732,-0.99,cat1_1,cat2_3,cat3_9,si
,1.774,-1.767,-0.53,-0.509,-1.622,-1.023,-0.191,cat1_1,cat2_5,cat3_8,no
-1.059,-1.262,0.016,-0.52,0.963,0.503,1.771,0.773,cat1_3,cat2_1,cat3_14,si
-0.903,0.424,-1.467,-1.003,1.006,-1.767,0.109,0.832,cat1_1,cat2_2,cat3_8,no
,-1.605,1.309,-0.562,0.228,1.199,-0.67,1.322,cat1_0,cat2_0,cat3_5,no
-0.324,0.907,-0.408,-1.439,0.114,-1.007,-0.329,-0.186,cat1_2,cat2_0,cat3_6,no
-1.511,0.555,-0.796,-1.08,1.02,-1.547,-0.441,-1.306,cat1_1,cat2_2,cat3_5,no
-0.119,-1.238,-0.552,0.764,0.653,-1.245,-1.849,-0.873,cat1_3,cat2_1,cat3_1,no
,1.327,1.13,1.383,1.503,-0.611,0.999,-1.848,cat1_1,,cat3_4,no
-0.775,0.2,0.11,-1.583,1.428,-1.295,-1.575,-0.982,cat1_1,cat2_0,cat3_4,si
-1.969,1.534,-0.642,-1.333,-1.009,1.42,-1.332,-0.057,cat1_2,cat2_4,cat3_7,si
-0.696,-1.88,1.418,-0.966,1.664,0.183,0.095,-1.509,cat1_0,cat2_1,cat3_0,si
,0.885,1.183,0.683,1.353,1.1,1.41,1.087,cat1_1,cat2_0,cat3_12,si
0.667,-1.159,-0.981,0.139,-1.374,1.789,-0.614,1.334,cat1_2,cat2_4,cat3_4,si
-1.431,-1.221,0.037,-0.184,-1.237,-1.395,0.987,-0.13,cat1_2,cat2_0,cat3_6,no
-0.665,1.138,0.676,-0.871,0.969,1.635,1.348,0.846,cat1_2,cat2_4,cat3_5,no
0.96,1.834,-0.446,-1.869,-1.018,1.429,-1.689,-0.851,cat1_2,cat2_3,cat3_1,si
0.139,0.943,1.953,-1.384,1.548,1.341,0.036,0.648,cat1_2,cat2_0,cat3_4,no
-1.02,0.594,-0.945,0.158,-1.143,-1.112,0.928,0.737,cat1_0,cat2_1,cat3_4,no
-0.013,1.281,-1.393,0.47,1.723,-0.112,-1.082,-0.182,cat1_0,cat2_1,cat3_13,no
-0.291,1.499,0.424,-0.812,-1.754,1.803,-1.386,0.669,cat1_0,cat2_2,cat3_9,no
,0.775,1.296,-0.264,1.354,-0.987,-0.556,-0.8,cat1_2,cat2_4,cat3_10,no
0.078,1.9,1.225,-0.743,-0.893,1.999,0.556,-1.59,cat1_2,cat2_1,cat3_13,no
0.503,-0.287,-0.133,1.913,-1.844,1.553,1.585,1.443,cat1_2,cat2_0,cat3_14,si
1.189,-0.879,-0.006,-1.592,0.371,0.401,0.311,0.806,cat1_1,cat2_2,cat3_8,si
-1.777,-1.173,0.313,-1.718,0.508,-0.552,-1.695,0.856,cat1_3,cat2_3,cat3_3,no
-1.225,-0.671,0.019,-1.8,-0.883,0.65,-1.895,-0.91,cat1_2,cat2_5,cat3_9,no
-1.184,0.542,0.76,-0.336,-1.896,-0.013,0.036,-0.172,cat1_0,cat2_5,cat3_12,no
,-1.8,-1.83,1.913,-1.312,-0.951,-1.755,-1.221,cat1_2,cat2_2,cat3_14,no
-1.088,-0.386,-1.144,-0.692,-0.328,0.919,1.658,1.701,cat1_3,cat2_4,cat3_3,no
-1.923,0.593,1.308,-0.792,-1.463,0.688,1.963,-0.32,cat1_3,cat2_2,cat3_9,no
-0.085,1.944,1.31,0.096,1.742,-0.948,-1.575,1.82,cat1_3,cat2_4,cat3_14,no
0.511,0.457,1.165,-1.184,-1.227,-1.232,0.222,1.793,cat1_3,cat2_3,cat3_12,no
-0.389,1.272,-0.303,-1.368,0.838,-1.335,0.999,0.088,cat1_2,cat2_0,cat3_12,no
-1.756,-0.144,-1.369,-1.478,0.663,0.266,1.001,1.967,cat1_0,cat2_4,cat3_11,no
0.304,-0.659,-0.449,0.734,1.499,0.561,0.381,-0.568,cat1_0,cat2_4,cat3_5,no
1.188,-0.441,1.775,-1.997,-1.023,1.9,-0.432,0.31,cat1_1,cat2_4,cat3_10,si
-1.94,-1.189,1.897,-1.413,-1.537,-0.404,-0.063,-1.841,cat1_1,cat2_2,cat3_1,si
,-1.926,1.147,1.639,1.843,0.523,-0.064,0.119,cat1_0,,cat3_7,si
1.676,-0.411,1.901,0.356,-0.239,1.91,-0.964,0.046,cat1_2,cat2_0,cat3_11,si
0.287,0.978,-0.744,-1.216,1.446,0.324,0.664,1.671,cat1_1,cat2_5,cat3_1,no
-0.96,,-0.633,1.816,1.268,0.917,-1.18,0.34,cat1_3,cat2_2,cat3_12,no
-1.916,-1.716,0.11,1.693,0.224,1.039,1.603,-1.164,cat1_1,cat2_4,cat3_11,no
0.175,-0.021,-0.787,1.446,-1.986,0.364,0.018,-0.98,cat1_3,cat2_5,cat3_0,no
0.757,0.448,1.586,1.551,-0.294,0.754,-0.152,-1.203,cat1_0,cat2_2,cat3_9,no
1.376,-1.006,0.857,-0.821,-1.795,-0.565,0.52,1.823,cat1_2,cat2_1,cat3_2,no
-1.43,0.975,-0.905,1.376,-1.852,-0.457,0.965,1.695,cat1_2,cat2_0,cat3_2,no
-0.113,1.211,-0.247,0.464,1.968,0.512,1.624,-1.921,cat1_1,cat2_5,cat3_2,no
-1.951,-1.351,1.952,0.762,0.802,0.482,0.938,0.242,cat1_2,cat2_0,cat3_14,no
-0.375,1.251,-1.213,-0.348,-0.956,1.215,-0.126,1.521,cat1_0,cat2_3,cat3_12,no
0.816,0.755,-1.61,0.971,1.271,0.488,-1.696,-0.803,cat1_1,cat2_5,cat3_11,si
-1.879,1.834,-0.592,-1.794,-1.895,0.743,-1.868,-0.497,cat1_0,cat2_3,cat3_3,no
1.536,0.308,1.696,-0.701,1.013,-1.088,-0.785,0.745,cat1_3,cat2_2,cat3_9,no
1.688,-1.13,0.398,0.522,0.204,-1.9,1.454,-0.027,cat1_0,cat2_3,cat3_0,si
-0.107,1.515,0.317,-1.073,1.63,-0.202,-1.819,1.336,cat1_1,cat2_4,cat3_4,no
-0.629,,1.245,-1.095,0.059,-0.06,-1.406,0.198,cat1_3,cat2_3,cat3_6,no
,,-1.754,-1.631,-0.932,-0.688,0.916,-0.234,cat1_1,cat2_3,cat3_6,no
0.146,1.066,-1.734,-0.603,-0.506,-0.81,1.889,-0.201,cat1_1,cat2_3,cat3_9,no
0.738,-1.483,0.008,0.937,-0.378,0.047,1.466,-1.525,cat1_0,cat2_3,cat3_7,si
0.217,-0.922,1.464,1.312,-1.172,-1.717,0.952,-1.919,cat1_0,cat2_1,cat3_3,si
1.056,,-1.603,-0.525,-1.242,1.984,1.986,-1.36,cat1_3,cat2_4,cat3_4,si
0.759,-0.162,-1.372,1.078,0.527,0.593,-0.32,1.448,cat1_2,cat2_5,cat3_6,no
1.493,0.153,-1.016,1.886,1.155,0.971,-1.915,1.357,cat1_0,cat2_4,cat3_13,no
0.414,0.24,1.113,-1.108,-1.076,1.365,-0.319,1.615,cat1_3,cat2_5,cat3_5,no
-1.875,1.97,-0.477,1.434,-0.605,0.432,-1.088,-0.447,cat1_0,cat2_4,cat3_4,no
-0.015,-1.602,0.515,-0.809,-1.197,1.768,-1.418,-0.794,cat1_1,,cat3_12,no
-0.677,-1.323,-0.329,0.371,-1.658,-1.543,-1.552,-0.375,cat1_0,cat2_0,cat3_11,si
-0.497,-1.409,1.378,-0.015,1.635,-0.799,1.845,-0.341,cat1_0,cat2_5,cat3_0,no
-1.042,-1.106,-1.257,-1.535,1.859,-1.909,-0.078,-0.397,cat1_2,cat2_2,cat3_1,no
-0.774,-0.114,-1.865,-1.669,1.654,0.1,-0.838,-1.054,cat1_0,cat2_4,cat3_7,no
1.539,-0.997,-0.155,1.722,1.549,-0.117,0.978,1.032,cat1_2,cat2_3,cat3_14,si
0.926,-0.775,0.303,1.009,-1.301,1.031,-0.3,0.462,cat1_3,cat2_5,cat3_6,no
,-0.142,-1.483,0.558,-0.446,0.068,0.034,1.855,cat1_3,cat2_4,cat3_6,no
1.459,0.537,0.405,0.454,0.55,-0.981,1.187,-0.6,cat1_0,cat2_5,cat3_5,si
0.624,-1.649,1.476,0.168,-0.826,1.78,-0.703,-1.516,cat1_3,cat2_0,cat3_11,no
1.455,-1.492,0.056,-0.575,0.751,1,-1.559,-1.012,cat1_1,cat2_5,cat3_2,si
0.949,-1.996,0.561,-1.268,-0.651,-1.144,1.088,1.578,cat1_0,cat2_5,cat3_0,no
1.916,0.021,-1.882,-1.704,-0.678,1.035,-1.959,0.773,cat1_2,cat2_2,cat3_7,si
0.343,1.628,-0.391,-0.964,-1.637,1.718,-1.251,0.856,cat1_3,cat2_3,cat3_1,no
0.534,0.956,-1.071,1.552,0.511,1.487,-0.437,-0.307,cat1_3,,cat3_1,si
,-1.262,-1.067,0.402,-1.371,0.64,0.523,-0.594,cat1_3,cat2_4,cat3_5,no
-1.418,-1.462,1.369,1.666,1.095,-1.247,-0.494,0.209,cat1_0,cat2_0,cat3_14,no
0.993,-0.925,0.263,-0.68,1.167,-1.936,-0.751,-1.846,cat1_1,cat2_3,cat3_9,si
-0.173,1.967,0.509,-0.786,-1.246,0.217,1.786,-0.687,cat1_3,cat2_5,cat3_4,no
-0.644,0.614,-0.206,1.124,0.202,-1.779,1.98,-1.158,cat1_1,cat2_1,cat3_11,no
-0.173,0.065,-0.482,1.968,-0.841,0.001,-1.751,1.137,cat1_2,cat2_0,cat3_6,no
-0.918,-1.312,0.632,1.057,1.443,-1.454,-1.882,1.062,cat1_1,cat2_0,cat3_8,si
0.45,0.591,-0.561,1.734,0.276,1.604,-0.642,-1.518,cat1_3,cat2_1,cat3_8,no
1.328,-0.255,1.846,-0.224,-1.37,1.202,-1.332,-1.539,cat1_1,cat2_3,cat3_5,no
-0.033,-0.364,1.806,-1.456,-0.582,0.253,0.883,0.777,cat1_0,cat2_3,cat3_11,no
-0.081,0.056,1.03,-1.946,-0.016,0.227,-1.597,1.544,cat1_0,cat2_5,cat3_4,no
1.976,1.875,0.905,-0.923,-1.913,1.485,0.805,1.402,cat1_2,cat2_0,cat3_9,si
-1.19,0.271,-1.351,-1.118,-1.998,-1.52,-1.576,-1.801,cat1_0,cat2_5,cat3_7,no
-1.96,-1.036,1.223,-0.444,0.052,1.386,1.629,0.534,cat1_2,cat2_5,cat3_7,no
1.047,1.215,-0.112,0.409,-1.039,1.248,-0.392,1.945,cat1_3,cat2_0,cat3_4,no
1.589,-0.699,0.538,-1.888,1.667,-1.147,1.368,-1.977,cat1_3,cat2_1,cat3_4,no
-1.004,1.365,-1.057,-0.722,1.972,-0.529,1.402,1.655,cat1_0,cat2_2,cat3_5,no
-1.863,-1.521,0.681,-0.093,1.392,-0.641,1.359,-0.177,cat1_3,cat2_3,cat3_5,no
1.036,0.696,-1.558,-1.392,1.133,-0.088,-0.952,0.458,cat1_2,cat2_1,cat3_1,no
-0.253,-1.458,-0.816,-0.123,0.331,0.829,-0.168,1.359,cat1_2,cat2_4,cat3_13,si
,1.895,-1.104,0.642,-1.57,-1.141,-0.676,-0.36,cat1_2,cat2_0,cat3_3,no
-0.695,-0.259,-0.151,-0.325,1.074,0.717,1.891,-0.194,cat1_0,,cat3_2,no
0.052,0.805,-0.762,0.354,-0.443,1.7,1.589,-0.734,cat1_0,,cat3_7,no
-0.44,1.266,-1.955,-0.801,1.538,0.371,0.444,1.345,cat1_3,cat2_0,cat3_0,no
,1.998,-0.66,1.639,-1.407,-1.049,0.581,1.538,cat1_0,cat2_5,cat3_2,no
-0.757,-1.505,1.983,-0.418,-1.58,0.316,0.093,0.845,cat1_0,cat2_0,cat3_5,no
-1.344,-1.257,1.451,0.293,-0.113,-0.376,-1.181,0.936,cat1_2,cat2_5,cat3_0,no
-1.458,-1.134,1.043,0.834,-1.161,1.064,-1.917,1.862,cat1_0,cat2_1,cat3_12,no
1.344,1.912,-0.601,-0.407,1.816,-1.985,-0.437,-1.742,cat1_1,cat2_0,cat3_10,no
-1.29,-1.316,-0.352,-0.241,1.605,-0.441,1.825,-0.26,cat1_1,,cat3_12,si
-0.817,1.585,1.933,-0.551,1.725,-0.997,0.109,0.562,cat1_2,cat2_3,cat3_10,no
0.053,-0.327,1.733,0.027,-1.726,0.633,-1.915,0.285,cat1_1,cat2_2,cat3_10,si
-1.203,-0.226,1.793,-1.717,-0.734,0.791,-0.128,-0.323,cat1_0,cat2_2,cat3_11,no
1.916,0.491,-0.041,0.763,-1.331,-0.655,-1.925,1.708,cat1_0,cat2_4,cat3_3,no
-1.42,-1.494,0.402,-0.548,-1.548,-1.97,0.05,0.544,cat1_1,cat2_1,cat3_3,si
-0.673,-0.126,-1.064,-0.689,0.415,-0.729,-1.811,-0.953,cat1_2,cat2_3,cat3_12,no
,-1.607,0.289,-0.452,1.496,0.719,-1.92,-1.428,cat1_2,cat2_2,cat3_14,no
1.93,0.253,1.534,1.341,0.723,-1.296,-1.846,-1.419,cat1_2,cat2_3,cat3_10,si
1.161,-0.291,-1.12,1.1,-1.669,-1.79,-1.901,1.911,cat1_2,cat2_3,cat3_0,no
-1.163,,1.793,1.295,-0.048,1.592,-0.041,1.021,cat1_1,cat2_1,cat3_8,no
1.368,0.197,0.29,0.214,-1.772,1.203,-0.028,-0.482,cat1_0,cat2_0,cat3_10,si
1.661,-1.553,-1.233,-1.353,0.936,0.485,-1.159,-0.056,cat1_0,cat2_2,cat3_14,si
-1.837,1.089,0.972,1.144,0.496,1.042,-0.03,-0.232,cat1_3,cat2_5,cat3_7,no
-1.733,0.435,1.161,1.573,-1.681,0.883,0.669,1.698,cat1_1,cat2_3,cat3_2,no
1.61,-0.504,1.642,1.917,-0.662,-0.37,0.629,-1.654,cat1_1,cat2_3,cat3_0,si
-1.368,0.592,1.783,-0.523,-0.348,0.487,0.538,-1.671,cat1_3,cat2_5,cat3_0,no
0.118,-1.798,0.411,1.274,-1.47,0.63,-0.62,-1.594,cat1_1,cat2_5,cat3_5,si
-1.769,-1.729,1.668,-1.765,-1.436,-0.752,-1.056,-0.901,cat1_3,,cat3_5,no
0.429,0.577,1.132,-1.718,-0.332,-0.111,1.635,-0.266,cat1_3,cat2_4,cat3_5,no
-0.271,0.457,-0.994,-0.961,1.307,-1.654,0.918,1.855,cat1_2,cat2_0,cat3_8,no
0.955,-0.496,0.73,-1.346,-1.888,1.514,-0.089,-1.515,cat1_1,cat2_1,cat3_9,si
-1.27,1.277,-1.777,0.531,1.314,-1.147,-0.775,-1.204,cat1_1,,cat3_0,no
,1.24,-0.562,0.506,1.902,-0.143,1.228,-0.297,cat1_3,cat2_1,cat3_3,no
-1.388,-1.405,1.433,0.932,-0.397,-0.132,1.23,1.773,cat1_2,cat2_1,cat3_8,no
1.816,0.965,-0.915,1.595,1.044,-0.044,-1.935,0.018,cat1_0,cat2_1,cat3_10,no
1.916,-1.896,1.658,0.324,-1.102,1.173,1.18,-1.139,cat1_0,,cat3_10,si
-0.818,-0.558,-1.837,0.862,-0.218,-1.89,1.33,-0.335,cat1_1,cat2_1,cat3_13,no
-0.714,,-1.13,-1.491,0.358,-0.206,0.261,1.518,cat1_0,cat2_5,cat3_2,no
0.501,-0.591,0.271,-0.428,-0.834,-0.281,0.032,-1.905,cat1_0,cat2_2,cat3_0,si
,1.251,-0.819,-1.073,1.036,-0.782,-0.476,-0.98,cat1_1,cat2_2,cat3_6,no
0.46,-0.267,1.86,-0.29,0.904,1.174,0.027,-0.908,cat1_2,cat2_2,cat3_4,no
-1.652,1.313,1.196,-1.179,-0.291,-1.388,-1.841,-1.963,cat1_0,,cat3_12,no
-0.254,-0.92,-1.616,1.9,-0.956,-1.331,-0.182,0.491,cat1_3,cat2_2,cat3_9,no
-1.874,1.544,1.152,0.564,0.362,-0.468,-1.961,0.122,cat1_2,cat2_2,cat3_14,no
-1.061,-1.036,-0.796,0.575,-0.254,-0.952,0.012,-1.097,cat1_0,cat2_1,cat3_10,no
0.785,0.858,-0.809,-1.05,0.327,-0.722,-1.728,0.752,cat1_3,cat2_4,cat3_4,no
-1.085,-1.264,-0.153,0.094,0.002,1.272,-1.255,-0.979,cat1_2,cat2_2,cat3_11,no
,-0.859,-1.71,-1.886,0.411,1.722,1.392,0.177,cat1_2,cat2_0,cat3_11,no
-1.973,0.07,-1.59,-1.39,0.811,1.475,-0.611,-1.924,cat1_2,cat2_1,cat3_0,no
0.066,0.694,1.497,-1.958,0.651,1.358,0.638,0.12,cat1_0,cat2_3,cat3_11,no
1.051,,-0.39,0.633,1.08,0.773,-0.526,0.85,cat1_3,cat2_4,cat3_3,no
1.717,1.327,1.777,-0.598,-0.694,1.534,1.957,1.645,cat1_2,cat2_4,cat3_13,no
-1.235,1.709,1.402,1.927,-0.381,1.474,-1.732,-0.729,cat1_0,cat2_4,cat3_4,no
-0.265,-0.721,0.517,0.744,0.644,1.752,-0.152,-0.32,cat1_3,cat2_0,cat3_9,no
1.804,-0.833,1.775,0.239,0.258,1.165,-0.275,-1.363,cat1_3,cat2_3,cat3_8,si
1.486,1.831,-0.511,-1.805,1.126,-0.884,0.537,-0.182,cat1_1,cat2_1,cat3_7,si
1.32,-0.641,1.343,0.768,-0.571,-1.943,1.432,1.884,cat1_2,cat2_3,cat3_12,si
1.136,,-0.498,0.526,-1.949,-1.878,1.428,0.676,cat1_0,cat2_4,cat3_3,si
0.549,-1.214,0.467,-1.703,-0.549,1.98,0.889,-1.003,cat1_0,cat2_1,cat3_11,no
-1.196,1.819,-0.724,-1.929,-0.194,0.921,1.491,1.906,cat1_0,cat2_1,cat3_10,no
-1.527,-0.549,0.693,1.04,0.576,-1.943,-1.591,0.669,cat1_3,cat2_5,cat3_4,no
1.812,,1.385,-0.552,-1.138,1.043,0.568,-1.234,cat1_2,cat2_3,cat3_13,si
0.32,-0.628,1.307,1.818,1.066,0.364,0.51,0.598,cat1_1,cat2_3,cat3_1,no
-1.595,1.761,1.641,0.925,0.42,1.712,-1.962,1.691,cat1_3,cat2_3,cat3_9,no
-1.612,1.473,1.696,-1.926,-0.65,-1.088,-1.435,1.598,cat1_0,cat2_0,cat3_3,no
,-1.264,1.375,-0.926,0.572,-0.031,-0.823,1.545,cat1_2,,cat3_7,no
-1.047,-0.527,-0.495,1.035,-1.817,-1.293,1.261,-1.175,cat1_1,cat2_4,cat3_2,no
-1.058,-0.585,1.228,-1.254,-1.757,1.586,0.287,-1.913,cat1_2,cat2_2,cat3_0,no
-0.516,,1.064,-0.104,1.614,0.62,-1.5,-1.565,cat1_3,cat2_1,cat3_8,no
-0.569,-1.812,-0.027,1.976,0.126,0.121,1.21,-1.801,cat1_3,cat2_1,cat3_9,si
0.24,-0.289,1.827,-1.025,0.033,-1.387,-1.69,0.462,cat1_2,cat2_0,cat3_7,no
-0.305,-0.249,-0.278,1.945,0.581,-0.088,-1.184,-1.433,cat1_1,cat2_5,cat3_12,no
-1.392,0.003,1.821,-0.603,0.354,-0.945,0.187,0.452,cat1_1,cat2_2,cat3_9,no
-1.43,-0.171,0.699,1.031,-0.422,-0.063,0.125,-0.888,cat1_3,cat2_5,cat3_0,no
-1.294,-0.008,-0.724,-1.533,0.333,-1.898,-0.861,1.224,cat1_1,cat2_3,cat3_8,no
-1.34,0.614,1.764,0.952,1.469,0.826,0.393,0.417,cat1_1,cat2_3,cat3_9,no
1.103,-0.548,1.776,-1.122,0.358,-1.413,-1.419,1.657,cat1_3,,cat3_4,si
-0.458,-0.114,0.55,0.489,0.582,-0.435,1.208,1.605,cat1_3,cat2_2,cat3_13,no
-0.252,1.506,-0.589,0.225,-1.977,-0.693,-0.724,-1.797,cat1_1,cat2_3,cat3_8,no
-0.158,-0.499,1.911,1.703,-1.53,0.284,-1.68,-0.296,cat1_3,cat2_2,cat3_5,si
-1.955,-0.328,1.435,-0.704,-0.937,-1.788,0.432,1.331,cat1_2,cat2_3,cat3_4,no
1.383,-0.955,1.269,-0.67,-0.925,1.325,-1.631,0.439,cat1_0,cat2_3,cat3_10,no
-0.494,0.761,-1.109,0.898,-0.953,-1.086,0.481,-0.423,cat1_1,cat2_3,cat3_11,no
-1.174,,-1.614,-0.774,1.44,0.507,1.854,0.346,cat1_1,cat2_5,cat3_0,no
0.693,-1.238,-1.129,-1.245,0.644,-0.756,0.415,-0.185,cat1_0,cat2_4,cat3_10,no
1.904,1.777,0.956,1.039,1.108,-0.803,0.618,1.566,cat1_1,cat2_4,cat3_14,si
-1.692,1.695,1.06,-0.738,-1.47,1.819,-1.193,-1.35,cat1_2,cat2_2,cat3_12,no
,1.103,1.446,1.212,1.321,0.128,-1.548,-0.915,cat1_0,cat2_0,cat3_12,no
-1.995,-0.892,0.883,-0.327,0.539,-1.41,-1.613,-1.848,cat1_2,cat2_2,cat3_8,no
-0.817,0.958,0.484,0.595,-0.946,1.072,1.749,-1.226,cat1_0,cat2_3,cat3_14,no
1.734,0.635,1.206,0.514,-1.404,0.599,-1.766,-1.17,cat1_0,cat2_4,cat3_6,si
-1.133,-0.517,1.876,-1.937,1.664,-0.523,0.76,-1.225,cat1_3,cat2_1,cat3_13,no
-0.297,-1.837,-0.78,-1.027,-1.425,-1.612,1.23,-1.576,cat1_0,cat2_1,cat3_1,si
1.999,-0.617,-0.351,0.846,-0.741,-1.481,-1.227,-0.806,cat1_1,cat2_4,cat3_12,si
-0.959,-1.511,1.943,1.484,-0.796,-1.847,0.917,1.439,cat1_3,cat2_2,cat3_9,no
,1.091,-1.361,1.809,-1.342,-0.845,1.811,1.97,cat1_1,cat2_0,cat3_11,si
