usuarios,uso_gb_mes,antiguedad_meses,llamadas_soporte_mes,pago,region,plan
1,20.1,17,0,mensual,norte,basico
3,20.8,2,1,mensual,norte,basico
6,198.7,42,3,anual,costa,empresa
3,59.8,44,1,mensual,norte,estandar
4,333.6,4,3,mensual,costa,premium
1,31.2,23,1,anual,costa,estudiante
2,161.6,46,3,anual,sur,estandar
5,470.7,67,2,anual,costa,premium
3,87.3,53,0,mensual,sur,estandar
2,45.7,29,4,mensual,sur,estandar
2,10.3,71,1,mensual,norte,basico
4,20.6,6,2,mensual,norte,basico
2,37,20,3,anual,centro,basico
3,50.1,70,1,anual,norte,estandar
4,130.2,12,1,anual,sur,premium
2,20.8,39,2,mensual,sur,estandar
4,101.4,37,2,mensual,centro,premium
3,76.9,27,3,mensual,norte,estandar
3,27.9,47,1,mensual,costa,basico
2,43.8,46,1,mensual,sur,estandar
1,7.7,37,3,mensual,norte,basico
2,148.4,36,2,mensual,costa,premium
4,138.6,57,2,mensual,centro,premium
2,39.5,30,2,anual,costa,estudiante
1,34.4,18,1,mensual,centro,basico
2,25.7,20,0,mensual,norte,estudiante
1,26.1,21,1,mensual,norte,estudiante
2,13.2,71,2,mensual,costa,basico
1,20.7,19,2,mensual,sur,basico
2,15,70,4,anual,centro,basico
1,47.2,58,0,mensual,sur,basico
2,101,53,2,mensual,costa,estandar
5,327,37,1,mensual,centro,premium
6,41.3,1,3,anual,norte,estandar
5,54.4,67,0,mensual,costa,estandar
1,21.3,17,0,mensual,centro,basico
5,45.3,48,1,anual,norte,estandar
3,29.4,16,1,mensual,costa,estandar
6,252,40,2,anual,norte,premium
1,13.1,51,0,mensual,centro,basico
1,47.2,66,2,mensual,norte,estandar
3,9.2,8,0,mensual,norte,estudiante
2,25.4,32,0,mensual,costa,basico
3,81.2,48,1,anual,norte,estandar
4,69.4,47,2,anual,norte,premium
1,19.6,12,0,mensual,sur,basico
1,6.3,13,1,mensual,costa,basico
1,21.5,13,0,anual,sur,basico
2,130,70,2,anual,costa,premium
3,9.1,34,0,mensual,centro,basico
8,133.7,31,2,mensual,costa,premium
1,38.1,35,2,mensual,norte,basico
2,13.7,15,0,anual,centro,basico
1,6.2,12,1,anual,sur,basico
2,8.3,23,2,mensual,norte,basico
2,16.7,15,1,mensual,sur,basico
1,11.1,65,0,mensual,sur,basico
2,15.6,46,1,anual,sur,basico
1,35.3,25,1,mensual,sur,estudiante
1,7.4,54,0,anual,norte,basico
2,25.6,34,0,mensual,norte,basico
3,74.5,72,3,mensual,centro,premium
10,243.3,24,3,mensual,costa,empresa
7,30.3,45,2,anual,centro,estandar
2,43.8,2,0,mensual,norte,estandar
2,135.5,60,1,anual,centro,estandar
1,26.4,22,1,mensual,norte,estudiante
1,13.2,26,1,mensual,centro,basico
3,139.7,42,1,mensual,norte,premium
3,69.3,30,1,mensual,sur,basico
3,140.4,59,1,mensual,centro,estandar
2,142.9,28,2,mensual,costa,estandar
1,32.9,29,0,mensual,norte,basico
3,105.8,20,4,anual,norte,premium
1,22.9,31,0,anual,sur,basico
17,203.4,40,2,anual,norte,empresa
1,63.3,37,1,anual,norte,estandar
3,56.7,30,2,mensual,costa,basico
4,133.9,58,0,anual,costa,premium
2,10.9,62,1,mensual,costa,basico
2,32.5,17,1,anual,centro,estudiante
1,7.6,61,2,mensual,centro,basico
1,11,71,3,anual,sur,basico
4,112.2,63,4,mensual,centro,empresa
9,142.5,26,6,anual,sur,empresa
1,21.4,12,1,mensual,norte,basico
2,46.1,5,2,anual,sur,estandar
2,16.1,22,2,anual,costa,basico
3,40.7,1,3,mensual,norte,estandar
3,100.4,69,3,anual,costa,estandar
15,156.4,55,3,anual,sur,empresa
2,17.4,49,2,mensual,centro,basico
2,5.6,47,0,mensual,sur,basico
1,35,33,1,mensual,costa,basico
2,130.5,63,4,anual,norte,premium
1,13.5,67,0,anual,sur,basico
11,215.2,72,3,mensual,costa,premium
1,45,3,1,anual,sur,basico
1,95.8,5,2,mensual,norte,estandar
6,191.4,51,2,anual,norte,premium
5,185.8,25,2,anual,costa,empresa
2,24.3,65,0,mensual,norte,basico
1,63.5,18,0,mensual,norte,estudiante
3,127.8,4,1,mensual,centro,premium
4,17.1,15,0,anual,centro,basico
2,53.5,2,0,mensual,sur,estudiante
3,50.6,58,1,mensual,sur,estandar
3,250.9,6,1,mensual,sur,premium
1,60.5,1,1,mensual,sur,estudiante
5,158.6,34,3,anual,costa,empresa
4,369.5,49,6,mensual,norte,empresa
6,98.5,14,5,anual,norte,empresa
4,66.7,59,3,mensual,centro,estandar
4,156.8,54,1,mensual,sur,premium
1,12.3,11,1,anual,norte,basico
2,92.4,5,1,mensual,costa,estandar
1,34.9,14,0,anual,centro,estudiante
1,17.1,8,3,anual,sur,basico
1,20.4,69,3,mensual,sur,basico
4,105.5,5,3,anual,norte,premium
2,196.8,13,3,anual,sur,premium
1,73.9,17,1,mensual,norte,estudiante
2,11,9,1,anual,costa,basico
3,14.6,3,1,anual,costa,basico
2,86.6,72,4,mensual,norte,premium
5,141.6,48,5,anual,centro,empresa
1,31.2,3,0,anual,norte,estudiante
4,325.1,2,5,anual,norte,premium
3,90.7,54,0,mensual,costa,estandar
3,20.9,12,0,mensual,sur,basico
2,22.9,69,2,mensual,norte,basico
2,78.8,35,1,mensual,centro,estandar
4,18.8,50,3,anual,costa,estandar
1,41.2,19,1,mensual,norte,basico
1,37.3,71,1,anual,centro,basico
2,18.6,17,1,anual,costa,basico
1,72,69,0,mensual,centro,basico
2,61.8,38,3,mensual,sur,basico
2,52.9,49,2,mensual,centro,estandar
2,14.2,33,1,mensual,costa,basico
4,321,4,2,anual,norte,premium
2,111.4,37,0,anual,sur,estandar
2,29.6,30,1,mensual,centro,basico
5,227.7,51,3,anual,norte,empresa
4,36.6,59,2,anual,costa,estandar
4,30.2,50,0,anual,centro,basico
3,122.8,24,2,anual,sur,premium
1,21.6,30,2,mensual,sur,basico
13,305,15,5,anual,costa,empresa
10,342.8,5,3,anual,costa,empresa
9,582.9,1,1,anual,centro,empresa
1,30.7,1,2,anual,norte,basico
3,106.1,40,1,anual,centro,estandar
2,9,52,2,mensual,costa,basico
5,92.1,52,1,mensual,costa,estandar
2,80.1,36,0,mensual,centro,estandar
9,403.7,35,2,mensual,norte,empresa
3,167.7,24,2,mensual,sur,estandar
3,22.6,15,2,mensual,costa,basico
1,51.5,17,2,mensual,costa,basico
1,52.8,59,1,mensual,centro,basico
4,173.1,69,3,mensual,centro,estandar
4,142.8,1,3,anual,costa,empresa
1,31.3,69,1,anual,centro,basico
1,33.1,65,0,anual,sur,basico
5,167.9,38,3,mensual,centro,empresa
1,17.4,71,1,mensual,costa,basico
2,45,64,2,anual,sur,basico
2,49.2,54,1,anual,norte,estandar
6,276.8,32,3,anual,centro,empresa
7,316.5,33,3,mensual,costa,premium
2,106.8,19,2,mensual,costa,estudiante
12,242.4,8,5,mensual,costa,empresa
1,32,33,3,mensual,centro,basico
1,8.9,39,2,mensual,norte,basico
5,166,56,4,anual,sur,empresa
1,83.8,9,0,anual,sur,estudiante
3,62.8,42,3,anual,centro,premium
4,295.3,56,4,anual,norte,empresa
2,37.1,23,1,anual,norte,estudiante
5,273.9,41,3,anual,norte,empresa
1,35.6,21,1,mensual,norte,basico
3,118.2,3,1,anual,costa,estandar
2,97.7,15,3,mensual,norte,estandar
1,22.3,28,1,anual,centro,basico
3,134.2,67,3,anual,sur,premium
1,11.6,34,1,mensual,norte,basico
4,131,10,2,anual,sur,premium
1,19.4,34,0,mensual,sur,basico
3,146.3,34,2,mensual,norte,premium
2,33.6,5,0,mensual,centro,estandar
2,88.3,25,1,mensual,sur,estudiante
1,40.1,62,2,mensual,norte,basico
1,16.1,54,1,mensual,norte,basico
1,29.3,61,1,mensual,sur,basico
5,40,1,1,mensual,norte,estandar
1,45.4,20,0,mensual,norte,estudiante
2,24.1,26,3,mensual,costa,basico
3,66,9,1,mensual,centro,estudiante
2,10.6,42,1,anual,norte,estandar
2,85.5,47,2,mensual,norte,estandar
1,15.2,56,0,mensual,norte,basico
2,59.1,5,0,mensual,norte,basico
2,33.7,3,0,mensual,sur,estudiante
7,631.6,67,4,mensual,sur,empresa
1,115.5,72,3,anual,norte,estandar
1,49.7,60,2,mensual,norte,basico
3,53.6,3,1,mensual,centro,estandar
2,15.4,39,2,mensual,centro,basico
3,79.6,41,2,mensual,costa,estandar
10,169.7,11,2,mensual,norte,estandar
5,113.9,58,2,mensual,centro,premium
3,39.3,38,4,anual,costa,basico
6,15.6,51,0,anual,norte,basico
3,273.1,57,1,anual,costa,premium
3,206.8,34,3,anual,norte,premium
2,34.7,35,0,mensual,sur,estudiante
1,80,29,0,mensual,costa,estudiante
3,17.9,47,0,anual,centro,basico
1,12,46,2,mensual,centro,basico
3,96.2,29,2,mensual,costa,estandar
1,30.7,64,1,anual,costa,estandar
3,44.5,24,2,mensual,norte,basico
8,425.9,49,3,anual,sur,empresa
1,49.4,37,1,mensual,costa,basico
2,14.4,26,0,mensual,sur,basico
2,36.4,62,2,mensual,centro,basico
2,130.4,69,0,anual,centro,estandar
1,4.7,37,2,mensual,costa,basico
1,16.4,31,3,mensual,norte,basico
1,16.4,45,1,mensual,costa,basico
2,37.5,20,1,mensual,costa,estudiante
1,127.2,39,1,mensual,norte,estandar
8,329.1,2,7,anual,centro,empresa
1,55.8,50,3,anual,centro,estandar
3,340.8,14,2,anual,costa,premium
1,25.8,33,1,mensual,sur,estudiante
4,178.9,18,3,anual,sur,premium
1,10.1,9,1,mensual,centro,basico
2,101.4,23,1,anual,costa,estandar
5,47.6,63,1,anual,norte,estandar
2,74.2,34,1,mensual,norte,estandar
11,132.9,57,4,anual,sur,empresa
10,319,27,4,mensual,sur,empresa
2,132.5,38,2,anual,norte,premium
1,21,34,1,mensual,costa,basico
6,483.1,27,4,anual,norte,empresa
2,30.5,20,0,mensual,costa,estandar
1,33.8,21,1,mensual,sur,basico
2,9.5,9,0,mensual,sur,basico
2,50.2,24,1,mensual,norte,basico
6,249.5,65,3,mensual,norte,empresa
2,51.7,17,3,mensual,costa,estandar
1,31.3,3,0,mensual,sur,basico
3,35.2,34,0,mensual,centro,estandar
2,119.5,63,4,anual,norte,estandar
11,371.4,61,5,anual,sur,empresa
2,10.6,13,1,mensual,sur,basico
1,22.5,23,2,mensual,norte,basico
1,35.2,31,0,anual,costa,basico
2,43.3,3,0,mensual,norte,basico
1,47.8,55,0,anual,costa,basico
3,199.5,2,2,mensual,centro,premium
2,78.9,11,1,anual,sur,estandar
3,34.5,29,1,anual,norte,estandar
6,83.1,69,3,anual,sur,premium
2,64.4,41,2,mensual,centro,basico
1,25.6,33,1,mensual,norte,basico
1,36.5,21,2,anual,sur,estandar
3,96.5,44,2,mensual,centro,premium
5,99.4,2,2,mensual,centro,estandar
1,22.1,19,0,mensual,norte,basico
3,17.7,4,1,mensual,norte,estudiante
2,163.6,5,4,mensual,sur,estudiante
1,32,1,2,mensual,costa,estudiante
1,13,39,1,mensual,costa,basico
2,25.1,29,1,mensual,centro,basico
2,20,68,0,anual,sur,basico
3,44.8,25,2,mensual,sur,basico
4,64.6,70,1,anual,sur,estandar
1,27.7,28,1,mensual,norte,basico
1,44.9,22,1,mensual,centro,estandar
5,414.6,19,1,anual,norte,premium
2,21.2,31,0,anual,norte,basico
4,57.8,72,2,anual,norte,estandar
8,167.2,70,6,anual,sur,empresa
3,197.5,55,4,anual,norte,empresa
10,272.1,54,1,mensual,centro,premium
1,7.2,66,0,anual,centro,basico
19,88.9,7,3,mensual,norte,empresa
1,53.6,60,1,mensual,costa,estandar
1,11.4,25,1,mensual,norte,basico
7,224.5,3,3,anual,costa,empresa
2,10.2,71,1,mensual,sur,basico
16,572,40,5,mensual,norte,empresa
2,32.7,72,3,mensual,centro,estandar
2,30.9,45,0,anual,norte,basico
1,17.3,60,2,anual,costa,basico
4,115.4,43,2,anual,sur,estandar
2,27.5,45,0,anual,costa,basico
1,33.9,42,1,mensual,norte,basico
1,23.9,58,1,mensual,centro,basico
5,164.9,25,4,anual,centro,premium
6,37.4,70,1,anual,sur,estandar
3,17.2,5,3,anual,norte,basico
1,31.5,17,0,mensual,norte,basico
2,39.2,7,0,anual,costa,basico
3,97.6,43,1,mensual,norte,estandar
2,18.8,72,2,mensual,sur,basico
8,260.9,63,1,anual,sur,premium
1,15.2,7,1,mensual,sur,basico
2,34.4,14,2,mensual,costa,basico
1,25.4,7,0,mensual,norte,basico
2,29.2,40,1,mensual,sur,basico
3,5.8,4,2,mensual,norte,basico
2,28.3,72,3,mensual,costa,estandar
3,145.1,70,3,mensual,centro,estandar
3,58.4,54,2,mensual,costa,estandar
2,17.1,26,2,anual,norte,basico
2,50.1,1,0,anual,costa,estandar
2,15.8,31,0,mensual,sur,basico
2,26.3,16,0,mensual,sur,estudiante
6,292.1,5,3,anual,sur,empresa
2,11.3,54,3,anual,centro,basico
1,18,12,2,mensual,norte,basico
1,30.4,37,2,anual,norte,basico
1,32.2,68,1,mensual,centro,basico
1,12.9,6,0,anual,sur,basico
3,43.9,2,2,anual,norte,estandar
1,26,53,3,mensual,sur,basico
1,13.1,26,0,mensual,costa,basico
3,27.1,58,0,mensual,sur,basico
4,188.8,5,0,anual,centro,premium
3,22.3,71,0,mensual,sur,basico
1,29.4,3,0,anual,centro,estudiante
4,42.7,71,3,mensual,sur,estandar
1,16.5,16,3,mensual,centro,basico
1,14.8,9,0,mensual,costa,basico
1,33.9,49,0,mensual,costa,basico
2,35.6,29,2,mensual,centro,estandar
3,12.6,27,1,anual,centro,basico
2,80.1,21,3,anual,centro,premium
2,38.2,70,1,mensual,costa,estandar
2,15.6,6,2,mensual,centro,basico
2,50.7,3,2,mensual,centro,estandar
3,49.7,72,2,anual,costa,premium
2,17.4,29,3,anual,sur,basico
1,66.5,15,0,mensual,centro,estudiante
7,71.4,44,1,mensual,costa,estandar
4,161.9,1,0,mensual,sur,estandar
1,48.3,22,3,anual,norte,estandar
3,14.1,5,0,anual,costa,basico
3,18,54,0,anual,norte,basico
1,37.4,5,1,mensual,norte,estudiante
1,68.9,55,2,anual,centro,estandar
6,395.8,16,2,anual,costa,empresa
5,492.4,25,3,mensual,costa,premium
2,73.3,29,3,mensual,norte,estandar
4,140,9,1,mensual,norte,premium
2,45.6,63,1,mensual,centro,estandar
5,650.4,16,3,anual,costa,premium
3,77.3,34,1,mensual,centro,estandar
2,21.8,41,1,mensual,sur,basico
2,304,27,3,anual,norte,premium
3,52.9,1,0,anual,centro,estandar
7,369.8,49,2,anual,norte,empresa
7,129.4,30,4,mensual,sur,empresa
2,8.3,49,0,anual,centro,basico
1,37,64,2,mensual,sur,basico
4,78.5,13,1,mensual,centro,estandar
3,53.4,13,3,mensual,sur,estandar
10,481.5,59,4,anual,centro,empresa
5,25.5,60,2,mensual,norte,estandar
1,36.4,24,2,anual,norte,basico
6,240.9,56,0,mensual,costa,premium
2,75.2,27,3,anual,sur,estandar
1,6.6,43,2,anual,norte,basico
2,72.7,9,0,mensual,sur,estandar
1,25.1,72,2,mensual,centro,estandar
3,65.5,43,0,anual,sur,estandar
4,248.1,26,3,anual,costa,premium
7,202.3,20,1,mensual,costa,empresa
1,25,1,2,mensual,sur,estudiante
3,16.8,70,2,mensual,costa,estandar
1,10.6,22,2,anual,centro,basico
3,48.7,34,0,mensual,centro,estudiante
1,13.4,53,1,anual,norte,basico
2,16,45,1,mensual,costa,basico
5,131.5,47,1,mensual,norte,estandar
2,197.3,39,5,anual,sur,premium
1,54.7,32,0,mensual,norte,basico
3,55.3,11,1,anual,costa,estandar
2,16.9,39,2,mensual,norte,basico
6,56.7,25,0,mensual,sur,estudiante
4,39.1,58,0,mensual,costa,basico
3,66.1,58,3,mensual,costa,estandar
2,81.4,12,0,anual,norte,estandar
3,118.2,15,2,anual,sur,premium
5,440.3,45,5,anual,costa,empresa
2,70.2,55,2,mensual,norte,basico
4,139.6,26,4,anual,sur,empresa
3,18.7,2,3,mensual,norte,basico
2,64.1,53,1,anual,sur,estandar
4,13.4,67,1,anual,norte,basico
9,125.6,35,3,mensual,costa,premium
4,62,17,2,mensual,sur,premium
4,32.4,32,0,mensual,centro,basico
3,40.3,49,1,mensual,centro,basico
1,44.2,14,0,anual,costa,estudiante
2,43.7,31,2,mensual,centro,estandar
5,54.8,38,1,mensual,costa,estandar
2,89.3,23,0,mensual,costa,estandar
2,15.1,15,3,mensual,norte,basico
2,22.1,11,2,mensual,norte,basico
2,92.3,58,2,anual,norte,estandar
2,73.3,6,2,mensual,norte,premium
2,30.3,30,2,mensual,costa,estudiante
1,30.1,6,0,mensual,sur,basico
1,128.3,51,5,anual,norte,premium
3,127.3,15,0,anual,sur,estandar
3,24.1,50,3,mensual,norte,estandar
4,21.6,11,1,anual,centro,estandar
1,23.2,69,1,mensual,norte,basico
2,71.8,37,0,anual,centro,estandar
10,175.8,72,5,mensual,costa,empresa
1,24.1,23,2,mensual,centro,basico
2,48.2,68,2,mensual,costa,basico
2,28.2,65,0,anual,centro,basico
2,15.9,22,0,anual,norte,basico
3,31.7,18,1,mensual,sur,estandar
4,55.4,28,1,anual,centro,basico
2,66.6,1,2,mensual,sur,estandar
1,23.6,23,0,mensual,norte,basico
1,14.9,63,2,mensual,centro,basico
2,51.9,43,4,mensual,centro,estandar
2,57.2,58,3,mensual,costa,basico
2,300.1,18,2,anual,costa,premium
1,17.7,44,1,mensual,centro,basico
2,21.5,55,2,anual,costa,basico
22,436.4,70,2,anual,norte,empresa
2,68.6,7,2,anual,norte,estandar
4,19.5,41,1,mensual,centro,basico
2,62.5,50,2,mensual,costa,estandar
1,56.2,17,1,anual,sur,estandar
6,166.1,10,3,anual,costa,empresa
2,97,41,2,anual,costa,estandar
1,70,19,1,mensual,norte,estudiante
10,127,14,1,mensual,costa,premium
1,35.1,31,0,mensual,centro,estudiante
3,102.5,54,3,anual,sur,estandar
6,486.6,63,3,anual,costa,empresa
1,38.6,2,1,mensual,centro,estudiante
8,335.7,27,4,anual,centro,empresa
1,11.9,69,1,anual,sur,basico
15,334,4,3,anual,sur,empresa
9,307.9,52,4,anual,norte,empresa
3,35.4,72,1,mensual,centro,basico
3,220.4,33,2,anual,centro,premium
6,144.1,61,2,anual,sur,empresa
13,265.7,49,3,mensual,costa,empresa
12,173.7,26,5,anual,centro,empresa
2,48.2,45,0,anual,sur,estandar
1,14,58,1,mensual,sur,basico
4,28.1,66,0,anual,costa,estandar
5,79.8,46,0,anual,centro,estandar
2,39.9,12,1,mensual,centro,basico
1,10.6,48,1,mensual,sur,basico
1,37.3,63,0,mensual,costa,basico
2,197.9,49,1,mensual,costa,premium
4,85.4,67,2,mensual,centro,estandar
1,27.3,39,0,anual,costa,basico
8,217.5,45,4,anual,norte,empresa
2,143.2,21,2,anual,costa,premium
2,19.7,42,3,mensual,costa,basico
15,47.2,47,5,anual,costa,empresa
1,28.4,48,0,anual,centro,basico
1,48.6,63,1,mensual,costa,estandar
1,25.8,8,3,mensual,centro,estudiante
1,23.9,49,0,mensual,sur,basico
5,114.5,36,2,anual,sur,empresa
8,187.4,31,3,mensual,costa,premium
1,24.1,48,3,mensual,costa,basico
12,244.8,55,3,mensual,centro,empresa
2,13.3,3,1,mensual,centro,basico
1,35.4,70,1,mensual,centro,basico
3,5.9,71,0,mensual,costa,basico
4,147.7,24,2,mensual,norte,premium
2,33.6,7,0,anual,centro,basico
7,114.8,61,4,anual,sur,empresa
1,239.3,26,1,mensual,norte,premium
1,55.1,47,2,mensual,sur,estandar
1,26.5,12,1,mensual,costa,estudiante
2,47.9,42,2,anual,norte,estandar
2,50.2,3,2,anual,sur,estandar
1,16.4,31,0,anual,centro,basico
3,198.3,1,1,mensual,centro,estandar
2,69.2,47,2,mensual,sur,estandar
6,73.2,62,6,anual,costa,empresa
6,250.3,21,3,anual,sur,empresa
1,12.1,34,0,mensual,costa,basico
1,16,12,3,anual,centro,basico
1,22.9,2,2,mensual,centro,basico
1,6.9,59,0,anual,centro,basico
3,69.2,1,2,anual,centro,estandar
7,66.9,18,3,mensual,sur,premium
7,244.9,30,3,mensual,norte,empresa
6,153.4,19,2,anual,norte,premium
2,15.3,19,2,mensual,norte,basico
1,38.8,16,0,anual,costa,estandar
1,20.5,55,1,mensual,norte,basico
3,34,24,2,anual,costa,estandar
1,13.4,4,0,mensual,sur,basico
14,278.6,26,2,anual,norte,empresa
7,583.4,28,4,mensual,centro,empresa
1,8.1,61,0,anual,sur,basico
1,51.6,37,2,anual,costa,estandar
4,92.6,11,2,mensual,centro,premium
3,19.6,71,0,mensual,sur,basico
3,142.7,59,1,mensual,costa,premium
6,52.5,49,1,anual,costa,premium
6,234.5,11,3,anual,centro,empresa
2,23.9,44,0,anual,norte,basico
6,46.2,40,2,mensual,costa,premium
1,14.8,11,3,anual,costa,basico
1,19.4,31,1,mensual,costa,basico
2,14.6,14,1,mensual,centro,basico
3,83.8,57,1,anual,norte,premium
2,11.8,8,0,mensual,norte,basico
2,101.1,17,2,anual,norte,estandar
2,15.5,21,3,anual,centro,basico
3,172.4,56,3,mensual,costa,premium
3,32.8,4,2,mensual,sur,estandar
7,143.8,62,5,anual,costa,empresa
3,77.4,63,1,mensual,costa,estandar
2,19.6,34,1,mensual,centro,basico
5,149.8,31,1,anual,centro,premium
4,82.2,33,2,mensual,costa,estandar
2,52.1,18,2,mensual,sur,estudiante
2,110.4,30,1,mensual,norte,estandar
3,43.6,67,2,anual,sur,estandar
1,14.1,1,0,mensual,centro,basico
1,58.2,33,2,mensual,norte,estudiante
2,70,13,1,mensual,costa,estudiante
2,14.7,59,1,anual,sur,basico
6,123.3,45,2,anual,norte,premium
8,179.4,19,3,anual,centro,premium
2,16.9,70,1,anual,norte,basico
3,8.5,67,1,mensual,centro,basico
1,48.8,53,1,mensual,centro,basico
2,52.3,65,1,anual,costa,estandar
2,39.7,68,2,anual,norte,basico
2,13.7,39,1,mensual,norte,basico
2,29.4,51,0,mensual,costa,basico
1,148.6,23,1,anual,norte,estandar
3,37.4,66,1,mensual,centro,estandar
3,24.6,8,1,mensual,costa,estandar
1,13,44,1,anual,costa,basico
2,35.8,51,2,mensual,norte,basico
1,27.8,27,1,mensual,costa,basico
5,51.8,17,2,mensual,norte,estandar
1,24.9,2,1,anual,sur,basico
4,27.8,15,2,mensual,costa,basico
1,21,61,1,mensual,costa,basico
4,232.2,8,1,anual,norte,empresa
2,123.2,70,2,mensual,costa,premium
1,66.6,8,0,anual,costa,premium
2,128.6,53,2,mensual,costa,estandar
3,24.5,14,0,mensual,costa,basico
6,350.2,19,4,anual,costa,empresa
3,10.8,16,1,anual,norte,basico
1,34.7,21,0,mensual,norte,estudiante
3,52.7,3,1,anual,norte,estandar
3,69.4,29,1,anual,sur,estandar
1,15.9,34,2,mensual,centro,estudiante
2,15,36,0,mensual,norte,basico
4,87.1,49,5,anual,costa,empresa
2,15.7,57,1,anual,costa,basico
2,23.8,16,0,anual,centro,basico
2,43.3,62,2,mensual,norte,basico
2,21.7,11,1,anual,norte,basico
5,146.9,26,2,anual,norte,premium
2,116.4,65,3,mensual,costa,estandar
6,280.8,31,1,anual,sur,premium
3,22.1,16,0,mensual,sur,basico
4,139.7,28,3,mensual,costa,premium
1,19.1,26,2,anual,centro,basico
17,188.2,22,5,mensual,norte,empresa
14,405.8,24,4,anual,costa,empresa
1,11.1,42,2,mensual,centro,basico
9,675.7,31,4,mensual,sur,empresa
1,20.2,15,0,anual,costa,basico
4,181.4,11,3,mensual,centro,empresa
3,67,23,1,anual,centro,premium
2,7.9,27,3,mensual,centro,basico
6,173.8,18,4,mensual,centro,empresa
6,306.3,31,1,anual,costa,empresa
9,522.1,29,4,anual,centro,empresa
1,405.9,16,1,anual,centro,premium
2,10,18,1,mensual,centro,basico
1,47.3,11,2,mensual,sur,estudiante
3,74.1,24,4,anual,costa,estandar
1,20.7,35,1,anual,sur,basico
1,12.1,45,2,mensual,centro,basico
1,23.7,36,2,mensual,sur,estudiante
4,39.7,7,0,anual,centro,estandar
3,363.8,22,2,mensual,centro,premium
4,22.6,25,0,mensual,costa,estandar
5,215.8,72,2,mensual,centro,premium
1,40.4,5,0,mensual,sur,estudiante
1,16.7,43,0,mensual,costa,basico
4,30.1,45,1,mensual,centro,estandar
1,69.8,63,1,mensual,costa,estandar
2,93.7,26,1,mensual,centro,estandar
7,120,34,3,anual,norte,empresa
2,23.5,20,0,anual,norte,estudiante
4,110.8,33,3,mensual,centro,premium
1,29.9,48,2,mensual,norte,basico
18,342.9,64,2,mensual,norte,empresa
1,34.2,58,1,mensual,norte,basico
10,304.1,69,4,anual,norte,empresa
9,156.1,63,4,mensual,costa,empresa
2,79.5,50,0,mensual,norte,basico
1,145.8,50,2,anual,sur,premium
2,8.9,69,3,mensual,sur,basico
2,9.1,60,0,mensual,centro,basico
2,46.3,2,1,mensual,sur,estandar
7,203.4,71,1,anual,costa,premium
2,6.4,8,0,mensual,costa,basico
5,330.8,13,2,anual,costa,empresa
3,15.8,10,2,anual,sur,basico
1,20.5,34,1,mensual,norte,estudiante
4,209.9,57,5,mensual,costa,empresa
7,363.2,61,2,mensual,centro,empresa
2,12.3,55,1,mensual,centro,basico
3,59.1,70,0,mensual,costa,basico
8,140.7,60,2,mensual,sur,premium
3,23.3,27,3,mensual,sur,basico
1,6.4,41,2,mensual,costa,basico
2,44.9,18,4,mensual,centro,estandar
3,53.2,57,1,mensual,centro,estandar
6,379.7,39,1,anual,centro,premium
3,155.4,2,2,mensual,centro,estandar
3,174,34,1,anual,sur,premium
1,15.2,23,1,mensual,costa,basico
7,427.3,37,3,anual,sur,empresa
1,8.1,36,1,mensual,centro,basico
3,20.2,10,4,mensual,costa,basico
1,12.6,3,3,mensual,sur,basico
2,20.2,56,2,mensual,norte,basico
1,16.2,56,0,mensual,costa,basico
2,34.2,45,2,mensual,costa,basico
1,48.1,60,3,mensual,sur,estandar
2,128.5,6,2,mensual,norte,estandar
1,14,38,1,mensual,norte,basico
2,31.7,25,2,anual,costa,basico
6,35,70,3,mensual,centro,estandar
12,221.9,15,3,mensual,costa,empresa
1,25.2,24,0,anual,centro,basico
5,202.5,14,1,mensual,norte,premium
1,56.8,21,0,mensual,costa,estudiante
1,8.5,6,1,anual,costa,basico
2,116.1,26,2,mensual,costa,estandar
2,75.3,53,2,anual,norte,estandar
10,51.1,38,1,anual,norte,estandar
3,41.5,56,3,anual,centro,estandar
2,50.4,46,2,mensual,sur,estandar
2,42.1,71,3,mensual,costa,estandar
1,51.6,14,0,anual,centro,estudiante
2,27.9,49,1,mensual,norte,estandar
6,402.8,14,5,mensual,centro,empresa
3,12,50,2,mensual,centro,basico
1,17.7,56,2,mensual,centro,basico
3,21.3,3,0,mensual,costa,estandar
4,237.6,62,3,anual,norte,premium
1,93.6,54,1,mensual,sur,estandar
2,9.9,38,0,mensual,centro,basico
10,124.1,32,4,anual,norte,empresa
2,21.2,58,1,mensual,centro,basico
5,76.1,32,0,anual,norte,premium
4,106.1,64,3,mensual,centro,estandar
2,106.3,15,3,mensual,centro,estandar
2,22.6,37,1,mensual,sur,estandar
2,9.6,29,2,mensual,norte,basico
2,20.3,17,2,anual,costa,basico
2,14,4,1,anual,norte,basico
2,49.8,69,0,anual,costa,basico
3,74,21,1,anual,sur,estandar
3,100,28,1,mensual,centro,estandar
4,560.9,70,4,mensual,centro,empresa
1,18.9,65,1,anual,norte,basico
1,56.2,20,1,mensual,norte,basico
8,154.8,54,5,mensual,costa,empresa
10,89.5,60,0,mensual,sur,estandar
2,153.1,16,2,anual,sur,premium
1,16.5,34,1,mensual,centro,basico
1,10.9,33,2,mensual,norte,basico
2,9.7,34,2,anual,costa,basico
4,64.8,25,1,mensual,norte,estandar
1,28.2,25,0,mensual,sur,basico
1,19.3,34,0,mensual,sur,estudiante
4,180.5,60,2,mensual,sur,empresa
9,352.2,49,5,mensual,norte,empresa
3,74.8,72,1,mensual,centro,estandar
2,49.6,42,0,mensual,costa,basico
2,15.5,14,1,mensual,centro,basico
3,17.7,72,2,anual,costa,basico
8,569.8,52,3,anual,norte,empresa
1,62.1,71,1,anual,centro,estandar
2,282.4,69,4,anual,costa,empresa
1,28.2,3,1,anual,sur,estandar
1,24.7,11,0,mensual,norte,basico
3,44.6,36,3,mensual,norte,basico
8,98.6,9,1,anual,costa,premium
19,731.3,12,4,mensual,norte,empresa
2,12.6,33,2,mensual,costa,basico
5,281.8,2,3,mensual,costa,premium
1,48,34,0,mensual,norte,basico
2,11.6,13,0,mensual,centro,estudiante
1,147.7,14,4,mensual,sur,estandar
1,17.4,55,1,mensual,norte,basico
3,123.5,28,4,mensual,sur,premium
1,17.1,2,3,mensual,norte,estudiante
15,166.2,65,3,anual,costa,empresa
1,7,24,2,anual,costa,basico
2,155.6,39,2,mensual,norte,estandar
4,71.4,62,2,mensual,norte,estandar
1,9.5,43,2,mensual,sur,basico
1,10,41,1,mensual,costa,basico
3,27,62,1,anual,costa,estandar
1,15.5,30,3,mensual,sur,basico
7,46.8,72,1,anual,sur,estandar
6,366.4,13,4,anual,centro,premium
1,31.4,46,2,anual,costa,estandar
2,42.1,22,4,mensual,norte,estandar
3,181,3,1,mensual,sur,premium
1,15.4,70,2,mensual,costa,basico
1,22.1,63,1,mensual,costa,basico
2,26.5,14,0,mensual,centro,estudiante
1,68.4,5,0,mensual,norte,estandar
2,70.7,2,1,mensual,sur,estandar
3,14.5,45,3,mensual,norte,basico
4,175.8,32,2,mensual,norte,premium
3,105.8,16,1,mensual,costa,estandar
1,16.2,31,3,mensual,centro,basico
4,73.3,63,0,mensual,norte,estandar
2,64.1,32,1,mensual,costa,estandar
1,33.8,41,0,mensual,centro,basico
2,66.8,46,3,mensual,centro,premium
1,13.2,1,3,mensual,costa,basico
1,14.2,19,1,mensual,costa,basico
1,12.5,60,1,anual,centro,basico
3,88.2,55,2,mensual,sur,estandar
1,53.4,42,0,mensual,centro,basico
7,211.2,7,2,anual,centro,empresa
1,15.5,29,0,mensual,centro,basico
2,89.9,14,1,mensual,costa,estandar
3,331.2,4,2,anual,norte,premium
2,28.6,12,4,mensual,costa,estandar
3,34.3,19,0,mensual,norte,basico
1,22.5,71,4,mensual,costa,basico
2,17.6,10,1,mensual,norte,basico
2,59.9,57,1,anual,costa,estandar
1,47.4,47,0,anual,sur,basico
3,44.1,66,1,anual,sur,basico
13,127.2,14,4,anual,costa,empresa
3,21.3,2,1,mensual,costa,basico
2,24.6,26,1,anual,norte,estandar
1,12.2,27,1,mensual,centro,estudiante
2,19.5,53,1,anual,centro,basico
4,35.3,34,3,mensual,centro,estandar
1,25.9,67,2,mensual,norte,basico
2,20.5,56,1,mensual,sur,basico
3,68,69,3,anual,norte,premium
3,61.3,41,1,mensual,costa,estandar
1,36.2,33,0,anual,norte,estudiante
2,50.1,14,2,anual,centro,estandar
1,162.1,50,2,anual,norte,estandar
5,143.9,43,3,anual,norte,premium
1,11.6,18,0,mensual,centro,basico
1,86.5,14,1,mensual,centro,estandar
5,152.6,37,2,mensual,centro,premium
2,117,7,5,mensual,sur,estandar
1,11.4,10,3,anual,centro,basico
2,102.8,29,1,anual,centro,estandar
2,32.3,43,1,mensual,sur,basico
3,20.6,26,0,mensual,costa,basico
2,17.4,1,1,mensual,centro,basico
2,43.1,63,0,mensual,costa,basico
2,117.3,18,1,mensual,norte,estandar
1,21,49,0,mensual,sur,basico
5,83.8,66,2,anual,norte,premium
2,17.3,60,3,mensual,centro,basico
5,610.6,31,3,mensual,norte,empresa
3,169.5,40,0,anual,centro,premium
2,71.7,21,3,anual,centro,estandar
2,12.9,2,0,anual,centro,basico
2,201,57,2,mensual,centro,estandar
9,208.9,72,4,anual,sur,empresa
2,20,7,2,anual,norte,basico
1,35.9,13,0,anual,centro,basico
10,126.5,28,1,mensual,norte,premium
5,80.6,40,2,mensual,costa,estandar
1,26.9,11,3,anual,sur,estudiante
4,32.8,52,2,mensual,norte,estandar
1,25.1,15,0,anual,sur,basico
2,170.4,35,2,mensual,costa,estandar
6,594.9,47,5,anual,sur,empresa
4,331.6,25,0,anual,sur,premium
3,116.1,62,2,anual,norte,estandar
3,35.9,66,2,mensual,sur,estandar
4,11.6,48,3,mensual,centro,estandar
2,18.2,40,2,mensual,norte,basico
1,22.3,6,2,mensual,centro,basico
1,11.8,19,0,anual,sur,estudiante
2,262.1,26,1,anual,costa,premium
3,38.3,68,2,mensual,norte,estandar
2,88.5,5,1,mensual,norte,estandar
2,9.7,59,1,anual,costa,basico
4,17,22,2,mensual,costa,estandar
3,187.7,32,2,anual,costa,premium
4,46.5,22,1,mensual,norte,estandar
1,21.2,33,0,mensual,centro,basico
2,19,72,3,mensual,norte,basico
3,165.8,41,3,mensual,sur,premium
1,12.7,30,1,mensual,norte,basico
1,76.4,3,0,mensual,centro,estandar
7,88.5,35,3,anual,costa,empresa
9,528.4,11,0,anual,sur,premium
1,18.6,14,2,mensual,sur,basico
4,103.4,34,1,anual,costa,estandar
6,39.2,38,2,anual,norte,estandar
7,217.3,4,4,mensual,norte,empresa
1,18.8,26,0,anual,centro,basico
1,108.5,54,1,mensual,sur,estandar
7,272.8,51,3,anual,costa,empresa
5,333.2,16,3,anual,centro,premium
2,58.9,48,2,mensual,sur,basico
3,93.3,10,1,mensual,norte,estandar
2,53.6,6,2,mensual,centro,estandar
1,14.3,55,2,mensual,sur,basico
1,70.5,70,1,mensual,centro,basico
1,15.1,8,3,mensual,norte,basico
3,117.4,59,1,mensual,costa,estandar
4,162.8,63,2,mensual,costa,premium
3,103.6,5,1,anual,costa,estandar
9,375.8,52,3,anual,costa,empresa
15,91.2,67,3,anual,sur,empresa
2,14.8,25,3,anual,costa,basico
2,85,66,1,anual,sur,estandar
2,42.2,1,1,mensual,costa,basico
3,49.1,65,1,mensual,centro,estandar
2,18.3,41,2,mensual,sur,basico
3,43.9,67,1,mensual,costa,estandar
4,218.6,69,1,anual,norte,premium
3,281,39,2,anual,norte,premium
5,278,56,1,anual,norte,premium
1,74.4,22,2,mensual,sur,estudiante
1,106.6,33,2,mensual,costa,estudiante
1,10.7,34,0,mensual,centro,basico
4,498.3,2,4,anual,centro,empresa
1,8.4,21,0,mensual,costa,basico
3,49.4,64,3,mensual,norte,estandar
2,9.9,26,1,mensual,costa,basico
8,399.7,63,4,mensual,norte,empresa
2,14.5,56,1,mensual,sur,basico
2,33.9,8,1,mensual,centro,estandar
2,21.7,4,1,anual,sur,basico
2,50.7,44,1,mensual,costa,basico
1,30.1,46,0,anual,norte,basico
4,49.9,56,3,mensual,costa,estandar
2,121.8,25,4,mensual,sur,premium
2,23.7,40,0,mensual,costa,basico
6,284.1,44,3,anual,costa,empresa
1,20.3,24,3,anual,norte,basico
5,272.4,30,4,anual,norte,empresa
1,15.9,43,3,mensual,centro,basico
1,10,16,2,anual,centro,basico
2,15.6,67,0,mensual,norte,basico
1,42.3,38,1,mensual,centro,basico
1,11.3,55,1,anual,costa,basico
5,103.3,32,6,anual,costa,empresa
1,22.6,30,0,mensual,costa,basico
1,18.4,69,1,anual,costa,basico
3,14.8,51,2,anual,sur,basico
2,78.8,31,2,mensual,sur,estandar
3,96.1,52,2,anual,costa,premium
2,159.1,44,2,anual,sur,estandar
4,68.3,47,1,mensual,centro,basico
2,41.7,49,2,anual,costa,basico
8,206.7,56,3,anual,costa,empresa
2,16.2,3,2,mensual,costa,estandar
6,216.7,31,3,mensual,sur,empresa
2,64.2,18,3,mensual,norte,estandar
12,217.5,10,4,anual,sur,empresa
4,66.2,31,0,mensual,norte,estandar
2,19.4,18,3,mensual,norte,basico
2,28.4,52,4,mensual,centro,basico
2,27.2,21,2,anual,centro,basico
3,195,14,2,mensual,costa,premium
2,20.2,55,2,anual,sur,basico
1,37.4,7,1,anual,norte,estudiante
1,31.4,2,1,mensual,centro,estudiante
4,79.1,36,0,anual,norte,premium
1,11.5,53,0,mensual,sur,basico
2,44.7,53,0,mensual,costa,estandar
7,371.7,67,4,anual,costa,empresa
1,8.8,40,1,mensual,sur,basico
2,36,35,1,anual,centro,basico
1,19.8,15,0,mensual,costa,estudiante
10,484.4,23,3,anual,costa,empresa
2,14.4,58,0,mensual,centro,basico
1,13.8,28,1,mensual,costa,basico
2,25.6,35,0,mensual,costa,estandar
2,45.6,52,1,anual,centro,estandar
1,31.1,8,2,mensual,sur,estudiante
4,88.7,21,3,mensual,centro,estandar
1,20.4,5,1,anual,costa,estudiante
7,120.4,63,0,anual,sur,premium
3,71.2,60,0,anual,sur,estandar
1,15.3,62,1,mensual,norte,basico
18,331.8,62,3,mensual,sur,empresa
3,70.6,67,3,anual,costa,estandar
2,29,29,0,anual,centro,estandar
3,69,55,1,mensual,costa,estandar
1,16.5,62,2,mensual,costa,basico
2,66.3,34,3,mensual,sur,basico
7,179.1,26,3,anual,sur,empresa
3,35.7,11,2,mensual,sur,basico
3,113.5,2,0,mensual,norte,estandar
3,51.4,50,2,mensual,centro,estandar
4,63.8,66,1,mensual,costa,estandar
2,33.4,68,2,mensual,centro,basico
3,159.2,14,2,anual,norte,premium
3,64.3,50,0,anual,sur,estandar
1,51.3,2,1,anual,centro,estudiante
4,113.6,53,2,anual,sur,premium
16,106,70,4,anual,norte,empresa
4,162.2,38,3,anual,norte,premium
1,33.7,39,2,mensual,norte,basico
1,64.6,34,0,mensual,centro,estudiante
2,19,65,2,mensual,sur,basico
2,18.5,52,0,mensual,centro,basico
2,14.5,10,1,mensual,centro,basico
1,9.3,24,1,mensual,norte,basico
6,206.5,25,1,anual,norte,premium
5,198.8,60,3,anual,sur,premium
2,40.1,35,1,mensual,costa,estudiante
1,26.1,45,0,anual,centro,basico
1,21.5,13,1,anual,centro,basico
4,115.8,34,2,mensual,centro,premium
8,389.1,12,3,anual,norte,empresa
1,31.2,69,1,mensual,costa,basico
1,39.8,31,2,mensual,norte,basico
2,20.4,12,0,mensual,centro,basico
1,43.9,12,2,anual,sur,estudiante
17,548.3,47,3,mensual,centro,empresa
9,152.8,28,2,anual,norte,empresa
3,27.4,16,1,mensual,centro,basico
1,28,8,0,mensual,centro,basico
3,160,24,0,mensual,centro,premium
8,307.8,58,1,anual,costa,empresa
1,17.4,48,2,mensual,costa,basico
4,149.1,39,0,mensual,centro,estandar
3,23.6,38,2,mensual,centro,estandar
1,11.3,19,0,mensual,centro,basico
4,36.1,70,1,anual,costa,estandar
5,81.4,36,2,anual,norte,premium
4,21.1,25,1,mensual,centro,basico
3,68.7,14,2,mensual,sur,estandar
5,47.9,1,0,mensual,norte,estandar
3,80.5,22,2,mensual,centro,premium
1,21.5,16,2,mensual,norte,estudiante
4,55.1,31,0,mensual,costa,estandar
3,184.8,70,3,anual,costa,premium
1,33.4,47,2,mensual,sur,basico
13,341.9,70,5,anual,norte,empresa
1,18.6,33,0,mensual,sur,estudiante
2,15.6,47,1,mensual,norte,basico
2,67.4,71,3,mensual,sur,estandar
4,352.3,53,1,anual,costa,premium
2,82.5,27,2,mensual,norte,estandar
2,14.4,41,1,anual,norte,basico
3,28.9,55,3,mensual,sur,estandar
1,15.2,35,0,anual,norte,basico
11,272,58,2,anual,norte,empresa
5,166.9,43,1,anual,norte,premium
1,22.9,31,0,mensual,norte,basico
1,35.1,72,1,anual,sur,basico
4,473.8,41,2,anual,centro,empresa
2,23.2,9,1,mensual,sur,estandar
5,441.9,68,2,anual,norte,empresa
2,18.4,54,3,anual,costa,estandar
7,337.4,47,4,mensual,costa,empresa
4,100.3,8,3,mensual,costa,estandar
3,237.5,65,2,anual,sur,premium
1,33.9,49,0,mensual,norte,estandar
4,32.7,8,0,mensual,centro,estudiante
1,17.4,5,0,mensual,sur,estudiante
3,142.5,65,2,anual,norte,premium
6,238.6,12,2,mensual,centro,empresa
3,135.2,59,0,mensual,centro,estandar
2,55.2,27,0,mensual,sur,estandar
1,46.8,8,0,anual,costa,estandar
4,76.5,69,1,mensual,norte,premium
16,180.2,16,4,anual,centro,empresa
1,13.2,47,2,mensual,norte,basico
4,154,26,1,mensual,costa,estandar
2,83.2,22,3,anual,norte,estandar
3,188.2,52,1,anual,costa,premium
1,18.6,9,2,mensual,sur,estudiante
2,11.2,72,1,mensual,centro,basico
1,17.6,2,1,mensual,centro,estudiante
8,116.2,57,3,mensual,sur,premium
2,7.5,68,4,mensual,centro,basico
4,66,56,0,mensual,sur,estandar
2,12.5,37,1,mensual,sur,basico
2,39.8,15,2,anual,norte,estandar
4,250.6,3,1,anual,norte,premium
1,38.1,59,3,anual,centro,basico
2,16.5,26,2,mensual,norte,estandar
1,11.5,20,2,anual,sur,basico
2,651.4,69,3,anual,centro,empresa
4,91.8,72,2,mensual,centro,estandar
1,159.7,16,2,mensual,norte,estandar
2,47.7,57,2,anual,sur,estandar
14,381.7,16,3,anual,costa,empresa
2,23.7,28,1,mensual,norte,basico
1,60.9,21,4,mensual,costa,estandar
2,33.3,63,3,anual,costa,basico
2,56.2,27,0,mensual,sur,estandar
2,32.6,26,2,mensual,sur,basico
2,58.1,60,2,mensual,norte,estandar
6,141.8,38,1,mensual,sur,premium
1,11.5,72,1,anual,costa,basico
2,64.5,35,0,anual,costa,estudiante
2,26.6,33,1,mensual,norte,basico
3,262.8,13,3,mensual,costa,premium
1,61.5,44,0,anual,centro,estandar
1,14.7,69,1,mensual,norte,basico
2,60.7,4,0,mensual,sur,estudiante
3,13.6,54,1,anual,costa,basico
4,45.5,38,1,anual,costa,estandar
1,43.2,56,0,anual,costa,basico
6,739.6,9,3,mensual,sur,empresa
1,8,22,0,mensual,centro,estudiante
15,503.6,45,3,anual,norte,empresa
1,18.4,18,0,anual,costa,basico
9,139.1,17,0,anual,centro,estandar
2,22.3,3,1,anual,sur,basico
2,18.9,24,2,mensual,centro,basico
6,197.9,66,2,mensual,norte,premium
4,34.5,45,1,mensual,centro,estandar
4,64.6,41,2,anual,centro,estandar
8,495,8,1,anual,sur,premium
3,44.1,46,3,mensual,sur,estandar
3,13.4,36,3,mensual,norte,basico
1,27,25,1,mensual,centro,basico
10,444,39,3,mensual,sur,empresa
1,33.1,15,0,mensual,sur,basico
4,306.3,72,1,mensual,costa,premium
2,16.7,65,2,mensual,centro,basico
5,81.4,46,0,mensual,costa,premium
10,218.5,27,4,anual,costa,empresa
2,19.3,72,3,mensual,costa,basico
1,32.9,12,1,mensual,norte,basico
1,44.1,5,0,mensual,costa,estudiante
4,166.5,53,2,anual,sur,empresa
3,108.9,36,0,anual,norte,premium
2,14.8,9,0,anual,centro,basico
3,16.2,16,1,mensual,centro,basico
3,257.2,71,1,mensual,sur,premium
3,281.8,14,3,anual,norte,premium
2,312.9,56,2,anual,norte,premium
1,39.9,33,2,mensual,costa,basico
6,356,4,2,anual,costa,premium
1,18.7,59,0,mensual,costa,basico
2,35.9,3,0,mensual,sur,estandar
1,12.8,70,2,anual,norte,basico
1,15.8,29,1,mensual,sur,basico
4,60,55,0,mensual,sur,premium
3,54.6,12,1,mensual,sur,estandar
5,17,26,1,mensual,centro,estudiante
2,41.2,31,0,mensual,costa,basico
2,16,21,0,mensual,sur,basico
1,36.8,44,0,mensual,norte,basico
1,57.2,21,0,mensual,centro,estudiante
2,37.3,50,1,anual,costa,basico
1,24.1,59,0,mensual,sur,basico
11,228.9,30,2,anual,norte,empresa
1,63.9,52,0,anual,sur,basico
2,13.1,20,0,mensual,centro,basico
1,21.6,57,1,anual,sur,basico
2,16.7,68,0,mensual,sur,basico
3,61,38,1,anual,centro,estandar
3,28.2,44,1,anual,sur,basico
2,31.1,38,0,mensual,sur,basico
2,50.2,38,2,mensual,centro,estandar
1,10.9,51,2,mensual,norte,basico
5,263.2,9,4,anual,costa,premium
2,32.4,11,0,anual,centro,basico
1,81.7,67,1,anual,costa,basico
1,17.7,12,1,anual,centro,basico
3,166.2,20,0,anual,norte,premium
1,21.3,63,4,mensual,sur,basico
1,17.8,19,0,mensual,norte,basico
1,27.3,23,2,anual,sur,basico
3,163.4,65,3,anual,centro,empresa
1,36,36,1,mensual,sur,estudiante
2,56,70,1,anual,costa,premium
7,88.6,24,1,mensual,costa,premium
2,18.8,26,1,mensual,sur,basico
6,120.4,54,4,anual,costa,empresa
1,36.2,61,1,mensual,norte,basico
1,23.5,8,3,anual,sur,basico
2,133.5,4,2,mensual,centro,premium
2,16.4,48,1,anual,norte,basico
3,44,55,0,anual,centro,basico
5,72.7,60,1,anual,costa,premium
1,19,2,1,mensual,centro,basico
3,51.1,35,1,mensual,norte,estandar
2,20.6,67,1,mensual,centro,basico
1,5.4,61,0,mensual,norte,basico
1,12.8,12,3,mensual,norte,basico
4,52,23,2,mensual,norte,estandar
4,19.8,29,1,mensual,norte,estudiante
1,45.4,39,0,mensual,costa,basico
2,20,30,0,mensual,norte,basico
2,34.8,28,2,mensual,sur,estudiante
1,39.2,68,1,mensual,norte,basico
1,20.7,25,1,mensual,sur,basico
2,24.3,6,2,mensual,norte,basico
1,29.1,14,1,anual,sur,basico
1,24.6,54,1,anual,centro,basico
1,13.2,40,3,mensual,sur,basico
5,116.6,16,0,anual,norte,premium
1,17.4,14,0,mensual,centro,basico
1,13.2,46,1,mensual,centro,basico
1,15.9,42,0,mensual,norte,basico
4,32.9,62,0,mensual,centro,basico
2,18.5,23,1,mensual,costa,basico
4,138.7,40,4,anual,sur,premium
1,18.5,14,3,mensual,sur,basico
1,62.5,16,2,anual,centro,estandar
2,48.1,19,1,mensual,norte,basico
4,21,22,2,mensual,costa,basico
3,64.9,55,1,mensual,norte,estandar
8,178.4,41,5,mensual,costa,empresa
1,44.5,57,0,anual,sur,basico
5,148.9,7,4,anual,sur,empresa
2,69.2,2,1,anual,sur,estandar
2,20.6,65,2,mensual,norte,basico
3,75,21,0,anual,norte,estudiante
4,91.8,38,3,mensual,centro,estandar
2,17.4,30,1,mensual,norte,basico
2,23.3,48,3,mensual,centro,basico
1,33.8,58,1,mensual,norte,basico
1,9.2,25,1,mensual,norte,basico
2,15.3,4,1,anual,sur,basico
1,13.3,32,2,mensual,costa,basico
2,29.4,52,1,anual,costa,basico
2,69.6,25,2,anual,sur,premium
5,41.7,33,1,mensual,costa,estandar
1,7.4,12,1,mensual,centro,basico
9,475.2,44,5,anual,norte,empresa
3,18,43,1,anual,centro,basico
3,61.7,27,0,mensual,norte,estandar
2,122.2,62,0,mensual,sur,estandar
3,382.5,61,2,mensual,sur,premium
3,18.9,19,0,mensual,norte,basico
6,195.4,31,0,anual,costa,premium
1,9.4,69,2,mensual,centro,basico
2,29.3,63,0,mensual,costa,basico
7,225.6,64,3,anual,sur,empresa
3,55.5,71,0,anual,sur,basico
2,192.2,33,2,mensual,costa,estandar
1,37.4,70,0,anual,costa,basico
3,134.7,8,2,anual,norte,estandar
2,36.3,18,0,mensual,costa,basico
9,214.3,48,4,anual,costa,empresa
5,271,11,2,mensual,costa,premium
3,61.7,25,0,anual,costa,estandar
1,34.1,42,2,anual,costa,estandar
2,18,24,4,mensual,sur,estandar
3,41.6,55,0,mensual,norte,estandar
2,52.9,3,1,mensual,norte,basico
1,14.3,41,1,mensual,norte,basico
1,17.8,51,0,mensual,centro,basico
9,127.7,42,4,mensual,centro,empresa
3,20.6,15,2,mensual,centro,estandar
1,11.9,57,2,anual,centro,basico
3,40.5,41,3,anual,centro,estandar
2,16,41,2,mensual,costa,basico
2,15.3,17,1,mensual,norte,basico
5,95.8,30,2,anual,sur,premium
4,71,67,2,mensual,sur,premium
2,10,9,1,anual,costa,basico
1,92.9,67,1,mensual,sur,estandar
6,132,68,3,anual,costa,premium
4,183.4,70,5,anual,centro,empresa
1,55.9,13,2,anual,centro,estudiante
5,65.4,23,2,anual,sur,estandar
4,67.1,12,0,mensual,costa,estandar
1,13.4,4,2,mensual,sur,estudiante
2,17.5,66,0,mensual,norte,basico
1,38,4,0,mensual,centro,basico
2,32.2,4,1,mensual,sur,basico
2,30.3,23,0,anual,costa,estandar
2,13.4,33,1,mensual,norte,estudiante
2,17.1,23,3,anual,norte,basico
2,26.3,29,0,mensual,costa,basico
3,48.2,63,2,mensual,costa,estandar
9,301.1,18,3,anual,norte,empresa
5,59.8,1,2,mensual,sur,estandar
2,411.7,8,2,mensual,norte,empresa
1,12.7,14,0,mensual,norte,basico
10,231.1,66,3,anual,centro,empresa
3,91.4,64,4,mensual,costa,estandar
1,39.4,23,0,mensual,sur,estudiante
1,61.2,1,1,mensual,norte,estudiante
2,10.1,62,1,mensual,norte,basico
3,209.4,8,2,anual,norte,premium
10,129.7,25,1,mensual,centro,estandar
1,161,8,1,mensual,centro,estandar
2,62.5,37,1,mensual,norte,basico
2,23.9,21,1,mensual,centro,basico
4,152.1,22,2,mensual,sur,premium
3,173.2,25,2,anual,norte,premium
2,381.4,19,2,mensual,norte,premium
14,245.7,48,2,anual,centro,empresa
2,239.1,57,1,mensual,sur,estandar
7,204.3,70,3,anual,sur,empresa
2,149.1,16,2,anual,costa,estandar
2,160.2,4,0,mensual,centro,estandar
1,19.4,27,1,mensual,sur,estudiante
2,158.1,55,3,anual,centro,empresa
2,11,34,0,mensual,norte,basico
10,296.8,3,3,anual,costa,empresa
1,39.6,38,0,mensual,sur,basico
2,73,11,3,mensual,norte,estudiante
1,15.3,58,1,mensual,sur,basico
1,28.3,64,1,mensual,norte,basico
1,20.2,41,2,anual,costa,basico
1,61,15,1,mensual,norte,estandar
5,171.4,10,3,anual,costa,premium
1,17.4,27,0,mensual,centro,basico
2,20.3,62,2,mensual,costa,basico
2,398.8,41,2,anual,costa,premium
5,300.3,40,2,anual,norte,premium
12,149,47,3,mensual,sur,empresa
1,32.2,38,3,mensual,norte,estandar
3,31.1,45,1,mensual,centro,estandar
1,31.6,58,0,mensual,costa,basico
5,125.2,44,3,mensual,sur,premium
1,14.7,1,0,mensual,norte,basico
2,14.6,22,1,mensual,centro,basico
11,352,40,4,anual,costa,empresa
11,113.5,45,3,anual,costa,premium
6,64.2,14,2,mensual,sur,estandar
1,16.5,69,1,mensual,costa,basico
2,27.5,64,1,anual,sur,basico
6,752.8,22,4,mensual,centro,empresa
2,126.3,18,3,anual,norte,empresa
1,17.2,71,0,mensual,costa,basico
4,93.3,62,2,anual,sur,estandar
1,35.3,18,0,anual,norte,basico
7,167.7,38,1,anual,centro,premium
3,12.2,12,0,mensual,centro,basico
1,6.2,45,0,mensual,norte,basico
3,10.3,55,3,anual,centro,basico
2,185,54,2,mensual,sur,estandar
3,27.4,35,1,anual,costa,basico
2,57.6,36,1,mensual,centro,basico
1,20.3,70,0,anual,sur,basico
5,54.7,3,1,mensual,norte,estandar
1,18,29,0,anual,costa,basico
2,168.6,42,3,mensual,centro,premium
1,7.7,1,1,anual,sur,basico
3,61.2,36,0,mensual,costa,estandar
1,34.6,37,2,mensual,costa,basico
5,311.5,20,2,mensual,sur,empresa
2,10.4,65,0,anual,sur,basico
2,13.5,64,4,anual,norte,basico
6,372.3,62,2,anual,centro,premium
4,105.7,61,0,anual,centro,premium
2,24.3,47,1,mensual,costa,basico
1,24.8,6,3,mensual,norte,basico
4,60.2,26,2,mensual,centro,estandar
1,10.1,33,1,mensual,costa,basico
3,20.8,69,0,mensual,norte,basico
6,246.3,66,2,anual,sur,empresa
1,12.2,31,1,anual,centro,basico
2,5.8,10,1,mensual,sur,basico
1,21.5,43,0,anual,sur,basico
2,8.8,69,1,mensual,sur,basico
1,63.5,14,1,mensual,centro,estudiante
7,118.6,21,5,anual,centro,empresa
2,44.1,65,1,anual,norte,estandar
1,65.8,14,0,mensual,costa,estudiante
1,18.7,63,1,mensual,sur,basico
2,108.3,66,1,mensual,norte,estandar
2,111,60,2,anual,costa,premium
1,29.6,58,2,anual,costa,basico
5,77,33,2,mensual,centro,estandar
7,590.2,1,3,anual,centro,empresa
1,52,10,0,anual,centro,basico
2,81.7,2,3,anual,centro,premium
1,16.7,9,0,anual,sur,basico
2,14.8,65,1,mensual,norte,basico
1,86.3,61,0,anual,norte,estandar
2,320.9,30,2,mensual,norte,estandar
5,25.3,24,1,anual,norte,basico
1,25.8,6,0,mensual,centro,basico
3,112.6,29,3,anual,norte,estandar
2,16,51,0,mensual,sur,basico
2,14.3,55,1,anual,costa,basico
3,429.5,51,2,mensual,costa,premium
5,27,46,2,anual,costa,estandar
3,35.7,30,0,mensual,sur,basico
11,82.6,31,3,mensual,sur,empresa
2,11.9,23,1,mensual,norte,basico
3,99.9,17,2,mensual,sur,estandar
1,35.7,62,2,mensual,norte,basico
5,46.5,54,0,mensual,sur,estandar
1,33.6,24,0,anual,centro,basico
7,513.5,62,7,anual,sur,empresa
3,12.7,63,0,anual,centro,basico
11,40.4,24,3,anual,costa,premium
4,96.3,8,2,mensual,norte,estandar
2,60.2,30,2,mensual,sur,estandar
4,199.7,61,1,mensual,costa,premium
5,144.2,32,2,anual,sur,premium
5,256.7,13,3,anual,sur,empresa
1,69.1,16,1,mensual,norte,estandar
1,14.5,46,0,mensual,centro,basico
2,9.9,63,2,mensual,costa,basico
3,38.3,14,1,mensual,sur,estandar
6,124.1,29,2,anual,sur,empresa
2,7.4,13,0,anual,sur,basico
2,44.8,29,1,mensual,norte,estandar
3,37.9,28,3,anual,centro,estandar
3,57.3,21,0,mensual,sur,estandar
1,34.3,32,1,mensual,centro,estudiante
5,252.8,5,3,mensual,sur,premium
3,54.1,20,0,mensual,norte,estandar
4,13.1,58,0,mensual,norte,basico
2,10.5,57,0,mensual,norte,basico
5,178.4,69,2,mensual,sur,premium
7,379.1,38,5,anual,centro,empresa
9,684.2,58,1,anual,sur,empresa
2,7.3,30,2,mensual,norte,basico
1,20.4,14,1,mensual,costa,basico
6,20.7,1,2,mensual,norte,estandar
3,12.9,27,1,mensual,sur,basico
2,5.9,33,0,mensual,costa,basico
1,24.3,34,1,mensual,norte,estudiante
1,13.5,35,2,anual,centro,basico
3,144.6,28,0,anual,costa,estandar
1,13.7,31,0,anual,costa,basico
1,84.5,25,0,anual,norte,estandar
7,519.5,34,4,anual,centro,empresa
1,34.3,38,1,mensual,sur,basico
2,67.2,64,0,anual,sur,basico
5,55.3,39,0,mensual,sur,estandar
5,565,16,2,anual,costa,empresa
3,105.1,57,2,anual,sur,premium
4,108.7,29,1,mensual,centro,premium
3,13.4,72,0,mensual,centro,basico
2,55.4,31,2,anual,costa,estandar
1,25.9,62,2,mensual,norte,basico
1,37.1,53,1,anual,centro,basico
1,35.2,68,1,mensual,centro,basico
2,12.5,3,0,mensual,costa,basico
1,30.2,10,0,mensual,centro,basico
10,276.2,39,3,anual,sur,empresa
3,18.2,1,0,mensual,centro,basico
1,15.7,29,1,anual,centro,basico
3,86.1,29,4,anual,centro,empresa
3,61,30,1,mensual,norte,estandar
5,270,16,4,mensual,costa,empresa
3,23.4,20,0,mensual,sur,estandar
6,87.8,34,4,mensual,norte,premium
1,43.9,31,3,mensual,costa,estudiante
2,51.5,2,1,mensual,centro,estandar
2,8.3,16,1,mensual,costa,basico
2,92.3,9,2,mensual,sur,estandar
4,144,7,0,anual,norte,premium
3,56.1,64,1,mensual,centro,estandar
3,5,3,0,anual,centro,basico
2,13.3,12,0,mensual,norte,basico
4,24.8,33,3,mensual,sur,basico
7,384.7,13,6,mensual,centro,empresa
2,21.5,60,0,mensual,sur,basico
5,75.3,66,2,anual,sur,premium
15,147.4,24,3,anual,centro,empresa
1,55.3,26,2,mensual,centro,estandar
2,17.5,40,3,mensual,centro,basico
3,41,26,2,anual,centro,basico
4,35.1,3,1,mensual,costa,estudiante
1,22.4,29,2,mensual,norte,estudiante
1,9.4,67,2,mensual,norte,basico
1,18.8,45,1,mensual,centro,basico
3,22.9,58,2,mensual,costa,estandar
2,29.8,3,0,anual,centro,estudiante
2,57.7,72,0,mensual,norte,estandar
1,25.4,11,0,mensual,costa,basico
9,233.5,41,4,mensual,sur,empresa
1,33.6,36,2,mensual,centro,basico
3,110.1,24,3,mensual,norte,estandar
5,214.6,25,2,mensual,centro,premium
1,17.5,4,1,anual,centro,estudiante
6,155.3,16,5,anual,costa,empresa
5,190.1,43,4,anual,costa,premium
1,11.8,49,2,mensual,centro,basico
2,55.4,11,1,mensual,sur,estandar
2,12.3,31,1,mensual,costa,basico
1,49.9,61,2,mensual,sur,basico
6,291.3,52,2,mensual,norte,empresa
10,354.6,60,4,mensual,centro,empresa
2,20.8,45,0,mensual,centro,basico
5,55.8,38,3,anual,sur,empresa
1,28.4,9,0,mensual,norte,estudiante
2,28.1,26,3,anual,norte,basico
1,15.2,35,2,mensual,costa,basico
2,69,69,2,mensual,sur,estandar
2,17.9,14,2,anual,sur,basico
15,527.7,26,4,mensual,sur,empresa
2,25.3,16,2,mensual,centro,basico
2,29.9,57,2,mensual,sur,estandar
3,57,67,2,mensual,norte,estandar
7,177,31,2,anual,norte,premium
5,210.8,69,1,anual,centro,premium
2,60.3,23,0,mensual,centro,estandar
2,24.3,14,1,mensual,sur,basico
2,19,36,2,mensual,sur,estandar
4,289.3,1,3,anual,sur,empresa
3,20,47,1,mensual,centro,basico
2,13,43,1,anual,centro,basico
4,80.1,52,2,mensual,costa,estandar
4,28.9,38,1,mensual,costa,estandar
3,129,65,3,anual,centro,premium
2,19.2,4,0,mensual,centro,estudiante
5,224.3,36,3,mensual,sur,premium
1,37.3,63,1,mensual,centro,basico
4,140.3,55,2,mensual,sur,premium
2,49.7,48,0,anual,sur,estandar
1,48.4,1,1,anual,costa,basico
1,25.7,64,2,mensual,sur,basico
2,6,46,0,mensual,centro,basico
1,12.6,12,1,mensual,norte,basico
3,40.8,44,1,anual,costa,estandar
1,38.3,25,0,anual,sur,estudiante
2,73.9,1,0,mensual,norte,estudiante
3,126.6,35,1,mensual,centro,estandar
4,81.2,25,2,anual,norte,estandar
2,5.6,30,0,mensual,norte,basico
4,155,51,2,mensual,norte,premium
3,57.4,69,1,mensual,sur,basico
1,26.2,20,1,mensual,sur,basico
1,11.3,66,1,anual,norte,basico
6,86.8,63,3,anual,centro,estandar
5,13.3,27,0,mensual,sur,basico
4,91,19,2,mensual,costa,premium
1,22.6,61,1,mensual,costa,basico
3,25.6,19,0,mensual,norte,basico
1,29.1,45,1,mensual,sur,basico
1,15.4,49,2,anual,sur,basico
2,16.1,43,0,mensual,sur,basico
2,41.1,9,0,mensual,costa,basico
7,224.9,7,2,anual,sur,empresa
1,19.6,10,0,mensual,centro,basico
2,12.3,35,3,mensual,costa,basico
4,81.9,13,1,mensual,sur,estandar
1,10.8,5,1,anual,norte,basico
2,93.4,26,3,anual,costa,estandar
2,16.2,16,1,mensual,costa,basico
1,38,27,3,anual,sur,basico
1,31,47,0,mensual,sur,basico
5,152.6,43,4,anual,sur,premium
2,33.1,63,1,mensual,norte,estandar
5,378,29,3,mensual,centro,premium
1,18.3,36,2,mensual,centro,basico
1,44.8,72,1,mensual,centro,basico
7,164.2,33,3,mensual,costa,premium
1,15.3,51,0,anual,sur,basico
1,65.5,66,2,mensual,sur,estandar
2,6,6,1,mensual,sur,basico
1,14.9,15,1,mensual,costa,basico
7,166.1,9,2,anual,centro,empresa
2,12,62,2,mensual,norte,basico
2,35.9,46,2,mensual,sur,estandar
5,55,35,2,mensual,costa,estandar
7,121,43,2,mensual,sur,premium
2,59.3,15,1,anual,sur,estandar
12,336,57,6,mensual,norte,empresa
2,32.3,26,2,anual,norte,basico
3,29.9,27,1,mensual,centro,basico
4,124.1,26,1,anual,norte,premium
4,43.4,9,3,mensual,sur,estandar
3,54.1,36,1,mensual,costa,estandar
4,46.7,22,1,anual,norte,estandar
1,123.4,36,0,mensual,costa,estudiante
3,76.9,49,1,mensual,centro,estandar
1,10.3,8,2,anual,costa,basico
1,16.9,3,0,anual,sur,estudiante
2,48.4,4,2,anual,sur,estandar
5,388.6,32,2,mensual,costa,premium
2,50.9,69,1,mensual,centro,basico
1,67.4,19,3,mensual,centro,estandar
3,149.3,72,1,anual,centro,premium
5,179.1,69,2,mensual,sur,premium
2,25.8,69,3,mensual,costa,basico
10,122,22,4,anual,centro,empresa
3,162.9,42,4,anual,sur,premium
6,545.4,59,3,anual,centro,empresa
3,43.2,25,1,anual,sur,estandar
1,15.4,28,1,mensual,centro,estudiante
5,350.6,13,3,mensual,costa,empresa
1,248.8,60,2,mensual,sur,estandar
1,15.8,6,1,anual,sur,basico
2,83.8,52,1,mensual,costa,basico
5,98.8,57,2,anual,centro,premium
2,43.7,60,1,anual,norte,estandar
2,79.6,68,1,mensual,norte,estandar
1,25.8,13,0,mensual,norte,basico
1,24.7,52,1,mensual,sur,estandar
1,33,58,1,anual,costa,basico
1,36.2,3,2,mensual,costa,estudiante
2,180,27,2,anual,costa,premium
2,66.9,8,1,anual,centro,basico
2,125.3,18,1,anual,sur,estandar
1,13.7,72,0,anual,norte,basico
2,71.6,44,1,anual,norte,estandar
2,23.8,43,1,anual,costa,basico
2,20.6,17,0,mensual,centro,basico
7,107.5,29,2,anual,norte,estandar
2,21.5,37,0,mensual,sur,basico
1,5.5,35,0,mensual,sur,basico
2,142.7,33,1,mensual,norte,premium
2,7.1,49,2,anual,norte,basico
5,90.4,22,1,anual,norte,estandar
1,15.6,69,2,mensual,sur,basico
3,217.1,61,1,mensual,sur,estandar
9,159,12,3,mensual,centro,empresa
10,336.5,65,3,anual,costa,empresa
4,207.9,35,3,anual,sur,empresa
1,33.2,51,2,anual,norte,basico
1,59.5,16,2,anual,costa,basico
4,218.7,31,1,mensual,sur,estandar
4,70.5,51,0,anual,costa,premium
5,115.9,67,2,mensual,sur,premium
2,21.7,23,2,anual,sur,basico
1,12.8,7,1,anual,sur,basico
2,56.5,14,0,mensual,centro,estudiante
3,45.4,16,1,mensual,costa,estandar
7,247.3,52,2,mensual,norte,premium
2,9,19,0,anual,sur,basico
2,97.3,20,1,mensual,centro,premium
3,12.2,5,1,mensual,costa,basico
2,39.1,63,2,mensual,norte,basico
15,317.4,50,5,anual,costa,empresa
1,41.5,61,1,mensual,centro,basico
3,72.7,19,3,mensual,centro,estandar
1,12.9,16,2,mensual,costa,basico
2,67.1,60,1,mensual,sur,estandar
1,17,27,0,mensual,costa,basico
6,65.4,1,2,anual,centro,premium
2,69.5,26,4,mensual,centro,premium
7,356.2,62,4,anual,norte,empresa
6,187.8,33,2,anual,costa,premium
2,27.8,70,1,mensual,sur,basico
1,27.8,37,3,mensual,centro,basico
3,248.3,58,3,mensual,sur,empresa
2,20.2,58,1,mensual,centro,basico
2,19.9,16,0,anual,norte,basico
1,77.8,63,2,mensual,centro,basico
1,27.3,18,1,anual,sur,basico
5,31,16,0,mensual,costa,basico
1,36.7,34,4,anual,centro,estudiante
4,21,15,2,mensual,norte,basico
1,16.8,2,1,anual,norte,basico
1,20.8,23,1,mensual,sur,basico
5,178.8,51,3,anual,costa,premium
5,40.1,55,2,mensual,costa,estandar
3,205.1,22,2,mensual,costa,premium
1,43,62,1,mensual,norte,basico
2,46.3,44,2,anual,norte,estandar
6,353.1,65,4,anual,sur,empresa
1,49.9,12,0,mensual,norte,estudiante
3,573.7,40,3,mensual,centro,estandar
3,130.1,64,2,mensual,costa,estandar
1,88.7,31,1,mensual,costa,estudiante
3,9.7,36,1,mensual,centro,basico
4,591.7,38,1,anual,costa,premium
6,231.1,29,2,anual,centro,empresa
1,39.5,57,0,mensual,sur,basico
1,41.8,5,2,mensual,sur,basico
1,21.2,10,0,anual,norte,basico
6,19.4,19,2,mensual,norte,estandar
1,34.6,48,2,mensual,costa,basico
15,342.2,38,4,mensual,sur,empresa
2,59.9,41,1,anual,costa,estandar
2,183.2,9,4,mensual,sur,premium
4,173,44,2,anual,centro,premium
3,84.2,54,1,anual,sur,estandar
2,21.2,71,2,mensual,centro,basico
5,121.6,52,3,mensual,norte,premium
2,555.1,71,2,anual,norte,premium
3,91.6,51,1,mensual,costa,premium
2,81.1,32,3,anual,centro,estandar
2,25.2,31,2,mensual,sur,basico
1,18.1,49,1,anual,costa,basico
14,838.1,14,5,anual,centro,empresa
3,246.2,15,1,mensual,sur,premium
1,15.6,70,0,mensual,norte,basico
3,25.2,72,3,mensual,sur,basico
2,16.4,2,1,anual,costa,estudiante
2,23.4,64,1,anual,norte,basico
6,33.9,72,1,mensual,norte,estandar
6,179.9,56,4,anual,costa,empresa
2,122.2,9,1,mensual,costa,estandar
2,17.6,9,1,anual,sur,basico
1,77.9,50,1,mensual,centro,estandar
2,21.6,46,0,mensual,centro,basico
6,387,3,4,anual,sur,empresa
1,11.8,64,0,mensual,costa,basico
2,10.8,44,1,anual,sur,basico
2,46.1,58,0,anual,centro,estandar
2,6.1,62,1,mensual,centro,basico
3,109.6,61,1,mensual,norte,estandar
2,112.5,16,2,mensual,costa,estandar
2,179.2,33,2,anual,sur,premium
2,71,12,2,anual,costa,estandar
5,23.3,8,1,mensual,costa,estandar
1,75.2,31,0,anual,costa,estandar
7,81,41,5,anual,centro,premium
1,11.5,9,0,anual,norte,basico
1,16.9,12,1,mensual,centro,basico
3,56.3,3,3,anual,costa,premium
2,57,20,2,mensual,sur,estandar
2,106.7,44,2,anual,costa,estandar
3,44.6,31,1,mensual,centro,estandar
7,188.5,68,4,anual,centro,empresa
3,48.3,56,2,mensual,costa,estandar
1,75.5,54,2,mensual,centro,basico
2,12.2,7,0,mensual,costa,basico
1,16.8,68,2,anual,centro,basico
2,42.9,36,1,mensual,sur,estudiante
2,66.7,63,2,mensual,centro,estandar
3,39.8,3,1,mensual,centro,estudiante
2,25.1,15,2,anual,sur,basico
1,24.4,43,0,mensual,centro,basico
2,137.3,48,3,anual,centro,estandar
1,10.8,70,0,mensual,centro,basico
1,7.7,1,2,anual,sur,basico
3,17.7,61,1,mensual,sur,basico
1,15,7,0,mensual,sur,basico
1,27,45,0,mensual,norte,basico
2,12.9,32,0,mensual,centro,basico
1,18.4,4,0,mensual,centro,estudiante
2,31.1,22,1,anual,centro,basico
3,70.4,27,2,anual,costa,estandar
2,7,8,1,mensual,sur,basico
2,17.1,37,1,mensual,sur,basico
1,9.4,61,0,mensual,norte,basico
2,26.1,18,1,anual,centro,basico
2,9.9,57,2,mensual,centro,basico
2,116.6,31,3,anual,sur,estandar
3,8.2,26,2,mensual,centro,estudiante
2,12.3,40,0,anual,sur,basico
32,203.4,21,4,mensual,costa,empresa
2,46.5,28,0,mensual,norte,estudiante
14,464.7,26,5,anual,norte,empresa
2,44.8,55,2,mensual,sur,estandar
2,7.5,30,2,anual,costa,basico
2,36,31,3,anual,centro,estandar
2,28.2,51,1,mensual,centro,basico
2,32.8,39,1,mensual,costa,basico
4,9.7,14,2,mensual,sur,basico
3,55.6,41,3,mensual,sur,estandar
2,24.2,5,2,anual,norte,basico
2,145.7,67,3,mensual,norte,premium
4,31.7,4,0,anual,costa,estandar
2,18.8,58,0,mensual,norte,basico
1,29.6,26,1,mensual,sur,estudiante
1,23.2,46,3,mensual,norte,basico
8,99,20,4,mensual,costa,empresa
2,220,10,2,anual,costa,premium
4,225,11,2,anual,sur,empresa
2,8.7,7,2,mensual,norte,basico
2,24.9,45,1,anual,costa,basico
1,48.1,14,1,anual,costa,estudiante
3,19.9,59,3,mensual,sur,basico
2,20.2,27,1,mensual,costa,estudiante
1,22.5,64,0,mensual,sur,basico
2,46.2,53,3,mensual,sur,premium
7,415.3,66,3,mensual,norte,empresa
2,83.4,9,1,mensual,costa,estandar
1,17.4,4,4,mensual,norte,basico
1,23.9,69,1,anual,norte,basico
6,208.6,20,2,anual,sur,premium
3,68.1,50,3,mensual,centro,estandar
2,25.3,58,1,mensual,sur,basico
1,18.4,29,1,mensual,norte,basico
1,9.1,33,0,mensual,norte,basico
2,4.9,53,1,mensual,sur,basico
3,165.8,8,1,mensual,costa,premium
3,394.7,71,3,anual,centro,empresa
3,44,36,1,mensual,sur,estandar
3,126.4,55,2,mensual,sur,premium
5,180.8,13,2,anual,costa,premium
5,292.9,62,3,mensual,centro,empresa
3,197.5,52,3,anual,norte,premium
2,106,51,3,anual,sur,estandar
3,138.5,11,3,anual,centro,premium
3,87.2,70,3,anual,sur,estandar
4,268.6,51,2,anual,norte,premium
2,78.1,40,0,mensual,costa,estandar
1,8.4,15,0,anual,norte,basico
4,137,68,2,mensual,centro,premium
7,124.3,60,0,mensual,sur,estandar
2,36.9,8,0,mensual,norte,estandar
1,36.8,16,3,mensual,costa,estudiante
2,29.6,25,2,anual,norte,estudiante
2,20.5,28,3,mensual,norte,basico
3,28.3,29,0,mensual,norte,basico
2,33.7,17,0,mensual,norte,basico
1,26.9,29,0,mensual,centro,basico
10,201.7,50,4,anual,costa,empresa
2,40,36,0,mensual,centro,estandar
2,20.2,23,2,mensual,costa,estudiante
2,30.4,16,1,mensual,centro,estandar
1,33.3,20,1,mensual,norte,basico
3,244,59,3,mensual,costa,premium
1,61,11,1,mensual,centro,estudiante
1,33.6,48,0,mensual,sur,basico
3,129,22,2,anual,sur,premium
7,578.2,41,5,anual,costa,empresa
3,136.9,49,2,mensual,centro,premium
9,182.8,60,5,anual,norte,empresa
2,41.1,10,2,mensual,sur,basico
2,42.3,36,1,mensual,sur,estudiante
1,12,30,2,mensual,costa,basico
3,69,72,1,mensual,centro,estandar
2,110.4,13,3,mensual,costa,estandar
1,17.1,22,0,mensual,sur,basico
4,463.4,12,2,anual,costa,premium
1,13.9,11,2,anual,norte,basico
3,265.9,34,0,anual,centro,premium
4,52.7,13,1,anual,sur,estandar
1,20.3,23,2,mensual,costa,basico
1,26.8,12,0,anual,sur,estudiante
4,82.3,17,2,anual,costa,estandar
1,16.4,19,0,anual,norte,basico
5,188.6,39,4,mensual,norte,empresa
1,45.6,19,2,mensual,costa,estandar
2,170.1,48,3,mensual,sur,estandar
1,16.4,12,1,mensual,costa,estandar
1,9.8,16,2,mensual,sur,basico
6,322.6,67,2,mensual,norte,empresa
3,307.1,28,2,anual,costa,premium
1,12.1,11,1,mensual,centro,basico
9,584.3,55,4,mensual,centro,empresa
3,37.5,1,0,mensual,norte,basico
1,14,38,3,mensual,norte,basico
2,81.1,71,2,mensual,costa,estandar
1,25.5,29,0,mensual,sur,basico
3,227.2,56,4,mensual,centro,empresa
5,66.7,23,4,anual,costa,premium
1,12.8,40,0,anual,centro,basico
1,37.9,17,2,mensual,centro,basico
4,63.3,52,2,mensual,sur,estandar
3,103.2,65,1,mensual,sur,premium
3,29.2,57,2,anual,centro,basico
1,26.9,52,0,anual,sur,basico
1,13.4,61,1,anual,costa,basico
2,45.7,32,1,mensual,centro,estudiante
8,368.6,18,3,anual,norte,empresa
2,80.2,57,2,anual,centro,premium
2,14.4,12,0,anual,centro,basico
2,25.9,20,1,mensual,norte,basico
4,46.7,34,0,anual,sur,estandar
1,165.2,4,1,mensual,centro,estudiante
5,264.9,54,2,anual,sur,premium
3,29.4,34,0,anual,costa,basico
3,45.2,12,2,mensual,norte,estandar
13,186.6,41,4,anual,norte,empresa
1,19.5,35,0,anual,costa,basico
1,14.6,42,0,mensual,centro,basico
4,65.8,5,2,mensual,centro,estandar
2,12.5,61,3,mensual,centro,basico
1,11.6,45,2,mensual,costa,basico
4,144.1,17,3,anual,sur,empresa
3,31,55,3,mensual,norte,estandar
1,49,47,0,anual,costa,basico
3,44.9,39,0,mensual,sur,estandar
2,36.4,58,1,mensual,costa,estandar
3,39.1,36,1,anual,costa,basico
4,106,31,1,mensual,norte,premium
1,9,46,1,mensual,norte,basico
3,104,6,2,mensual,norte,estudiante
2,7.9,35,0,mensual,costa,basico
1,25.2,69,1,mensual,sur,basico
2,36,68,1,mensual,centro,estandar
1,33.2,44,0,mensual,norte,basico
6,354.5,21,2,anual,norte,empresa
1,65.7,30,0,mensual,norte,estudiante
4,130.4,42,3,mensual,centro,estandar
2,9.2,29,0,anual,costa,basico
3,112.8,64,1,anual,norte,premium
5,101.4,56,2,anual,norte,premium
1,16.8,46,1,anual,norte,basico
5,331.1,69,4,anual,sur,empresa
2,23.2,7,0,mensual,sur,basico
13,379.9,61,2,anual,centro,empresa
1,22.6,39,1,anual,costa,basico
2,166.7,57,2,mensual,costa,premium
11,207.5,41,0,anual,sur,premium
3,87.4,43,3,anual,centro,premium
2,26.1,62,0,mensual,sur,basico
1,8.7,28,0,anual,costa,basico
8,178.7,30,4,anual,norte,empresa
1,65.5,27,1,anual,costa,estudiante
9,65.5,45,3,anual,sur,premium
3,296.5,2,1,anual,centro,premium
5,536.9,34,2,mensual,norte,empresa
5,114.2,5,1,mensual,centro,premium
1,73.1,6,0,anual,centro,estandar
3,173,11,2,anual,centro,premium
2,24.2,62,2,mensual,norte,basico
2,26.7,14,0,anual,costa,basico
3,45.8,45,4,mensual,sur,estandar
1,26.7,18,0,mensual,costa,basico
1,5.7,70,1,anual,costa,basico
4,186.9,55,1,anual,sur,premium
13,532,63,3,anual,norte,empresa
1,13,60,1,mensual,costa,basico
2,19.4,68,0,mensual,costa,basico
3,320,47,1,anual,centro,premium
1,26.4,15,3,mensual,centro,estudiante
2,12.6,8,2,mensual,sur,basico
4,185.5,61,4,anual,norte,premium
2,22.7,56,0,mensual,centro,basico
1,17.2,60,0,anual,norte,basico
10,807.9,48,3,anual,centro,empresa
1,22.9,30,1,mensual,centro,estudiante
3,48.8,5,2,mensual,centro,estandar
2,42.7,69,1,mensual,costa,estandar
2,89.3,58,0,mensual,norte,estandar
1,16.7,24,0,mensual,centro,basico
2,29.7,15,2,mensual,centro,basico
1,14.5,66,1,mensual,norte,basico
3,24,5,1,mensual,centro,estudiante
1,21.8,25,1,anual,centro,estudiante
1,24.7,66,0,mensual,costa,basico
2,59.3,20,0,mensual,norte,estandar
2,73.8,68,1,mensual,norte,estandar
6,157.9,67,3,anual,costa,premium
6,130.1,22,2,anual,costa,empresa
2,10.3,70,2,anual,centro,basico
3,163.7,3,4,mensual,centro,premium
5,97.6,7,3,anual,sur,estandar
4,349.9,7,4,anual,sur,premium
2,33.9,33,1,mensual,costa,basico
4,247,26,2,anual,sur,premium
3,310.6,56,2,anual,costa,premium
3,400,56,1,anual,sur,premium
3,26.2,17,0,mensual,norte,basico
4,253.1,59,3,anual,centro,empresa
1,33.4,35,0,mensual,sur,basico
2,72.2,11,0,anual,sur,estudiante
3,24.7,27,0,mensual,costa,basico
1,10.9,71,2,mensual,norte,basico
1,26.4,32,2,mensual,sur,basico
2,130.6,61,1,anual,norte,premium
3,62.1,26,1,mensual,sur,estandar
2,71.1,20,0,anual,costa,estandar
2,16.3,69,2,mensual,norte,basico
9,142.1,38,3,anual,norte,premium
1,37.3,8,1,mensual,costa,estudiante
3,65.3,1,0,mensual,sur,estandar
1,47.7,22,1,anual,norte,basico
3,135.7,52,2,mensual,sur,estandar
3,25.1,26,2,anual,costa,basico
2,88.6,50,3,mensual,norte,estandar
4,51.6,6,0,mensual,costa,estandar
1,25.8,66,2,mensual,costa,basico
4,74.8,63,2,anual,norte,estandar
5,154,58,3,anual,norte,premium
3,47.7,10,2,mensual,sur,estudiante
2,36.8,49,1,mensual,costa,basico
1,54.2,19,0,mensual,norte,estudiante
4,182.8,51,1,mensual,norte,premium
3,61.5,56,1,anual,centro,premium
2,41.3,55,1,anual,norte,basico
1,29.5,36,1,anual,centro,basico
3,375.5,71,4,anual,sur,premium
3,387.9,56,0,anual,norte,premium
2,132.4,57,3,mensual,norte,premium
1,18.6,4,2,mensual,sur,estudiante
7,81.4,43,3,mensual,sur,empresa
3,95.1,28,3,anual,sur,estandar
2,44.4,27,1,mensual,costa,estudiante
3,46.3,61,1,mensual,sur,estandar
3,20.6,12,1,mensual,sur,basico
1,30.3,36,0,mensual,costa,estudiante
2,378.9,68,4,anual,sur,premium
5,99.1,45,2,anual,centro,premium
1,10.4,7,0,mensual,norte,basico
4,10.4,38,1,mensual,norte,basico
2,45.3,16,0,mensual,sur,estudiante
2,44.8,33,3,mensual,sur,basico
1,26.3,30,1,mensual,norte,estudiante
2,79.8,7,1,mensual,centro,estandar
2,34.1,51,2,anual,norte,basico
2,15,59,1,mensual,centro,basico
2,20,31,0,anual,costa,basico
4,42.5,51,1,mensual,centro,premium
1,8.9,58,2,mensual,norte,basico
8,219.9,27,3,mensual,centro,empresa
3,27.1,48,2,mensual,costa,basico
3,18.8,16,0,anual,norte,estandar
6,302.1,43,3,anual,centro,premium
2,12.2,68,1,mensual,norte,basico
5,86.9,16,2,mensual,norte,estandar
1,15.2,62,2,mensual,sur,basico
1,16.6,48,3,mensual,costa,basico
4,304.8,46,6,anual,centro,empresa
3,17.2,59,1,mensual,sur,basico
5,254.6,48,4,anual,costa,empresa
1,35.6,69,1,mensual,centro,basico
4,194.1,19,3,mensual,norte,premium
2,10.1,32,1,mensual,costa,basico
15,112.8,25,4,mensual,sur,empresa
3,169.7,12,4,mensual,costa,estandar
6,57,11,2,mensual,norte,estandar
1,12.3,13,0,mensual,centro,basico
3,46.4,60,0,anual,centro,estandar
1,19.6,64,1,anual,costa,basico
2,216,13,1,anual,centro,estandar
5,61.7,8,0,anual,sur,estandar
3,50.2,41,1,anual,centro,estandar
3,171.9,32,0,mensual,norte,premium
1,24.5,55,1,anual,norte,basico
1,50.1,32,1,mensual,norte,basico
8,122.8,35,4,anual,norte,premium
3,107.3,29,1,anual,centro,estandar
1,46.4,34,1,anual,costa,basico
3,294.3,33,2,mensual,norte,estandar
3,19,54,3,mensual,costa,estandar
9,175.5,37,3,anual,norte,premium
3,39.1,26,2,anual,costa,basico
1,5.8,68,0,mensual,sur,basico
1,23.6,60,1,mensual,norte,basico
3,67.6,28,0,mensual,sur,estudiante
5,271.1,31,1,mensual,costa,premium
1,9.5,62,0,mensual,sur,basico
12,84.9,15,3,mensual,norte,empresa
2,235,71,1,mensual,centro,premium
3,30,16,1,mensual,norte,basico
2,36.9,54,0,mensual,norte,basico
2,24.6,45,2,mensual,costa,basico
2,45.3,70,2,mensual,centro,basico
2,45.8,48,3,mensual,costa,estandar
2,39.9,57,1,anual,centro,estandar
1,29.4,64,0,anual,costa,basico
3,135.5,54,2,mensual,costa,estandar
3,60.7,46,2,anual,sur,estandar
2,43.5,21,0,mensual,costa,basico
4,50.1,66,3,mensual,sur,estandar
2,33.7,69,3,mensual,norte,basico
1,24.5,47,0,mensual,norte,basico
3,37.7,47,2,mensual,sur,estandar
2,22.8,11,2,mensual,sur,basico
2,64.1,55,1,mensual,sur,estandar
6,187.6,48,2,anual,norte,empresa
2,52.5,14,1,mensual,costa,estudiante
5,455.3,25,1,anual,norte,premium
2,42.9,37,2,mensual,sur,estandar
2,44.2,10,3,mensual,sur,basico
3,55.6,67,2,anual,costa,estandar
5,59.5,26,1,mensual,centro,estandar
1,26.6,54,1,mensual,sur,estandar
6,45.5,22,4,mensual,sur,estandar
8,622,59,2,anual,costa,empresa
9,258.3,1,3,anual,costa,empresa
2,16.8,66,1,mensual,costa,basico
3,147.3,24,1,mensual,norte,premium
3,128,16,1,anual,costa,premium
2,24.7,58,1,mensual,costa,basico
2,54.7,63,0,mensual,costa,basico
5,332.5,58,3,mensual,norte,empresa
2,48.3,50,2,mensual,costa,basico
2,48.1,41,2,anual,costa,premium
9,200.1,36,3,anual,costa,empresa
1,20.1,49,0,mensual,sur,basico
2,13.4,11,0,mensual,sur,basico
2,23.6,67,3,mensual,centro,basico
7,73.4,11,4,mensual,norte,empresa
2,10.9,1,1,anual,sur,basico
1,23.3,54,2,anual,norte,basico
7,313.2,18,4,anual,sur,empresa
2,148.7,55,3,anual,norte,estandar
3,89.3,43,2,anual,centro,estandar
3,21.3,48,0,mensual,sur,basico
16,92.7,50,4,anual,sur,empresa
2,47.9,58,2,anual,sur,basico
2,15,58,3,anual,costa,basico
3,118.4,52,1,mensual,sur,estandar
2,14.8,3,0,anual,centro,basico
2,22.9,18,0,mensual,norte,basico
4,176.5,3,3,anual,centro,premium
5,128.4,69,0,anual,centro,premium
7,138.2,50,2,anual,costa,premium
3,173.4,46,2,anual,centro,premium
5,157.5,61,2,anual,sur,premium
4,41.3,70,1,mensual,centro,premium
1,24.7,9,2,mensual,costa,basico
6,186.2,22,1,anual,norte,premium
7,84.3,38,3,anual,costa,empresa
6,206.2,23,3,anual,norte,empresa
3,59.9,22,2,anual,norte,estandar
2,19.7,25,0,anual,costa,basico
1,10.6,28,2,anual,costa,basico
5,450.4,4,1,mensual,sur,premium
2,34.6,5,2,mensual,sur,estandar
2,24.8,23,1,mensual,sur,basico
2,26.4,12,0,anual,norte,basico
3,47.7,42,2,anual,norte,premium
1,48.4,51,3,mensual,sur,basico
7,285.2,67,5,mensual,costa,empresa
5,240.8,49,3,anual,costa,empresa
7,314.7,41,3,anual,centro,empresa
2,31.2,26,1,mensual,sur,basico
2,32.7,50,0,mensual,centro,basico
4,501.5,24,5,mensual,norte,empresa
3,28.6,56,3,mensual,costa,estandar
2,46.1,24,2,anual,norte,estandar
2,26.5,21,1,mensual,sur,basico
4,190.8,13,3,mensual,costa,premium
1,17.9,68,1,mensual,costa,basico
4,28.9,55,1,anual,sur,basico
3,58.6,41,2,mensual,costa,estandar
1,67.2,36,1,anual,costa,estandar
4,167.3,45,0,mensual,sur,estandar
1,17.2,21,1,mensual,sur,basico
5,313.3,24,2,anual,sur,empresa
10,238,43,4,anual,costa,empresa
2,29.1,14,1,mensual,centro,estandar
4,306.4,17,2,mensual,norte,premium
3,346.8,8,3,anual,centro,premium
2,23.6,1,1,mensual,sur,basico
2,19.5,60,1,anual,sur,basico
1,34.3,29,2,mensual,costa,basico
2,203.1,47,2,mensual,centro,estandar
1,43.2,10,0,mensual,sur,estudiante
2,167.6,72,5,mensual,costa,premium
3,142,26,3,anual,costa,premium
4,34.2,29,0,mensual,centro,basico
3,123.7,13,5,mensual,sur,premium
4,111.1,39,1,anual,costa,premium
2,78,53,2,mensual,norte,premium
2,18.9,3,0,mensual,centro,basico
5,558.2,46,5,mensual,norte,premium
2,44.3,32,0,mensual,centro,basico
6,421.3,3,2,anual,sur,empresa
2,116.5,55,1,mensual,norte,estandar
2,22.4,71,1,mensual,centro,basico
1,53.3,6,1,mensual,sur,estudiante
2,8.3,56,0,anual,costa,basico
2,22.7,18,0,anual,costa,basico
1,14,63,0,mensual,centro,basico
2,45,53,2,mensual,costa,estandar
1,53.7,29,2,anual,centro,estandar
6,97.5,10,3,anual,centro,premium
3,38.8,6,0,mensual,norte,basico
1,8,62,1,mensual,norte,basico
15,479.5,40,3,mensual,costa,empresa
3,110,59,2,mensual,centro,estandar
1,26.7,54,1,mensual,costa,basico
7,100.8,46,2,anual,norte,premium
5,232.7,12,0,anual,costa,premium
2,14.5,14,1,mensual,sur,basico
1,91,56,2,anual,centro,estandar
1,11.5,40,1,anual,centro,basico
2,8.8,15,0,mensual,norte,basico
2,49.2,8,3,anual,costa,estandar
2,33.3,19,3,anual,sur,estandar
2,265.7,50,2,anual,centro,estandar
1,11.7,23,1,mensual,costa,basico
3,91.8,71,2,anual,sur,premium
3,68.2,45,2,anual,sur,estandar
1,56.3,19,3,anual,sur,basico
2,20.7,33,0,mensual,centro,basico
2,45.3,5,1,mensual,centro,estudiante
4,111.9,28,2,mensual,norte,premium
3,46.4,53,0,anual,costa,estandar
6,146.7,51,0,mensual,sur,premium
2,143.1,33,3,mensual,sur,premium
2,80.6,24,1,anual,sur,estandar
6,318.1,60,2,anual,norte,empresa
6,187.9,67,1,anual,sur,premium
2,88.6,56,1,mensual,norte,estandar
3,11.7,40,2,anual,centro,basico
1,12.6,25,2,mensual,norte,basico
2,40.5,51,2,mensual,norte,estandar
2,33.3,14,0,mensual,sur,basico
7,37.2,48,2,mensual,norte,estandar
1,17.2,6,2,mensual,sur,estudiante
3,14.5,49,0,mensual,norte,basico
2,16.2,20,0,anual,sur,basico
2,15.7,15,1,mensual,sur,basico
2,14,4,3,mensual,sur,basico
1,47.9,15,0,mensual,costa,estandar
3,59.3,60,2,mensual,costa,estandar
2,12.3,5,1,mensual,sur,basico
4,371.4,49,6,anual,costa,empresa
4,213.1,66,2,anual,norte,premium
2,22.4,19,3,mensual,norte,basico
2,77.9,16,2,mensual,sur,estandar
7,91.7,15,0,anual,sur,premium
3,23.9,28,1,mensual,centro,estudiante
1,30.3,6,1,mensual,centro,basico
2,30.1,69,0,mensual,sur,basico
4,48.1,12,2,mensual,sur,estandar
8,513.6,18,3,anual,costa,empresa
2,28.5,22,0,mensual,norte,estudiante
1,18.6,22,2,anual,sur,basico
2,10.8,8,2,mensual,sur,basico
2,99.2,56,3,anual,costa,premium
2,5.8,22,1,mensual,sur,basico
1,109.5,6,3,mensual,sur,estandar
3,34.3,13,0,mensual,sur,estudiante
4,145.1,7,2,anual,sur,premium
6,229.9,22,4,mensual,sur,empresa
1,34.2,24,1,mensual,costa,estudiante
2,11.8,4,2,anual,costa,basico
2,71.1,48,2,anual,norte,estandar
8,193.8,35,3,anual,costa,premium
4,29.2,19,1,anual,norte,basico
2,41.3,29,1,mensual,norte,estandar
3,70.9,68,2,anual,norte,estandar
3,109.6,63,0,anual,costa,premium
1,11.4,19,1,mensual,costa,basico
2,30.3,11,1,anual,norte,basico
10,282,3,4,anual,sur,empresa
1,50.1,45,0,mensual,norte,basico
5,338.3,63,5,anual,costa,empresa
1,28.2,65,5,anual,centro,estandar
4,102.9,71,1,mensual,sur,premium
2,28.5,58,0,mensual,norte,basico
1,15.6,55,1,mensual,norte,basico
8,16.8,56,0,mensual,sur,basico
2,9.9,23,0,mensual,sur,basico
11,152.8,38,4,anual,norte,premium
4,47.7,19,2,mensual,costa,estandar
4,60.5,26,0,mensual,costa,estandar
2,12.9,67,1,mensual,norte,basico
3,93.4,11,0,mensual,centro,estandar
1,128.2,46,2,mensual,sur,estandar
1,23.7,59,0,mensual,norte,basico
2,43.5,24,2,mensual,sur,estandar
1,20.7,18,1,mensual,centro,estudiante
9,575.7,48,3,mensual,norte,empresa
2,21.6,21,2,mensual,sur,basico
2,19.1,36,2,mensual,centro,basico
4,21.1,46,0,anual,costa,estandar
10,323.3,55,1,anual,centro,empresa
2,21.6,5,1,mensual,norte,basico
3,28.1,46,1,mensual,costa,basico
2,177.8,17,3,mensual,centro,premium
1,11.9,15,2,anual,norte,basico
1,79.7,21,0,mensual,norte,estandar
2,94.6,9,2,anual,centro,premium
1,48.3,34,0,mensual,costa,basico
2,539.3,70,0,anual,centro,estandar
2,57.8,54,3,mensual,costa,estandar
1,25.8,13,1,mensual,sur,estudiante
1,18.1,26,0,mensual,norte,basico
4,328.7,60,1,mensual,sur,premium
2,54.9,46,1,mensual,norte,estandar
1,45.8,50,3,anual,norte,estandar
3,7.6,28,1,mensual,centro,basico
1,31.9,13,1,mensual,norte,basico
4,92.9,61,1,anual,costa,estandar
9,190.2,62,3,anual,norte,empresa
4,58.6,59,2,anual,centro,estandar
3,79.8,34,2,mensual,sur,estandar
3,125.8,65,5,anual,sur,premium
1,8.9,50,2,anual,sur,basico
2,31.2,8,2,mensual,norte,estudiante
9,212.3,51,4,mensual,norte,empresa
1,44.5,48,2,mensual,sur,estandar
1,16.4,43,2,anual,norte,basico
2,86.3,24,0,mensual,norte,estudiante
2,51.6,35,1,anual,costa,premium
4,54.7,6,0,anual,centro,estandar
1,20.2,50,0,mensual,costa,basico
1,21.6,60,4,mensual,norte,basico
1,11.3,12,1,mensual,norte,basico
3,6,21,1,mensual,costa,basico
5,115.8,10,2,anual,sur,premium
7,174.8,51,3,mensual,sur,empresa
2,12.9,5,0,anual,norte,basico
1,19.1,57,2,mensual,sur,basico
2,23,4,0,mensual,sur,basico
9,119.2,19,2,anual,norte,premium
3,108.4,8,1,mensual,norte,estandar
4,34,57,2,anual,norte,estandar
2,94.3,19,1,mensual,costa,estandar
3,28.5,49,0,anual,norte,estandar
5,188.4,42,2,mensual,centro,premium
2,16.6,47,2,anual,costa,basico
2,60,24,1,anual,centro,estandar
2,19.4,45,1,mensual,costa,basico
4,111.9,72,2,anual,sur,empresa
3,17.8,5,3,mensual,costa,basico
7,154,42,2,mensual,norte,premium
9,130.5,20,1,mensual,norte,empresa
5,129,5,2,mensual,sur,premium
1,15.5,18,3,mensual,norte,basico
2,17.5,70,0,mensual,costa,basico
2,26.2,12,3,anual,sur,estandar
2,9.9,27,2,mensual,sur,basico
5,18,19,0,mensual,centro,basico
3,72.8,45,0,mensual,costa,estandar
8,290.1,44,5,anual,costa,empresa
3,24.6,1,0,mensual,costa,basico
1,12.3,18,2,mensual,centro,basico
2,30.8,58,2,anual,norte,basico
1,18.2,56,3,mensual,norte,basico
3,116.5,53,2,anual,sur,premium
3,54.2,71,1,mensual,costa,estandar
1,16.2,41,0,mensual,norte,basico
1,14.5,11,1,mensual,sur,estudiante
3,171.7,66,1,anual,costa,premium
1,24,44,0,mensual,costa,basico
2,8.3,44,0,anual,costa,basico
6,159.9,64,3,mensual,sur,premium
2,114.5,50,0,mensual,sur,estandar
2,21.5,23,2,mensual,centro,basico
3,10.4,42,1,mensual,norte,basico
1,14.5,37,0,mensual,norte,basico
2,37.7,9,2,mensual,centro,estudiante
3,91.9,1,3,anual,centro,estandar
20,164.3,57,3,anual,costa,empresa
1,111.5,18,0,mensual,norte,estandar
7,135.4,48,4,mensual,sur,premium
1,15.3,34,1,mensual,norte,basico
8,440.6,35,4,mensual,costa,empresa
1,85.2,34,0,mensual,costa,estudiante
3,13.6,45,0,mensual,norte,basico
4,71.9,34,1,mensual,sur,estandar
4,269.2,26,2,anual,sur,premium
3,58.1,28,2,mensual,norte,estandar
3,240.7,63,3,mensual,centro,premium
4,117.6,12,1,anual,costa,premium
6,50.6,23,1,mensual,norte,estandar
6,169.8,6,3,anual,norte,premium
5,136.1,67,3,mensual,centro,premium
7,116.1,58,2,mensual,norte,premium
1,22.1,21,2,mensual,norte,basico
1,44.2,18,0,mensual,sur,estudiante
1,42.8,12,1,anual,costa,estandar
1,11,8,2,mensual,centro,basico
3,17.3,41,2,mensual,sur,basico
5,141.9,13,4,mensual,sur,premium
2,25.4,7,0,mensual,norte,basico
2,180.5,25,2,anual,costa,premium
4,558.7,41,1,mensual,centro,empresa
2,78.6,37,1,mensual,sur,estandar
1,34.3,72,1,anual,centro,basico
1,8.7,68,2,mensual,norte,basico
2,35.7,13,1,mensual,costa,estandar
4,27.5,71,1,anual,norte,basico
2,73.6,8,2,mensual,norte,estandar
1,32.1,21,1,mensual,sur,estudiante
2,14.2,58,2,mensual,sur,basico
1,26.9,71,1,mensual,centro,basico
11,166.4,24,5,anual,sur,empresa
3,47.6,34,2,mensual,norte,estandar
3,26.4,30,1,mensual,norte,estudiante
2,31.2,64,1,anual,centro,estandar
4,71.7,29,2,mensual,costa,estandar
1,152.1,63,1,anual,centro,estandar
1,71.8,42,1,anual,sur,estandar
2,27.4,11,0,mensual,sur,basico
10,214.2,70,3,anual,centro,premium
3,88.1,50,2,anual,sur,estandar
5,114.4,10,1,mensual,norte,premium
3,267.8,5,2,mensual,norte,premium
2,77.6,48,0,anual,sur,estandar
1,9.5,25,1,mensual,centro,basico
12,140.1,4,2,anual,norte,empresa
4,108.8,54,2,mensual,centro,premium
11,147,12,4,mensual,sur,empresa
3,54.9,52,1,mensual,norte,estandar
2,134.2,4,0,anual,centro,estandar
2,187.9,16,1,anual,norte,estandar
1,19.8,27,0,mensual,norte,estudiante
5,288.1,8,4,anual,centro,empresa
2,37.7,62,0,mensual,costa,estandar
4,206.6,61,2,anual,norte,premium
2,71.1,41,2,anual,norte,basico
4,27,36,1,mensual,centro,estandar
13,82.2,24,2,mensual,norte,estandar
1,13,70,1,mensual,centro,basico
2,33.4,46,0,mensual,costa,basico
1,10.7,16,1,anual,sur,basico
2,24.9,54,2,mensual,centro,basico
4,30.9,1,3,mensual,norte,basico
6,440.1,10,3,anual,sur,empresa
2,75,55,2,anual,sur,premium
10,747,49,3,anual,sur,empresa
3,72.4,10,3,anual,norte,estandar
10,113.7,49,2,mensual,norte,estandar
2,18.9,35,1,mensual,costa,basico
1,36.6,6,2,mensual,norte,basico
2,47.4,10,1,mensual,centro,estandar
2,18.9,58,1,anual,norte,basico
1,19.2,71,1,mensual,costa,basico
3,70.2,48,4,anual,costa,empresa
2,23.7,69,1,anual,centro,basico
4,105.4,52,1,anual,norte,premium
3,48.7,27,0,anual,sur,estandar
2,32.1,65,1,mensual,sur,basico
1,7.9,3,1,anual,sur,basico
1,59.1,51,1,mensual,sur,estandar
4,172.1,59,0,mensual,norte,premium
1,20,60,0,anual,centro,basico
2,18.4,9,1,anual,sur,basico
3,133.2,71,2,anual,norte,estandar
9,210.3,2,4,anual,centro,empresa
4,133.7,57,2,mensual,sur,estandar
4,264.3,50,5,anual,costa,empresa
2,9.3,43,2,mensual,sur,basico
5,139.3,9,2,anual,norte,premium
8,336,33,2,anual,costa,empresa
9,112.2,1,4,anual,costa,empresa
6,249.2,15,4,anual,sur,empresa
1,31.8,14,1,mensual,centro,basico
6,230.7,53,3,mensual,centro,empresa
7,160.8,29,1,anual,costa,premium
1,74.2,61,2,mensual,sur,estandar
2,20.1,1,2,anual,sur,basico
2,15,12,1,mensual,norte,basico
3,64.9,64,3,mensual,sur,estandar
1,27.3,8,1,mensual,sur,basico
3,72.3,50,0,anual,centro,basico
4,18.5,34,1,anual,sur,estandar
2,28.2,70,1,mensual,costa,basico
2,214.3,2,2,anual,centro,premium
1,31.7,4,1,mensual,centro,basico
4,60,22,1,anual,centro,estandar
2,12.1,54,1,anual,sur,basico
3,59.4,12,4,mensual,centro,estandar
1,75.2,64,2,anual,norte,basico
1,24.7,55,1,anual,centro,basico
1,56.3,9,3,mensual,norte,estudiante
2,16.7,9,3,anual,norte,basico
8,307.7,37,5,anual,norte,empresa
4,28.3,43,3,mensual,sur,estandar
3,66.1,36,2,mensual,centro,estandar
2,10.7,68,1,mensual,centro,basico
5,541.7,65,2,anual,centro,empresa
2,22.3,3,0,mensual,sur,basico
1,28.6,17,2,mensual,centro,estudiante
4,79.4,25,2,anual,centro,premium
2,67.9,30,0,mensual,costa,estandar
1,54.7,71,1,mensual,sur,basico
3,663,13,2,anual,costa,premium
1,41.8,10,0,mensual,centro,estudiante
2,323.4,25,3,anual,norte,premium
5,72.7,27,3,mensual,sur,estandar
4,10,23,0,mensual,centro,basico
2,27.4,57,2,anual,costa,basico
4,15,34,0,mensual,norte,basico
10,1345.8,53,3,mensual,sur,empresa
1,33.7,36,3,mensual,sur,estudiante
2,30.5,23,1,mensual,costa,basico
3,68.1,68,2,mensual,norte,estandar
2,52.5,30,2,mensual,sur,basico
1,38.8,34,0,mensual,costa,basico
2,19.5,35,2,mensual,costa,estudiante
2,16.3,63,1,anual,costa,basico
1,53.4,20,0,mensual,sur,basico
2,26.7,14,0,mensual,centro,basico
2,60.6,9,2,anual,sur,estandar
2,122.4,46,3,mensual,costa,estandar
3,141.3,30,4,anual,norte,empresa
4,144.6,43,2,anual,norte,estandar
1,33.1,13,0,anual,sur,basico
1,18.2,69,2,anual,norte,basico
2,81,48,1,mensual,centro,estandar
3,489.6,52,0,anual,sur,premium
4,262.1,8,4,anual,sur,empresa
2,27,26,0,mensual,norte,basico
1,29.5,4,2,anual,costa,estudiante
2,26.5,65,1,mensual,costa,basico
2,178.4,16,3,mensual,norte,premium
5,231.5,4,3,anual,costa,premium
1,21.9,46,1,mensual,costa,basico
2,58.2,64,3,anual,sur,premium
2,10.6,4,2,mensual,costa,basico
1,116.5,14,2,anual,norte,estandar
3,322.9,66,3,anual,norte,premium
2,118.8,51,2,mensual,sur,estandar
2,21.7,24,0,mensual,costa,basico
9,199.4,2,2,anual,norte,empresa
3,166.1,1,1,mensual,sur,estandar
3,202.7,23,1,mensual,centro,estandar
6,207.2,25,1,mensual,norte,premium
2,53,25,4,anual,centro,estandar
2,23.4,65,1,mensual,sur,basico
1,12,46,1,mensual,sur,basico
3,48.5,64,2,mensual,sur,estandar
2,19.7,67,1,mensual,costa,basico
3,18.5,53,0,mensual,centro,basico
3,26.5,29,1,mensual,sur,basico
1,53.3,30,2,anual,centro,basico
11,296.6,60,4,mensual,costa,empresa
1,19,51,2,mensual,centro,basico
1,44.9,12,2,mensual,costa,estudiante
1,89.6,55,2,mensual,sur,estandar
1,17,24,1,anual,norte,basico
2,19.9,57,2,mensual,costa,basico
1,21.1,51,0,mensual,costa,basico
2,27.9,7,1,anual,centro,basico
3,81,8,2,mensual,norte,estandar
2,19.6,64,0,mensual,costa,estandar
2,39.6,59,3,mensual,centro,estandar
17,380.6,18,2,mensual,costa,empresa
4,24.2,34,2,mensual,norte,estandar
2,75.4,9,1,anual,costa,estandar
4,245,34,2,anual,sur,empresa
1,54.4,33,2,anual,norte,estudiante
2,25.5,34,1,mensual,centro,basico
5,32.1,64,0,anual,sur,premium
2,35.4,58,0,anual,sur,estandar
2,57.1,34,1,anual,costa,basico
1,14.4,5,0,mensual,costa,basico
1,23,58,0,mensual,norte,basico
2,61.5,29,2,mensual,sur,estandar
12,1104,69,3,anual,norte,empresa
2,14.5,28,0,anual,costa,basico
5,187.2,30,3,anual,centro,premium
6,333.4,8,4,anual,norte,empresa
1,15.5,71,1,anual,sur,basico
4,44.8,13,2,mensual,centro,estandar
2,17.2,60,1,mensual,norte,basico
1,8.6,28,1,mensual,costa,basico
1,70.3,56,0,mensual,centro,basico
2,13.9,14,2,mensual,norte,basico
5,216.7,67,4,mensual,centro,premium
1,45.5,18,1,mensual,sur,basico
1,21,14,1,mensual,costa,basico
4,23,21,2,anual,costa,estandar
1,7.4,19,1,mensual,centro,basico
3,29.4,67,0,mensual,norte,basico
2,64.6,44,1,mensual,costa,estandar
2,89.5,6,2,mensual,norte,estandar
3,56.6,32,1,anual,sur,estandar
1,26.7,69,1,mensual,centro,basico
5,54.5,37,2,anual,costa,premium
2,25.8,50,1,anual,norte,basico
1,12.6,50,1,mensual,centro,basico
1,12.1,38,2,anual,costa,basico
2,20.8,49,1,anual,costa,basico
1,96.2,25,3,mensual,centro,estandar
2,51.1,23,1,mensual,sur,basico
6,150.9,14,3,mensual,sur,empresa
4,118,41,3,anual,costa,estandar
3,16.5,60,2,mensual,costa,basico
5,200.9,33,2,mensual,centro,premium
2,30.7,59,3,mensual,sur,estandar
1,21,62,1,mensual,centro,basico
1,30,48,1,mensual,costa,estandar
1,21.2,29,1,mensual,costa,basico
1,20.1,40,3,mensual,sur,basico
2,65.7,72,2,mensual,norte,estandar
2,14.2,63,3,mensual,norte,basico
2,62.6,36,0,anual,costa,basico
3,59.2,26,1,mensual,costa,estandar
6,311.5,46,3,mensual,norte,empresa
1,26,2,2,anual,centro,basico
3,58.9,22,2,mensual,sur,estandar
1,6.9,68,1,mensual,centro,basico
3,129.2,7,3,mensual,sur,estandar
2,37.5,49,2,mensual,centro,estandar
1,14.2,37,1,mensual,centro,basico
2,43.1,17,1,mensual,costa,basico
4,140.3,23,0,mensual,costa,estandar
2,71.3,24,0,mensual,norte,estandar
5,305.2,6,1,anual,costa,premium
8,297.1,40,3,mensual,centro,empresa
4,24.4,56,2,mensual,costa,basico
2,12.3,41,0,mensual,centro,basico
1,24.6,6,0,anual,costa,basico
1,42.8,13,2,anual,sur,estandar
1,22.2,21,1,anual,centro,basico
7,95.5,15,4,anual,sur,empresa
3,24.9,2,2,mensual,sur,estandar
1,11.8,18,0,mensual,sur,basico
2,18.8,46,3,anual,norte,basico
2,11,63,3,mensual,norte,basico
3,388.3,47,3,mensual,sur,empresa
5,464.7,6,3,mensual,norte,empresa
10,454.3,6,1,anual,norte,empresa
1,10,68,0,anual,sur,basico
5,103.4,1,3,anual,norte,premium
7,195.1,62,4,mensual,costa,empresa
1,21.4,55,0,anual,norte,basico
2,28.7,49,1,anual,sur,estandar
8,183.5,22,4,mensual,centro,empresa
1,14,13,0,mensual,sur,basico
1,55.8,36,1,mensual,centro,estudiante
1,20.7,27,0,mensual,norte,basico
2,481.1,17,3,mensual,centro,premium
1,33.5,42,0,mensual,costa,basico
1,38.2,63,0,anual,norte,basico
1,116.3,16,1,mensual,costa,estudiante
2,6.8,57,3,anual,norte,basico
1,14.1,3,2,anual,costa,basico
1,21,19,0,mensual,costa,basico
1,35.6,14,3,mensual,costa,estudiante
3,82.6,13,0,mensual,costa,estandar
2,34.2,28,2,mensual,norte,basico
1,39.5,63,3,mensual,norte,basico
2,16.8,6,3,anual,sur,basico
1,15.4,15,0,mensual,costa,estudiante
2,46,61,2,anual,centro,estandar
2,6.1,39,1,anual,sur,basico
3,202.8,37,1,mensual,centro,premium
2,18.6,66,2,anual,norte,basico
1,12.8,61,2,mensual,costa,basico
7,301.3,63,4,mensual,centro,empresa
2,410.3,13,2,mensual,centro,premium
5,225.7,13,3,mensual,costa,premium
4,13.7,64,2,mensual,sur,basico
2,163.1,32,1,anual,norte,premium
3,21.4,65,1,mensual,sur,basico
1,9.6,6,1,mensual,norte,basico
2,147.2,49,2,anual,sur,premium
2,6.7,41,2,anual,centro,basico
2,36.5,22,2,anual,norte,estandar
3,60.3,15,2,mensual,costa,estandar
1,19.6,34,1,mensual,norte,basico
3,61.8,62,0,mensual,costa,estandar
1,33.1,25,1,anual,centro,estandar
4,121.9,3,2,mensual,centro,premium
1,24.3,59,1,anual,sur,basico
6,236.8,23,2,anual,centro,premium
2,15,13,1,mensual,centro,basico
2,58.8,38,1,anual,norte,estandar
2,34.4,3,0,mensual,sur,estudiante
2,11,37,0,mensual,centro,estandar
3,74,9,2,mensual,sur,estandar
4,363.1,7,4,anual,norte,empresa
1,23.7,42,4,mensual,norte,basico
3,20.3,32,1,anual,costa,estandar
5,94.3,9,1,mensual,centro,premium
2,20.8,26,1,mensual,sur,basico
4,35.9,53,3,anual,norte,estandar
2,23.1,24,1,mensual,norte,estudiante
2,229.8,69,2,anual,sur,premium
2,36.4,33,0,mensual,centro,basico
2,31.1,10,3,mensual,costa,basico
1,13.2,50,1,anual,centro,basico
1,12,21,0,mensual,centro,basico
5,171.4,20,0,anual,sur,estandar
2,21.9,22,0,mensual,centro,basico
3,62.9,35,1,mensual,costa,estandar
3,121.2,34,3,anual,centro,estandar
2,10.1,46,0,anual,sur,basico
3,50.1,71,2,mensual,norte,basico
1,13.5,2,2,mensual,centro,estudiante
10,145.9,22,5,mensual,sur,empresa
3,88.1,19,2,anual,norte,premium
4,23.8,13,0,anual,costa,basico
4,26.8,3,3,mensual,centro,basico
2,31.7,51,1,mensual,norte,estandar
2,460.8,39,4,mensual,costa,premium
3,10,47,2,mensual,costa,basico
2,49.4,45,0,mensual,norte,estandar
3,28.5,37,0,anual,norte,basico
11,185.5,33,4,mensual,norte,empresa
9,555.7,33,4,anual,sur,empresa
2,9.4,44,1,mensual,sur,basico
4,93.8,56,3,anual,sur,premium
1,59.8,58,3,mensual,sur,basico
2,6.3,65,0,mensual,costa,basico
1,45.9,14,1,mensual,norte,estudiante
4,696.6,44,3,mensual,costa,premium
2,21.4,33,1,mensual,centro,estudiante
2,29.9,7,3,mensual,sur,estudiante
2,11.6,43,1,mensual,norte,basico
2,337.8,68,2,anual,costa,premium
3,14,32,0,mensual,centro,estandar
4,25.4,67,3,mensual,norte,basico
1,13.2,40,0,mensual,centro,basico
3,114.6,14,2,anual,norte,premium
1,31.9,45,2,mensual,norte,estandar
7,179.7,35,3,mensual,centro,empresa
2,21.7,50,2,mensual,costa,basico
2,63.8,38,0,mensual,norte,estandar
1,9.3,6,3,anual,centro,basico
1,25,54,0,mensual,centro,basico
2,16.7,3,2,anual,sur,basico
6,461.8,23,3,anual,centro,empresa
2,31.4,40,0,anual,centro,estandar
1,17.7,23,1,anual,norte,basico
2,111.8,36,0,mensual,norte,estandar
5,388,18,3,anual,centro,empresa
2,15.1,9,0,anual,norte,basico
1,23,51,0,anual,centro,basico
2,66.2,12,1,mensual,costa,estudiante
2,12,30,0,mensual,norte,basico
2,14.1,1,0,mensual,norte,basico
4,158.6,15,2,mensual,costa,estandar
2,14.2,16,0,anual,norte,basico
4,724.4,8,4,mensual,sur,empresa
1,11.6,53,1,mensual,costa,basico
2,11.8,43,2,mensual,norte,basico
1,129.3,23,0,mensual,centro,estandar
1,34.4,38,0,mensual,sur,basico
1,23.2,43,0,mensual,norte,basico
2,43.1,25,0,anual,costa,estudiante
2,75.8,37,0,anual,norte,estandar
2,139.4,7,2,mensual,costa,estandar
1,194.4,70,3,mensual,norte,premium
3,10.5,32,1,mensual,costa,basico
1,14.6,18,1,anual,costa,basico
2,17.8,66,4,mensual,norte,basico
2,69.9,30,1,mensual,norte,estudiante
2,67.9,56,1,mensual,norte,estandar
1,31.9,67,2,anual,norte,basico
3,71.7,55,1,mensual,norte,estandar
2,53.9,32,1,mensual,sur,estandar
7,25.9,60,2,mensual,sur,estandar
3,60.5,66,4,mensual,costa,empresa
1,34.5,14,0,mensual,centro,estudiante
7,172.8,10,4,anual,centro,empresa
8,225.6,19,5,mensual,centro,empresa
2,40.7,14,0,mensual,sur,estandar
2,37.1,27,0,anual,sur,basico
2,23.3,38,0,mensual,centro,basico
2,24.7,55,1,anual,sur,basico
12,189.1,42,3,anual,centro,empresa
2,29.2,20,0,anual,centro,basico
3,119.1,18,3,mensual,norte,premium
1,25.5,5,2,mensual,sur,basico
5,76.3,46,1,anual,norte,estandar
2,128.2,15,3,mensual,costa,premium
2,15.9,67,4,anual,costa,basico
2,13.1,12,2,anual,costa,basico
1,19.6,30,0,mensual,centro,estudiante
1,14,69,0,mensual,centro,basico
1,30.7,4,1,mensual,centro,basico
3,43.4,16,1,mensual,sur,basico
6,390.8,27,5,mensual,norte,empresa
2,44.1,14,1,mensual,centro,estandar
8,324.5,32,5,anual,norte,empresa
4,82.7,35,2,anual,norte,premium
1,40.2,11,0,mensual,sur,estudiante
1,23,1,0,anual,centro,basico
4,18.6,33,0,anual,norte,basico
2,33.4,70,2,anual,sur,basico
3,16.9,8,2,anual,costa,basico
2,50.5,66,0,anual,costa,estandar
6,228.5,23,3,anual,centro,premium
13,179,58,4,anual,norte,empresa
11,333,42,3,mensual,centro,empresa
3,16.4,14,1,mensual,centro,basico
5,304.1,20,4,mensual,sur,empresa
7,286.5,45,5,anual,sur,empresa
1,30.7,35,0,mensual,sur,basico
2,15.6,25,2,mensual,costa,basico
13,517.6,44,4,anual,norte,empresa
1,36,17,0,mensual,costa,estudiante
2,8,16,0,mensual,norte,basico
1,13.1,50,1,anual,centro,basico
1,21.4,17,0,mensual,sur,basico
7,342,52,4,anual,costa,empresa
2,81.8,31,2,anual,norte,estandar
1,16,18,2,anual,norte,estudiante
4,98.6,52,2,mensual,costa,premium
1,25.6,8,0,mensual,costa,basico
2,57.5,45,2,anual,centro,estandar
1,9.8,53,0,anual,norte,basico
1,38.2,8,2,anual,norte,estandar
1,27.3,24,0,mensual,norte,estudiante
3,17.4,39,3,mensual,sur,estandar
2,32.7,41,1,mensual,costa,estandar
2,9.3,50,0,mensual,centro,basico
4,64.2,32,4,mensual,sur,estandar
7,130.2,5,1,anual,norte,premium
2,42.4,69,1,mensual,norte,basico
7,231.3,16,3,anual,norte,empresa
1,20.6,9,0,mensual,sur,basico
3,414.1,39,1,anual,centro,premium
6,285.2,64,4,anual,centro,empresa
7,363.2,53,5,anual,costa,empresa
2,98.2,52,1,mensual,norte,estandar
2,100.2,14,1,mensual,sur,estandar
4,13.2,49,0,mensual,norte,basico
1,42.4,8,1,anual,centro,estudiante
8,97.1,63,3,anual,costa,premium
2,55.7,67,1,mensual,centro,estandar
3,45.3,30,3,mensual,costa,estandar
3,21,69,1,anual,centro,basico
2,46.2,14,1,anual,norte,estudiante
1,52.1,52,2,anual,centro,basico
2,28.6,45,0,mensual,norte,estandar
3,86.7,25,1,mensual,costa,premium
1,26.6,8,1,mensual,norte,basico
2,59.2,4,1,mensual,sur,estudiante
1,36.4,23,0,mensual,sur,estandar
2,59.4,9,2,mensual,centro,basico
2,22.9,3,1,mensual,sur,basico
3,38,22,0,mensual,costa,estandar
4,74.9,39,2,mensual,costa,estandar
4,38.7,61,1,anual,centro,estandar
1,25.4,69,0,anual,sur,basico
3,144.7,55,4,anual,sur,premium
1,23.1,28,2,mensual,centro,basico
6,37,69,3,mensual,norte,estandar
1,8.2,42,1,anual,norte,basico
8,279.4,69,2,anual,costa,empresa
2,22.5,54,0,mensual,costa,estandar
4,98.4,26,3,mensual,centro,estandar
3,50,23,0,anual,sur,estandar
3,175.9,15,2,anual,sur,premium
2,181.9,21,0,anual,costa,estandar
3,81.7,10,5,anual,sur,premium
2,38.1,43,0,anual,sur,basico
3,182.3,72,1,anual,sur,premium
2,52.9,35,2,anual,sur,estandar
3,91.6,31,0,anual,sur,premium
1,54.9,29,0,mensual,sur,basico
1,19,36,2,anual,norte,basico
1,43,53,2,anual,centro,basico
2,87.4,9,0,mensual,norte,estandar
1,25.5,55,1,anual,centro,basico
7,302,51,5,anual,sur,empresa
9,320.1,64,2,mensual,sur,empresa
6,16.1,67,0,mensual,costa,basico
2,144.4,20,2,anual,costa,estandar
1,7.5,70,1,mensual,sur,basico
6,134.4,41,1,mensual,costa,empresa
1,83.2,54,0,mensual,centro,estandar
3,51.1,19,2,mensual,norte,premium
1,10.7,66,2,mensual,costa,basico
2,106.2,19,1,mensual,norte,estandar
2,20.3,67,2,mensual,sur,estandar
1,24,48,1,anual,costa,basico
3,43.2,35,1,mensual,sur,estandar
5,451.7,11,0,anual,norte,premium
1,13.2,30,4,anual,centro,basico
2,73.1,60,0,anual,centro,estandar
6,136.1,10,3,mensual,norte,estandar
2,25.9,41,3,mensual,costa,estandar
2,47.1,25,2,mensual,sur,estandar
1,36.6,67,0,mensual,norte,basico
1,7.4,58,2,mensual,costa,basico
5,577.5,59,4,anual,sur,empresa
3,69.4,59,3,mensual,norte,estandar
1,66.6,24,2,mensual,centro,estandar
10,103,28,1,anual,centro,premium
6,120.1,67,0,anual,sur,premium
2,97.4,8,2,mensual,costa,estandar
2,15.7,51,1,anual,norte,basico
3,123.2,67,2,anual,centro,estandar
2,10.6,13,2,mensual,norte,basico
1,23.2,35,0,mensual,costa,basico
7,77.5,4,3,mensual,norte,estandar
3,15.2,38,1,mensual,costa,basico
5,78.5,36,3,anual,costa,estandar
9,240.1,30,2,anual,sur,empresa
2,18.1,19,3,anual,norte,basico
4,68.1,30,1,anual,sur,estandar
6,74.9,61,1,mensual,norte,premium
4,39.3,56,1,mensual,norte,basico
1,28.8,9,2,mensual,sur,estudiante
6,104.4,59,0,anual,sur,premium
1,13.5,41,1,mensual,sur,basico
2,20.6,27,1,mensual,sur,basico
1,51.6,35,0,mensual,costa,estudiante
2,13.1,8,1,mensual,sur,basico
2,26.4,50,2,mensual,costa,basico
5,206.2,57,3,anual,centro,empresa
5,279.8,70,2,anual,sur,premium
1,17.6,15,2,mensual,centro,basico
2,14.6,14,1,mensual,norte,basico
1,15.3,23,3,mensual,costa,basico
2,43.2,63,3,mensual,centro,basico
1,12.6,49,1,mensual,norte,basico
1,33.3,8,1,anual,costa,basico
2,14.6,5,1,mensual,sur,basico
5,367,22,2,anual,sur,empresa
3,84.6,62,0,anual,norte,estandar
4,126.3,65,2,mensual,sur,estandar
2,100.7,26,2,anual,sur,estandar
6,292.1,49,4,anual,costa,empresa
3,39.4,25,0,mensual,costa,basico
4,100.4,63,1,anual,centro,premium
2,207.5,26,2,anual,costa,premium
1,12.8,70,2,anual,sur,basico
1,9.4,2,3,anual,norte,basico
2,17.4,40,3,mensual,costa,basico
3,47.6,20,0,anual,costa,basico
1,26.1,55,1,mensual,sur,basico
3,145,72,3,anual,norte,empresa
4,54.3,9,1,mensual,norte,estandar
1,14.8,38,3,anual,costa,basico
3,52.8,29,3,mensual,centro,estandar
1,61.2,26,1,anual,costa,estudiante
4,90.8,51,1,mensual,sur,estandar
1,23.7,66,0,anual,costa,basico
6,171.1,56,2,mensual,sur,estandar
6,517.1,18,3,mensual,norte,empresa
3,59.3,53,1,mensual,costa,estandar
1,13,71,1,mensual,costa,basico
8,255.6,5,2,anual,norte,empresa
1,96.2,53,2,anual,sur,estandar
1,10,65,2,mensual,norte,basico
5,59,2,1,mensual,centro,estandar
1,20.3,49,3,mensual,sur,basico
1,7.9,10,0,mensual,sur,basico
1,14.5,53,2,anual,centro,basico
10,409.7,14,5,mensual,sur,empresa
4,237.2,64,3,anual,costa,premium
2,34.7,37,1,mensual,centro,estandar
4,30.6,41,1,mensual,centro,estandar
9,259,25,6,mensual,sur,empresa
1,6.2,59,2,mensual,centro,basico
2,31.4,63,2,mensual,norte,estandar
2,29.5,24,3,anual,centro,basico
5,67.6,42,2,mensual,norte,estandar
3,158.9,61,2,anual,centro,premium
5,172.7,55,3,anual,centro,empresa
2,49.9,67,2,mensual,norte,estandar
2,52,6,1,mensual,norte,estudiante
4,65.6,45,2,anual,sur,estandar
4,63.3,43,2,anual,centro,estandar
1,64.4,2,2,mensual,costa,estudiante
1,17.4,2,1,mensual,costa,estudiante
1,14.3,27,0,mensual,sur,basico
1,43.1,42,1,anual,centro,basico
2,134.2,70,4,anual,norte,empresa
6,291.3,57,3,mensual,norte,empresa
1,21.2,43,2,mensual,sur,basico
1,21.4,31,1,anual,norte,basico
5,33.9,52,2,anual,sur,estandar
1,27.3,16,1,mensual,norte,estudiante
6,85,29,2,anual,sur,premium
1,26.2,37,0,mensual,sur,basico
1,13.7,11,0,mensual,sur,basico
3,81,70,4,mensual,centro,empresa
5,45.8,34,3,mensual,costa,estandar
2,84,59,2,anual,sur,estandar
2,172.1,20,2,anual,centro,premium
3,42.2,37,2,anual,sur,estandar
1,40.1,52,0,mensual,costa,basico
2,27.9,12,2,anual,costa,basico
3,182.4,58,4,anual,norte,empresa
3,86.8,3,2,mensual,costa,estandar
1,19.2,43,0,mensual,norte,basico
1,21.6,57,0,anual,centro,basico
4,301.5,41,1,anual,sur,premium
3,135.3,51,2,mensual,centro,estandar
2,103.8,62,1,mensual,centro,estandar
2,126.9,34,2,mensual,norte,premium
1,22.6,18,0,mensual,costa,basico
3,52.1,11,2,anual,costa,estandar
3,7.1,41,2,mensual,centro,basico
2,21.3,49,0,mensual,centro,basico
2,37,10,1,anual,costa,estandar
1,17.9,22,1,anual,costa,estandar
3,158.2,36,3,anual,centro,premium
4,71.5,34,2,mensual,centro,estandar
2,18.1,32,0,anual,costa,basico
2,162.8,20,2,mensual,costa,empresa
1,71.4,17,1,mensual,centro,estandar
4,51.9,31,3,mensual,costa,estandar
8,55.1,14,2,mensual,sur,estandar
1,96.1,11,1,anual,centro,estandar
1,35.9,6,1,mensual,costa,basico
2,32.7,70,3,mensual,sur,basico
2,34.6,48,0,mensual,norte,basico
2,15.7,5,2,anual,norte,basico
2,77.1,7,0,mensual,centro,estudiante
2,27.7,69,1,mensual,centro,basico
1,7.6,50,0,mensual,costa,basico
1,46.9,19,0,anual,sur,estudiante
6,429.6,43,1,mensual,sur,empresa
2,18.6,64,3,anual,costa,estandar
2,31,71,0,mensual,norte,basico
2,18.2,25,1,mensual,costa,basico
2,40.6,58,0,anual,norte,basico
3,141.4,70,1,mensual,costa,estandar
1,12.1,55,1,mensual,costa,basico
3,85.2,65,0,mensual,sur,estandar
2,48.7,1,1,mensual,costa,estudiante
3,129.7,45,0,anual,sur,premium
3,69.1,11,0,mensual,norte,estandar
4,44.1,29,0,mensual,norte,estandar
6,34.8,44,3,mensual,norte,estandar
1,31.8,30,0,mensual,centro,estudiante
2,101,44,4,mensual,centro,estandar
2,33.6,26,1,mensual,centro,basico
3,268.5,31,4,mensual,costa,estandar
1,13.3,27,2,mensual,centro,basico
1,15.7,23,1,mensual,norte,estudiante
2,21.8,55,1,anual,centro,basico
2,32,16,1,anual,norte,estudiante
4,95.7,33,4,anual,norte,premium
3,78,50,0,anual,costa,estandar
1,101,18,0,mensual,sur,estandar
1,26.6,26,0,mensual,centro,estudiante
11,426,17,3,mensual,costa,empresa
6,63.5,53,1,mensual,sur,estandar
8,481,30,4,mensual,centro,empresa
1,42.9,24,0,anual,centro,estudiante
1,12.1,42,1,mensual,centro,basico
2,19.2,20,1,mensual,centro,estandar
1,89.4,18,2,mensual,centro,estudiante
5,144.4,6,4,mensual,costa,empresa
7,228.7,64,3,mensual,centro,empresa
2,44,43,0,mensual,centro,basico
3,51.1,22,0,mensual,sur,estandar
4,52.6,15,0,mensual,norte,estudiante
2,19.2,6,0,mensual,centro,basico
2,12.9,6,1,mensual,centro,basico
2,13.3,68,2,mensual,centro,basico
2,119.4,66,0,mensual,sur,estandar
2,10.7,62,0,mensual,sur,basico
1,33.5,5,2,anual,costa,basico
3,211.1,52,4,mensual,norte,premium
2,23.1,22,0,mensual,sur,estudiante
2,80.4,13,0,mensual,costa,estandar
4,123.7,61,0,mensual,costa,estandar
2,18.2,23,1,mensual,costa,basico
1,23.5,25,1,anual,sur,basico
10,66.6,62,0,anual,costa,premium
3,78.4,11,1,mensual,centro,estandar
2,18.6,20,4,mensual,costa,estandar
1,32.8,58,1,anual,centro,basico
1,33,57,2,mensual,sur,basico
2,43.4,38,2,mensual,costa,estandar
1,29.3,33,3,mensual,costa,basico
5,91.7,65,2,anual,sur,premium
1,40.2,6,1,anual,norte,basico
4,3.7,26,2,anual,norte,basico
3,119,38,2,anual,sur,premium
3,54,9,2,mensual,centro,basico
1,41.9,22,0,mensual,norte,estudiante
1,23.8,61,2,anual,costa,basico
1,57.4,52,2,mensual,norte,basico
4,22.4,58,1,anual,centro,basico
8,96.3,26,2,mensual,costa,premium
2,13.4,72,0,mensual,costa,basico
2,33.8,60,0,mensual,sur,basico
14,123.8,25,4,anual,centro,empresa
2,22.3,6,1,anual,centro,estudiante
1,58.8,8,0,mensual,sur,basico
2,215.7,51,3,anual,norte,premium
2,35.6,32,3,mensual,sur,estudiante
2,9.8,48,1,mensual,norte,basico
6,270.1,58,4,anual,costa,empresa
1,24.3,44,3,anual,sur,basico
2,30.5,8,2,mensual,sur,estudiante
2,223.4,26,1,mensual,costa,estandar
2,21.7,17,0,anual,norte,basico
3,59.8,20,1,anual,centro,estandar
2,81.7,37,1,anual,costa,premium
6,183.8,46,5,anual,norte,empresa
1,9.7,34,2,mensual,centro,basico
3,23.1,35,0,anual,norte,estandar
2,10,56,1,mensual,costa,basico
7,175,71,4,anual,centro,premium
2,49.5,14,1,mensual,costa,basico
3,107,5,2,mensual,costa,premium
1,16.6,45,0,mensual,norte,basico
2,82.1,30,2,anual,norte,estandar
2,93.9,10,2,mensual,norte,estandar
1,23.3,37,4,mensual,costa,basico
8,112.2,67,2,anual,centro,estandar
4,43.7,30,3,mensual,sur,estandar
2,68.6,30,2,mensual,costa,estandar
1,19.9,39,1,mensual,sur,basico
1,54.8,8,1,mensual,norte,estudiante
1,39.6,10,1,mensual,norte,basico
4,120.6,4,1,anual,centro,empresa
2,26.3,48,2,anual,centro,basico
1,118.3,28,2,mensual,centro,estudiante
9,349.2,54,3,mensual,norte,empresa
4,127.6,64,1,anual,costa,premium
4,35.7,35,0,mensual,centro,estandar
1,32.2,18,0,mensual,sur,basico
7,254.5,24,5,anual,centro,empresa
1,40,41,2,mensual,centro,estandar
2,60.3,30,1,anual,costa,estandar
3,62.9,60,3,anual,costa,premium
2,24.6,69,1,mensual,norte,basico
5,500.6,30,3,mensual,norte,empresa
4,17.8,28,2,mensual,costa,basico
1,22.9,6,1,anual,sur,estudiante
2,20.9,19,0,mensual,norte,basico
2,51.4,14,2,mensual,centro,basico
10,372.4,35,5,anual,costa,empresa
1,16.6,67,2,mensual,centro,basico
3,35.4,43,2,anual,costa,basico
3,135.4,42,1,anual,centro,premium
6,281.8,23,1,mensual,sur,premium
3,200.8,72,2,anual,sur,premium
2,21,51,1,mensual,norte,basico
2,28.5,36,0,mensual,costa,basico
9,210,46,3,mensual,centro,empresa
10,395.9,29,4,mensual,costa,empresa
1,23.1,67,2,mensual,costa,basico
6,254.8,5,3,mensual,norte,empresa
11,117.1,50,2,mensual,sur,premium
1,19.4,72,0,mensual,costa,basico
4,78.8,64,2,mensual,norte,estandar
5,658.3,56,3,anual,sur,premium
5,95.4,49,2,anual,centro,estandar
2,39.6,61,3,mensual,centro,estandar
2,122.8,24,1,mensual,centro,estudiante
1,14.8,18,0,mensual,norte,estudiante
2,54.3,56,2,anual,centro,estandar
3,216.2,21,3,mensual,sur,premium
2,117,72,1,anual,costa,premium
1,59.7,23,0,mensual,costa,estudiante
1,9.5,31,2,anual,costa,basico
3,116.6,68,4,anual,norte,estandar
2,114.6,54,3,mensual,costa,estandar
8,129.2,13,3,anual,norte,empresa
14,132.8,61,4,anual,centro,empresa
2,32.1,6,1,mensual,centro,basico
5,166.7,72,1,anual,centro,premium
2,11.6,34,2,mensual,centro,basico
1,128.6,30,3,anual,centro,estandar
1,53,19,1,anual,costa,basico
7,90.4,47,3,anual,sur,empresa
3,449.7,65,3,mensual,sur,premium
5,86.8,34,1,mensual,centro,premium
1,23.8,59,1,anual,sur,basico
1,5.2,47,1,anual,costa,basico
4,112.9,36,3,mensual,norte,premium
1,16.3,8,1,mensual,sur,basico
2,23.6,22,0,mensual,costa,estudiante
2,14.7,15,2,mensual,costa,basico
7,95.1,50,0,anual,sur,estandar
3,63.4,64,2,anual,norte,estandar
4,357,23,3,anual,costa,empresa
2,7.9,41,1,mensual,sur,basico
2,31.1,10,0,mensual,sur,estudiante
2,6,65,3,mensual,centro,basico
1,58.9,40,1,mensual,norte,estandar
4,110.6,61,3,anual,costa,premium
3,28.3,15,1,mensual,norte,estandar
1,52.4,46,3,mensual,centro,estandar
6,167,51,3,mensual,sur,empresa
1,20.9,35,0,mensual,sur,basico
1,46,10,1,mensual,norte,estudiante
1,38.4,10,2,mensual,centro,basico
1,17.2,12,1,anual,norte,basico
5,167,72,1,anual,sur,premium
1,45,57,1,mensual,centro,basico
16,469.3,40,1,anual,norte,empresa
1,41.9,7,1,anual,centro,estudiante
2,15.6,38,0,mensual,sur,basico
6,85.6,10,0,anual,costa,premium
1,8.9,4,2,mensual,norte,basico
3,160.6,39,3,anual,sur,premium
1,31.2,19,1,anual,costa,basico
1,29.1,3,0,mensual,sur,basico
4,44.7,28,1,mensual,norte,estandar
1,113.2,45,1,mensual,norte,basico
10,187.8,23,3,anual,norte,empresa
1,27.7,70,1,mensual,norte,basico
2,33.8,10,0,anual,centro,estandar
5,37.3,22,1,mensual,norte,estandar
4,332.6,13,4,anual,norte,empresa
5,68.2,19,2,mensual,sur,premium
1,93.3,2,1,anual,costa,estudiante
2,27.7,72,0,anual,costa,basico
2,102,66,2,mensual,sur,estandar
4,376.5,56,3,mensual,costa,empresa
2,10.1,24,2,mensual,sur,basico
4,307.3,36,4,anual,centro,empresa
1,30.2,11,0,mensual,sur,basico
1,14.6,31,1,anual,sur,basico
1,30,41,0,mensual,norte,basico
3,39.9,37,2,mensual,centro,estandar
2,13.2,23,0,mensual,sur,estudiante
5,104.8,25,3,anual,costa,premium
2,25,51,1,anual,centro,estandar
1,13.1,26,2,anual,costa,basico
2,38,6,1,mensual,norte,estandar
4,211.6,49,5,anual,centro,empresa
5,55.7,33,2,mensual,costa,premium
1,20.1,22,2,mensual,centro,basico
6,298.5,41,2,anual,norte,empresa
1,17.3,38,0,mensual,sur,basico
2,29.8,35,0,anual,norte,estudiante
4,25.9,6,2,anual,norte,estandar
5,70.9,13,1,mensual,centro,premium
4,369.8,34,3,anual,sur,premium
1,50.7,29,2,anual,costa,basico
2,39.2,34,2,mensual,costa,estandar
3,43.9,69,1,mensual,costa,basico
1,99.1,7,3,mensual,sur,estudiante
1,65.2,61,3,mensual,norte,estandar
4,26.7,14,0,mensual,sur,estandar
1,7.8,68,1,mensual,norte,basico
7,196.8,15,4,anual,norte,empresa
1,27.4,56,2,mensual,costa,basico
4,181.5,3,3,mensual,centro,premium
2,6.4,47,1,mensual,centro,basico
8,1176.8,68,4,mensual,norte,empresa
4,125.1,20,2,anual,costa,premium
2,26.7,19,0,mensual,costa,basico
1,19.3,59,1,anual,sur,basico
2,22.4,4,1,mensual,sur,basico
5,715.2,53,6,mensual,norte,empresa
4,72.1,28,4,mensual,costa,estandar
2,133.5,6,0,mensual,sur,estandar
6,131.9,7,3,anual,centro,premium
1,26.6,72,1,anual,centro,basico
5,45.9,67,0,mensual,costa,estandar
5,163.4,27,1,mensual,costa,premium
2,22.9,2,0,mensual,norte,estudiante
1,7.7,11,1,mensual,costa,basico
2,19.4,47,1,mensual,norte,basico
4,104.1,22,1,anual,norte,estandar
2,134.5,55,2,anual,costa,premium
3,35.6,19,2,mensual,centro,basico
4,74.8,67,0,anual,norte,premium
6,244.4,33,4,anual,centro,empresa
1,5.2,2,1,mensual,centro,basico
2,29.6,54,1,mensual,sur,basico
8,173.9,69,3,anual,centro,empresa
3,144.8,68,2,mensual,norte,estandar
8,300.1,42,2,mensual,sur,premium
4,329.4,21,6,anual,sur,empresa
3,21.5,57,0,mensual,sur,basico
4,144.2,60,2,mensual,centro,premium
4,11.4,72,2,mensual,norte,basico
6,22.8,31,4,mensual,centro,estandar
1,9,37,1,mensual,centro,basico
1,25.9,22,2,mensual,centro,basico
4,158.5,35,1,anual,centro,premium
1,50.2,31,0,mensual,centro,basico
4,133,65,4,mensual,sur,premium
8,295,9,1,anual,sur,premium
3,108,35,2,anual,norte,premium
2,100.7,16,2,mensual,costa,estandar
8,150.8,55,3,anual,centro,empresa
9,205.6,3,3,anual,centro,empresa
1,29.1,19,0,mensual,centro,estandar
6,74.9,5,2,anual,sur,premium
3,19.4,30,0,mensual,costa,basico
1,26.7,11,1,mensual,costa,estudiante
9,306.8,65,4,anual,centro,empresa
2,10.1,40,2,mensual,costa,basico
4,265.7,20,3,mensual,sur,premium
6,143.6,24,2,anual,costa,premium
11,121.9,19,4,anual,norte,empresa
2,29.1,9,2,mensual,norte,estandar
3,290.2,63,2,mensual,costa,premium
1,88.7,30,1,mensual,norte,estandar
2,31.3,6,5,mensual,norte,basico
2,109.4,70,0,anual,norte,estandar
4,116.8,44,0,mensual,norte,premium
2,52.1,4,0,mensual,costa,estandar
2,12.4,16,0,anual,centro,basico
1,17.4,56,1,anual,centro,basico
1,14.2,24,0,mensual,norte,basico
2,20.9,38,4,mensual,costa,basico
3,250.1,58,4,mensual,costa,empresa
2,102.9,25,2,anual,sur,premium
2,60.1,55,1,mensual,sur,estandar
2,17,3,2,anual,costa,estandar
5,273.7,53,1,mensual,centro,empresa
3,23.7,41,1,mensual,centro,basico
6,48.5,35,2,mensual,centro,estandar
8,174.5,32,2,mensual,sur,empresa
4,103.5,58,2,anual,costa,premium
2,21,62,1,mensual,norte,basico
2,10.2,41,3,anual,norte,basico
1,29.7,59,1,mensual,centro,basico
1,71.7,10,0,mensual,norte,estudiante
2,13.5,33,2,anual,centro,basico
3,30.9,28,0,mensual,centro,estandar
2,36.6,5,4,anual,norte,estandar
2,34.4,62,0,mensual,centro,estandar
2,14.2,57,0,mensual,norte,basico
2,50.7,20,2,mensual,norte,estandar
4,128.5,45,3,mensual,costa,premium
1,16.7,34,2,mensual,costa,basico
5,126.9,11,4,mensual,centro,estandar
16,127.3,16,3,anual,costa,empresa
1,15.2,1,2,mensual,sur,basico
2,40,61,0,anual,costa,basico
5,266,50,3,anual,sur,empresa
3,150,13,1,anual,centro,premium
1,31.4,68,0,mensual,sur,basico
2,70.1,3,1,mensual,sur,estudiante
2,14.2,32,2,mensual,sur,basico
11,358.7,16,4,anual,sur,empresa
2,80.3,66,1,mensual,sur,estandar
1,23.7,17,2,mensual,centro,estudiante
7,42.5,66,1,mensual,costa,estandar
2,12,1,2,anual,centro,basico
2,93.5,14,2,anual,centro,premium
10,303.3,50,4,anual,norte,empresa
1,31.4,28,0,mensual,sur,estudiante
1,22.9,56,0,anual,norte,basico
4,38.1,67,2,anual,sur,estandar
3,338.9,65,2,anual,centro,premium
2,46.2,10,1,anual,costa,estandar
5,145.1,6,2,mensual,costa,estudiante
3,71.1,46,1,mensual,norte,estandar
6,723.2,65,1,anual,centro,empresa
3,13.8,16,0,mensual,norte,estudiante
1,22.3,34,1,mensual,costa,basico
2,120.7,21,2,anual,norte,estandar
1,27.8,14,1,mensual,sur,basico
1,20.7,31,2,mensual,sur,estudiante
3,41.3,30,4,anual,norte,estandar
9,468.2,51,2,anual,centro,empresa
1,16.9,8,1,anual,sur,basico
3,7.8,47,2,anual,sur,basico
2,103.6,31,0,mensual,sur,premium
6,89.2,57,1,mensual,costa,estandar
2,24,62,0,anual,sur,basico
1,22.1,22,2,mensual,sur,basico
7,295.6,62,3,anual,centro,empresa
3,12.1,55,2,mensual,centro,basico
2,13.1,70,0,anual,sur,basico
2,79.1,12,1,anual,centro,estandar
6,293.5,35,3,anual,sur,premium
6,310.1,15,2,mensual,sur,empresa
9,154.8,60,5,anual,norte,empresa
3,23.9,57,1,mensual,norte,basico
5,184.4,17,3,anual,centro,empresa
20,197.2,15,1,anual,costa,empresa
2,14.1,64,2,mensual,costa,basico
2,72.8,34,4,mensual,centro,estandar
2,77.9,45,1,anual,sur,estandar
3,274.9,50,1,mensual,costa,premium
4,800.8,34,3,mensual,costa,empresa
6,365.3,65,2,mensual,centro,premium
2,19,3,1,mensual,costa,basico
14,342.1,42,2,anual,centro,empresa
2,48.6,17,1,mensual,centro,estandar
3,286,71,3,mensual,sur,empresa
7,140,47,3,anual,costa,premium
1,33,4,2,mensual,centro,estudiante
4,232.8,50,3,anual,centro,empresa
3,43.4,63,1,anual,centro,estandar
2,37.5,21,2,mensual,norte,basico
2,67.4,26,2,anual,centro,estandar
3,35.8,2,2,mensual,costa,estandar
2,28.7,8,0,mensual,sur,estudiante
1,24.3,20,1,anual,centro,basico
8,235.1,13,2,mensual,costa,empresa
2,32.2,67,1,mensual,sur,estandar
1,12.5,43,2,mensual,centro,basico
5,99.8,52,3,anual,centro,premium
2,22.1,27,1,mensual,norte,estudiante
3,146.5,8,2,mensual,centro,estandar
4,127.1,66,0,mensual,costa,premium
2,14.6,60,0,anual,norte,basico
1,28.7,17,0,mensual,costa,estudiante
4,97.8,31,2,mensual,centro,estandar
2,185.9,7,4,anual,costa,premium
1,33.8,34,0,anual,sur,estudiante
4,134.5,72,0,anual,centro,premium
1,35,41,3,mensual,centro,basico
1,70.6,8,3,mensual,norte,estandar
2,13.4,22,2,mensual,costa,basico
7,237.7,69,5,anual,costa,empresa
2,22.6,46,0,mensual,costa,basico
2,38.4,45,2,anual,costa,basico
9,236,66,3,anual,sur,empresa
3,45.4,62,0,mensual,sur,estandar
3,240.5,28,0,anual,norte,premium
2,18.2,23,1,anual,centro,basico
1,50.7,44,1,mensual,norte,basico
3,164,59,1,mensual,centro,premium
1,19.1,37,0,mensual,sur,basico
3,36.6,35,3,mensual,centro,estandar
5,76.4,27,2,anual,centro,premium
1,68.1,8,1,mensual,sur,estandar
1,18.9,50,3,mensual,costa,basico
2,90.8,12,2,anual,centro,premium
1,53.7,30,1,mensual,centro,estudiante
3,57.3,61,1,anual,norte,estandar
12,129.4,71,2,mensual,costa,empresa
2,25.5,23,1,anual,sur,basico
1,56.4,6,1,mensual,centro,basico
7,260.8,14,3,anual,centro,empresa
3,74.8,11,1,mensual,sur,estandar
1,23.5,37,1,mensual,centro,basico
4,25.2,35,2,mensual,norte,basico
4,134.2,3,5,mensual,costa,empresa
5,421,54,4,mensual,centro,empresa
2,25.5,59,2,mensual,centro,basico
1,31.1,5,0,anual,costa,estudiante
1,10.5,1,0,mensual,norte,basico
22,289,68,6,anual,centro,empresa
2,22.6,7,1,anual,centro,basico
1,64.1,20,3,anual,costa,estandar
3,140.3,29,2,mensual,centro,premium
2,115.6,12,1,mensual,norte,premium
2,20.6,19,0,anual,costa,basico
2,64.3,22,3,anual,centro,premium
3,68.5,55,1,anual,norte,premium
12,224.4,52,5,anual,centro,empresa
2,115.9,43,3,anual,norte,estandar
1,97,13,3,mensual,norte,premium
4,169.9,64,2,anual,sur,premium
1,12.5,11,1,anual,norte,basico
8,442.1,2,5,mensual,centro,empresa
7,65.1,38,2,anual,centro,premium
2,16.6,50,2,mensual,sur,basico
3,22.8,34,0,mensual,costa,estudiante
9,106.4,66,5,anual,norte,premium
1,17,63,0,mensual,costa,basico
1,10.2,60,0,mensual,norte,basico
1,33.4,4,3,mensual,sur,basico
3,9.1,21,1,mensual,norte,basico
2,16.9,66,0,mensual,centro,basico
5,26.2,31,1,anual,norte,estandar
8,189.2,44,5,anual,centro,empresa
2,20.8,29,3,mensual,norte,estudiante
4,160.8,3,1,anual,norte,premium
1,29.7,21,2,mensual,norte,estudiante
1,10.5,2,2,anual,centro,basico
4,130.1,7,2,anual,costa,premium
3,96.7,8,1,anual,sur,estandar
3,8.4,7,1,anual,norte,basico
2,74.5,35,1,anual,sur,estandar
1,43.5,42,3,anual,costa,basico
4,25.2,15,2,mensual,norte,estandar
1,30.3,39,2,anual,sur,basico
9,238.3,55,3,mensual,norte,empresa
2,50.3,21,2,anual,norte,estandar
6,153.2,52,4,mensual,norte,empresa
2,20.7,34,2,mensual,sur,basico
2,81.3,14,2,mensual,costa,estandar
2,18.5,51,2,mensual,norte,basico
4,81,71,2,mensual,costa,estandar
4,67.3,56,1,mensual,costa,estandar
2,47,23,2,anual,norte,estudiante
3,78.2,39,2,mensual,costa,premium
1,42.2,18,2,anual,norte,estudiante
2,27.8,42,0,mensual,centro,basico
1,40.6,10,1,mensual,centro,estudiante
5,158.8,49,3,anual,norte,empresa
2,18,51,2,anual,sur,basico
2,48.4,52,2,mensual,sur,basico
2,132,8,1,anual,centro,premium
2,8,47,2,anual,centro,basico
4,24.6,53,2,anual,sur,basico
1,130.3,30,1,anual,centro,premium
6,170.1,46,1,mensual,centro,premium
7,590.2,58,2,anual,costa,empresa
7,194.1,51,3,mensual,sur,empresa
2,85.7,71,1,mensual,centro,estandar
4,32.4,72,0,mensual,centro,estandar
7,125.3,49,3,mensual,centro,premium
2,34.2,54,0,mensual,norte,basico
1,53.9,4,3,mensual,costa,estudiante
2,35.6,24,0,mensual,costa,basico
1,19.4,36,2,mensual,centro,estudiante
8,137.8,55,3,mensual,sur,premium
1,25.4,18,0,mensual,centro,estudiante
1,16.9,55,1,mensual,norte,basico
5,453.5,28,2,anual,centro,empresa
2,188.6,8,2,anual,costa,estandar
2,13.8,50,1,mensual,norte,basico
1,26.6,5,0,mensual,norte,basico
2,62.3,42,1,mensual,norte,estandar
3,60.1,53,3,anual,costa,estandar
1,10.3,71,0,mensual,norte,basico
1,35.5,16,0,mensual,centro,estudiante
3,35.7,16,1,mensual,costa,basico
11,122.3,13,2,mensual,centro,empresa
5,205.5,69,2,mensual,sur,premium
1,21.6,38,2,mensual,sur,basico
7,295.5,70,2,mensual,centro,premium
6,104.9,22,2,anual,costa,premium
4,37.4,6,3,anual,centro,estandar
2,49.3,59,2,mensual,centro,basico
3,18.1,9,1,mensual,centro,basico
2,30.5,1,1,mensual,sur,estudiante
4,71,35,3,anual,norte,premium
4,55.4,64,0,mensual,sur,estandar
5,110.5,31,3,mensual,norte,premium
3,199.5,60,2,anual,norte,premium
1,95.6,72,2,mensual,sur,basico
5,70,31,2,mensual,centro,premium
2,76.6,69,2,mensual,centro,premium
1,16.1,67,1,anual,costa,basico
7,578.8,70,5,mensual,centro,empresa
4,68.2,37,0,anual,norte,estandar
3,57.9,36,2,anual,centro,estandar
4,41,11,2,anual,costa,estandar
1,35.1,45,3,anual,centro,basico
5,48.6,13,2,mensual,norte,basico
3,37.4,3,3,anual,norte,estandar
1,17,16,2,mensual,sur,basico
2,15.1,2,1,anual,costa,basico
2,14.9,14,1,anual,costa,estudiante
2,16.1,67,1,mensual,sur,basico
7,287,63,3,mensual,sur,empresa
8,206.1,36,2,anual,norte,empresa
7,518,9,2,mensual,sur,premium
3,83.3,28,2,mensual,norte,premium
14,441.7,53,5,anual,sur,empresa
2,113,66,1,anual,centro,premium
3,160.4,71,4,anual,sur,estandar
1,21.2,20,2,mensual,sur,estudiante
3,51.5,41,2,mensual,norte,estandar
4,32.5,42,1,mensual,norte,estandar
1,8.4,62,1,mensual,sur,basico
2,104.5,3,1,mensual,sur,premium
8,165.4,32,4,mensual,sur,empresa
4,95.8,25,2,anual,costa,premium
1,15.6,38,0,mensual,norte,basico
2,41.9,1,3,anual,costa,estudiante
2,61.2,72,2,anual,centro,estandar
3,106.1,51,1,anual,sur,premium
1,33.8,60,1,mensual,costa,basico
1,70,64,0,mensual,costa,basico
5,243.4,4,3,mensual,sur,premium
1,12.4,19,2,anual,sur,basico
1,29.7,12,0,mensual,sur,basico
1,91.4,50,1,anual,norte,estandar
8,463.7,51,3,anual,norte,empresa
1,91.2,24,3,mensual,sur,estandar
1,22.2,32,1,mensual,sur,estudiante
1,10.2,15,2,anual,norte,basico
2,7.8,19,2,anual,norte,basico
3,26.5,45,4,mensual,costa,basico
2,23.3,9,2,mensual,norte,estudiante
1,29.8,8,0,mensual,norte,basico
1,30.7,28,1,anual,centro,estudiante
2,89.1,60,3,anual,costa,estandar
2,53,4,0,mensual,norte,estudiante
5,411.1,67,2,mensual,costa,premium
2,107.5,2,2,anual,sur,premium
2,51.5,56,1,anual,costa,estandar
2,79.8,5,1,anual,costa,premium
8,114.6,6,2,anual,costa,empresa
1,64.5,52,0,anual,costa,basico
6,111.9,43,2,anual,sur,premium
3,50.9,62,1,mensual,costa,estandar
1,52.4,24,2,mensual,norte,basico
1,56.8,12,1,mensual,centro,basico
3,9.4,68,2,mensual,centro,basico
2,48.9,27,0,mensual,norte,estudiante
1,28.1,71,1,anual,centro,basico
3,85.7,1,1,anual,centro,premium
2,57.7,45,0,mensual,sur,basico
3,162.5,2,3,mensual,centro,premium
5,275.2,48,2,mensual,sur,empresa
2,51.1,65,3,anual,centro,estandar
1,15.2,57,2,anual,norte,basico
2,14,10,3,mensual,costa,basico
3,15.8,18,3,mensual,costa,basico
2,12.6,48,0,mensual,costa,basico
2,129.9,26,2,anual,norte,premium
5,425,59,4,anual,norte,empresa
1,19.5,17,1,anual,sur,basico
5,416.9,2,4,anual,costa,empresa
4,659.8,46,1,anual,costa,premium
5,545,39,2,anual,costa,empresa
1,39.3,5,0,mensual,norte,basico
5,21.5,71,3,mensual,sur,estandar
2,13.9,28,3,mensual,sur,basico
1,20.5,69,0,anual,norte,basico
5,210.1,20,3,mensual,norte,empresa
9,60.3,69,4,mensual,norte,empresa
5,84.7,19,2,mensual,centro,premium
2,75.8,51,2,anual,sur,premium
14,332.8,35,4,anual,norte,empresa
5,567,29,4,anual,centro,empresa
1,24.1,7,1,mensual,sur,basico
2,37,9,1,mensual,sur,basico
1,40.6,70,1,mensual,sur,basico
2,54.2,71,1,mensual,centro,estandar
2,89.7,21,0,anual,costa,premium
3,81.9,58,0,mensual,norte,estandar
2,10.6,67,1,mensual,costa,basico
1,14.1,13,0,mensual,sur,estudiante
1,27.5,54,0,mensual,costa,basico
3,175.9,38,3,mensual,norte,estandar
2,29.8,57,0,mensual,norte,basico
1,52.3,7,3,mensual,sur,estudiante
5,99,9,3,anual,centro,premium
3,26.8,8,0,anual,sur,estudiante
2,154.3,65,3,anual,costa,estandar
1,15.5,58,0,mensual,centro,basico
2,40.3,55,1,mensual,sur,basico
2,58.9,70,1,anual,centro,estandar
2,13.9,11,2,anual,sur,basico
4,29.5,55,2,anual,sur,estandar
5,145,42,3,anual,centro,premium
1,16.9,22,1,anual,centro,basico
5,148.3,8,1,anual,norte,premium
3,96.1,28,4,anual,costa,empresa
3,43.1,58,3,mensual,norte,estandar
2,10.8,70,1,mensual,centro,basico
2,17.3,63,0,mensual,sur,basico
1,15.5,16,0,anual,norte,basico
3,165.4,72,2,mensual,centro,premium
8,202.3,60,2,anual,centro,empresa
12,227.5,46,4,anual,costa,empresa
1,6.1,31,1,mensual,costa,basico
3,46.7,67,1,mensual,costa,estandar
3,20.9,10,1,mensual,costa,estudiante
1,31.6,14,3,anual,sur,basico
4,410.3,20,3,mensual,sur,premium
7,212.8,11,4,mensual,norte,empresa
3,287.7,48,1,mensual,sur,premium
3,249.2,31,2,mensual,sur,premium
1,11.2,26,1,mensual,norte,basico
4,154.8,64,2,anual,centro,premium
7,128.3,43,2,anual,norte,empresa
4,310.4,8,2,mensual,sur,premium
1,119.5,59,2,mensual,costa,estandar
1,16.5,4,3,mensual,centro,basico
3,142.5,13,3,anual,centro,premium
5,55.3,36,3,mensual,norte,estandar
3,49.7,47,3,mensual,centro,estandar
11,150.2,30,2,mensual,costa,empresa
1,19,39,0,mensual,norte,basico
2,110.5,48,3,anual,sur,estandar
2,22.3,10,0,anual,centro,basico
2,10.9,51,2,anual,costa,basico
1,42.1,2,2,anual,norte,estudiante
8,349.3,66,3,anual,centro,empresa
1,64.3,9,0,mensual,sur,estudiante
2,22.1,62,1,mensual,sur,basico
1,34.1,14,0,mensual,sur,basico
2,54.1,46,2,mensual,centro,estandar
3,14.9,49,2,mensual,centro,basico
4,111.5,55,1,anual,costa,estandar
1,18.9,21,4,mensual,norte,basico
2,194.7,3,0,anual,norte,premium
3,120,48,1,mensual,norte,estandar
5,27.1,43,0,mensual,costa,basico
1,15.6,35,1,mensual,centro,basico
4,143.8,55,1,anual,costa,premium
1,179,39,2,anual,norte,estandar
9,162.9,63,2,mensual,sur,premium
1,14.8,5,3,mensual,norte,basico
4,138.7,21,1,mensual,sur,estandar
1,6,1,0,anual,costa,basico
7,365.2,30,4,mensual,costa,empresa
3,245.7,12,2,anual,costa,empresa
2,15.6,67,2,mensual,centro,basico
1,14.2,43,0,mensual,costa,basico
1,30.3,46,1,mensual,centro,basico
7,238.8,19,3,anual,norte,empresa
1,7.3,65,2,anual,sur,basico
3,77.4,3,1,anual,centro,estandar
3,61,35,1,mensual,norte,estudiante
3,48.5,47,1,mensual,costa,estandar
2,20.6,34,1,mensual,costa,basico
2,65.5,29,2,mensual,sur,estandar
1,7.4,71,1,mensual,centro,basico
2,16.4,17,0,mensual,sur,estudiante
1,25.3,15,0,mensual,centro,estudiante
4,29,5,3,mensual,sur,basico
1,16.1,5,1,mensual,centro,basico
5,71,36,2,mensual,centro,estandar
2,55.3,68,1,anual,sur,estandar
3,26.3,54,1,anual,centro,basico
1,59.1,5,1,mensual,norte,estudiante
2,32,66,1,mensual,sur,estandar
1,165.8,5,0,mensual,sur,estandar
1,36.7,71,2,anual,sur,estandar
1,18.6,12,0,anual,norte,estandar
2,35.3,3,2,mensual,norte,basico
2,92.3,26,1,mensual,norte,estandar
1,17.9,65,1,mensual,costa,basico
2,113.3,71,2,anual,norte,premium
2,10,24,0,mensual,centro,basico
2,8.4,55,2,anual,sur,basico
2,51.4,27,0,mensual,centro,estudiante
2,14.8,38,0,mensual,sur,basico
2,60.1,45,4,anual,costa,estandar
2,29.9,29,3,mensual,norte,estandar
2,11.6,36,1,mensual,sur,basico
1,11.9,63,3,anual,centro,basico
3,16.6,69,1,mensual,norte,basico
2,21.4,55,2,mensual,centro,basico
1,23.5,29,3,mensual,costa,basico
9,312.9,9,5,mensual,costa,empresa
1,70.4,42,0,mensual,costa,basico
3,27.7,66,5,anual,norte,estandar
2,42.6,52,0,mensual,norte,basico
2,130.8,62,0,anual,costa,estandar
4,16.3,35,0,mensual,centro,estandar
1,44.7,33,0,mensual,centro,estudiante
14,34.2,13,4,anual,sur,empresa
1,18.1,59,0,anual,norte,basico
1,23.1,5,0,anual,centro,basico
2,12.9,33,0,mensual,norte,basico
3,86.1,48,3,mensual,centro,estandar
1,34.8,21,0,mensual,costa,basico
3,20.4,52,1,mensual,sur,basico
1,13.9,66,3,anual,norte,basico
4,35.7,72,4,anual,costa,estandar
2,33.8,6,2,mensual,costa,estudiante
8,89.2,70,3,anual,centro,empresa
1,15.7,1,2,mensual,costa,basico
3,127.1,44,3,mensual,centro,premium
3,175.7,20,2,anual,centro,premium
1,26.5,8,2,anual,costa,estudiante
2,32.2,1,2,mensual,norte,estandar
1,11,35,0,mensual,costa,basico
3,120.7,5,2,anual,norte,estandar
1,22,55,2,anual,norte,basico
1,15.9,55,2,anual,centro,basico
2,31.7,17,2,mensual,costa,estandar
4,114,12,1,anual,sur,premium
7,425.4,27,5,mensual,norte,empresa
2,39.6,34,3,anual,norte,estandar
2,15,32,0,mensual,norte,basico
6,215.2,58,2,anual,norte,empresa
4,41.1,52,1,mensual,norte,premium
1,21.7,21,1,mensual,centro,basico
3,94.7,66,1,mensual,sur,estandar
1,25.3,28,0,anual,sur,estandar
3,15.5,11,0,mensual,sur,basico
8,49.9,29,3,anual,costa,premium
2,3.8,72,1,anual,centro,basico
2,75.6,66,1,mensual,sur,estandar
3,15.2,45,1,anual,sur,basico
5,290.7,46,3,anual,norte,empresa
6,101.4,32,3,mensual,sur,premium
6,171.7,27,5,anual,centro,empresa
1,28.2,27,2,mensual,sur,basico
1,20.2,3,0,mensual,sur,estudiante
2,35.1,48,1,mensual,norte,basico
6,470.1,38,3,mensual,norte,empresa
1,13.3,24,2,anual,centro,basico
3,84.8,46,5,mensual,centro,estandar
3,36.1,52,2,mensual,costa,estandar
1,40.9,40,0,mensual,costa,estandar
8,295.1,22,4,anual,centro,premium
1,54.2,24,0,mensual,centro,estandar
8,74.6,48,1,anual,norte,premium
3,17,50,0,mensual,centro,estandar
2,25.7,17,1,anual,centro,basico
6,530.9,21,4,anual,centro,empresa
3,620,62,2,mensual,norte,premium
2,107.9,49,1,mensual,norte,estandar
1,15,26,1,mensual,sur,basico
2,24.2,54,1,mensual,centro,basico
2,24.1,41,3,anual,sur,estandar
1,21.1,26,0,mensual,costa,basico
5,101,54,5,anual,sur,empresa
3,190.4,53,3,mensual,norte,premium
1,48.4,24,1,anual,norte,estandar
1,10.9,2,0,anual,sur,basico
2,56.3,6,2,mensual,sur,estandar
1,28.9,53,0,anual,sur,basico
5,437.5,22,1,anual,costa,premium
2,159.3,30,1,mensual,norte,premium
1,16.1,59,1,mensual,centro,basico
2,14.4,22,2,anual,sur,basico
3,15.1,17,1,anual,norte,estudiante
3,174.6,61,4,anual,costa,premium
1,17.3,32,0,anual,costa,basico
6,144.2,11,5,anual,norte,empresa
6,480.8,10,3,anual,costa,empresa
5,86.2,33,0,mensual,costa,estandar
2,20.7,25,2,mensual,costa,basico
1,29.4,2,3,mensual,norte,basico
7,473.5,8,3,mensual,sur,empresa
1,12.7,4,0,mensual,centro,estudiante
4,52.8,35,0,mensual,sur,estandar
1,18.9,32,0,anual,sur,basico
4,98.9,22,1,mensual,costa,estandar
1,15.5,49,1,anual,centro,basico
3,109.5,67,0,mensual,norte,estandar
3,40.8,68,3,mensual,costa,estandar
1,14.3,36,0,mensual,centro,basico
5,184.4,44,5,mensual,norte,premium
2,57.7,53,1,mensual,centro,estandar
2,20,39,2,mensual,norte,basico
4,65,70,2,anual,sur,estandar
10,105,58,3,anual,centro,empresa
3,81.7,26,1,mensual,sur,estandar
2,44,6,2,mensual,costa,basico
1,35.9,61,1,anual,centro,basico
3,26.5,3,1,mensual,costa,basico
7,86.7,36,3,anual,norte,empresa
1,15.4,13,1,mensual,costa,basico
7,450.2,42,5,anual,sur,empresa
1,36.1,56,1,mensual,costa,basico
2,16.1,31,0,mensual,centro,basico
2,12,14,2,mensual,costa,basico
1,23.4,11,0,mensual,sur,basico
2,182.9,37,2,anual,sur,premium
1,5.6,23,1,anual,costa,basico
11,180.9,27,3,mensual,sur,premium
1,67.6,51,3,mensual,centro,estandar
2,15.5,49,1,mensual,sur,basico
1,13.8,56,0,mensual,norte,basico
1,59.5,49,0,mensual,sur,estandar
3,13,25,0,mensual,sur,basico
5,122.5,44,3,anual,norte,premium
1,14.4,65,1,mensual,costa,basico
1,9.5,16,1,mensual,sur,basico
8,180.5,57,4,anual,costa,empresa
1,31.5,50,3,mensual,sur,basico
3,7.8,45,1,mensual,sur,basico
1,30.8,15,0,mensual,sur,basico
2,11.7,60,1,anual,norte,basico
1,29.3,53,2,mensual,costa,basico
1,29.8,23,0,mensual,norte,basico
1,50.5,30,3,mensual,norte,estandar
3,40.7,47,0,mensual,centro,estandar
4,55.9,71,1,anual,costa,estandar
9,43.4,36,0,mensual,sur,estandar
1,24,20,0,mensual,norte,basico
2,41.3,29,1,mensual,costa,estandar
1,38.2,38,0,anual,sur,estandar
4,1222.5,9,4,anual,sur,empresa
3,7.3,31,1,anual,sur,basico
3,11.2,11,0,mensual,norte,basico
2,38.7,46,2,anual,norte,estandar
2,22.7,51,0,mensual,centro,basico
1,37.6,45,0,mensual,costa,estandar
4,146.7,17,2,mensual,centro,premium
2,163.1,67,5,anual,norte,premium
1,55.9,35,1,mensual,norte,estudiante
2,8.4,68,2,anual,centro,basico
3,127,54,1,mensual,costa,estandar
1,16.3,26,0,anual,sur,basico
4,110.6,8,2,mensual,norte,premium
6,96.3,7,3,anual,centro,premium
2,49.5,66,1,anual,sur,basico
1,13.3,54,1,mensual,centro,basico
1,53.3,26,1,anual,norte,estudiante
4,97.5,49,1,anual,sur,premium
12,148.4,11,2,anual,norte,empresa
2,17.6,21,1,mensual,sur,basico
9,564.9,36,3,anual,norte,empresa
2,36.8,1,2,mensual,costa,estandar
2,158.1,36,0,mensual,costa,premium
1,43.1,24,0,anual,sur,estudiante
3,296.2,63,3,anual,norte,empresa
1,49.5,15,0,mensual,centro,estudiante
2,56,47,0,anual,costa,estandar
6,178.6,42,4,mensual,norte,empresa
3,28.9,22,2,mensual,costa,basico
2,26,12,2,mensual,sur,basico
2,7.8,70,1,anual,norte,basico
4,16.2,51,1,mensual,centro,basico
5,42.4,49,1,anual,centro,estandar
2,54.5,34,1,mensual,costa,estandar
2,24.8,51,2,mensual,costa,basico
2,20.2,57,0,mensual,costa,basico
9,253.6,18,2,mensual,sur,empresa
1,30.8,52,3,mensual,costa,basico
3,69,16,2,mensual,norte,estandar
2,26.9,8,1,mensual,norte,estudiante
1,76.5,59,0,mensual,costa,estandar
2,16.7,47,0,anual,costa,basico
2,34,30,0,mensual,costa,estudiante
2,44.6,8,4,mensual,costa,estandar
1,9.8,57,1,anual,centro,basico
2,21.5,30,1,mensual,centro,basico
1,25.2,69,2,mensual,centro,basico
1,25,53,1,anual,costa,basico
5,279.4,37,1,mensual,costa,premium
3,40.2,12,1,anual,norte,basico
1,34.4,10,2,mensual,sur,estudiante
1,96.8,23,3,mensual,norte,estandar
3,55.5,60,3,mensual,costa,estandar
2,41.5,30,1,mensual,sur,estandar
5,234.9,41,6,anual,costa,empresa
5,49.1,39,2,mensual,costa,estandar
2,47.9,57,1,mensual,sur,estandar
4,437.8,26,1,anual,sur,premium
1,82.3,8,2,anual,norte,estandar
5,192.6,63,1,mensual,costa,premium
1,44.7,12,2,anual,costa,basico
1,57.3,28,1,anual,norte,estudiante
1,65.9,4,0,mensual,centro,estudiante
1,44.2,26,1,mensual,sur,estudiante
1,31.6,5,1,mensual,centro,estudiante
4,126,71,4,anual,sur,premium
6,231.6,62,2,anual,norte,empresa
1,7.5,40,1,mensual,centro,basico
2,39.8,11,1,anual,sur,estandar
2,77.9,62,2,mensual,centro,estandar
3,36.8,70,3,anual,sur,estandar
1,36,14,0,anual,centro,basico
2,80.3,45,0,mensual,norte,estandar
2,51.3,56,0,anual,centro,basico
2,63.3,72,0,anual,sur,estandar
1,36.6,66,1,mensual,sur,basico
1,25.3,53,1,mensual,sur,basico
6,34.2,16,0,anual,norte,estandar
4,165.9,53,3,anual,centro,premium
12,315.7,50,2,mensual,centro,empresa
2,76.8,30,2,mensual,norte,estudiante
3,17.8,59,4,mensual,sur,estandar
2,66.1,33,1,mensual,norte,basico
1,12.8,5,1,anual,costa,basico
1,19.6,38,2,anual,costa,basico
8,533.7,30,3,mensual,costa,empresa
2,45.3,36,4,anual,costa,estandar
2,32.1,17,1,mensual,sur,basico
5,74.6,69,2,mensual,centro,basico
1,24.6,65,2,mensual,centro,basico
4,23.6,28,2,mensual,norte,basico
5,115,41,3,anual,costa,empresa
1,92.1,46,3,mensual,costa,estandar
3,46.5,1,2,anual,norte,estandar
3,196.1,35,2,mensual,costa,premium
1,55.2,31,0,mensual,sur,estandar
6,202,48,1,mensual,sur,premium
7,232.7,7,1,mensual,norte,premium
2,86.1,3,1,anual,centro,estandar
7,329.4,52,4,mensual,norte,empresa
1,48.9,3,0,mensual,centro,basico
3,34,71,2,anual,sur,basico
2,26.6,21,1,anual,centro,basico
8,160.9,71,3,anual,sur,empresa
7,81.2,51,1,anual,costa,premium
2,11.4,18,3,anual,norte,estudiante
9,294.3,36,2,anual,costa,empresa
3,126.5,69,2,mensual,norte,premium
2,22.8,17,0,anual,centro,basico
2,9.5,16,1,anual,costa,basico
1,43.2,72,1,mensual,sur,basico
2,18.4,2,3,mensual,costa,basico
1,64.5,45,1,mensual,centro,basico
3,39.4,51,2,anual,norte,estandar
1,17,40,0,mensual,costa,basico
3,71.6,46,2,mensual,sur,estandar
4,78.5,43,3,mensual,centro,empresa
5,60.3,34,3,anual,norte,estandar
2,150.3,22,4,mensual,costa,premium
1,22.5,24,0,mensual,sur,basico
1,25.1,22,3,mensual,norte,basico
1,71.5,9,3,mensual,norte,estandar
2,22.3,18,1,anual,centro,estandar
3,241.9,15,1,mensual,sur,premium
2,65.9,46,0,mensual,costa,basico
2,58.6,57,2,anual,centro,estandar
1,56.8,9,1,mensual,centro,basico
2,16,56,2,mensual,norte,basico
2,29.9,18,2,mensual,centro,estandar
8,216,39,2,anual,norte,empresa
1,14.5,30,3,anual,costa,basico
7,99.4,66,2,mensual,costa,estandar
2,16.2,35,0,mensual,costa,estudiante
3,142.7,69,2,mensual,sur,estandar
1,36.1,65,0,anual,norte,basico
8,109.6,51,3,anual,norte,empresa
2,46.4,32,0,anual,norte,estudiante
2,8.5,35,3,anual,costa,basico
2,99.5,28,2,mensual,centro,estandar
2,23.5,67,0,mensual,costa,basico
2,41,17,1,anual,norte,estandar
3,119.3,67,3,anual,centro,estandar
1,18.4,40,1,mensual,costa,basico
9,696.5,12,2,mensual,costa,empresa
3,13.1,57,0,mensual,costa,basico
1,23.7,21,0,anual,centro,basico
2,28.2,49,2,anual,norte,basico
6,256.7,26,2,mensual,sur,premium
1,9.5,59,0,anual,norte,basico
2,14.7,1,2,mensual,costa,basico
2,34.8,17,0,mensual,costa,estudiante
3,322.6,26,0,mensual,sur,premium
3,135,35,2,anual,sur,premium
3,43.6,32,2,anual,centro,estandar
1,46.6,26,1,mensual,norte,estudiante
1,14.8,4,1,mensual,norte,basico
8,598.3,46,3,anual,sur,empresa
3,60.1,16,0,mensual,sur,estudiante
2,79.8,22,0,mensual,centro,estandar
9,330.2,31,2,anual,costa,empresa
3,93,1,0,mensual,centro,estudiante
3,85.6,35,4,anual,costa,estandar
1,32,5,1,mensual,centro,estudiante
3,51,51,0,mensual,sur,estandar
3,78.4,54,2,anual,norte,empresa
1,20.5,41,1,anual,sur,basico
2,112.2,5,3,mensual,sur,estandar
3,12.8,36,2,mensual,centro,basico
2,86.4,45,2,mensual,sur,estandar
4,242.2,25,2,mensual,norte,premium
2,121.1,39,1,mensual,norte,premium
1,67.5,39,2,anual,norte,estandar
1,12,66,2,mensual,centro,basico
6,199.6,72,5,mensual,centro,empresa
4,88.5,63,0,mensual,norte,estandar
2,43.7,21,1,mensual,costa,estandar
4,26.5,41,2,mensual,costa,basico
3,83,55,2,anual,sur,estandar
1,36.6,41,0,mensual,norte,basico
3,67.5,51,1,anual,norte,premium
2,16.5,45,3,mensual,centro,basico
3,51.5,62,3,anual,centro,estandar
2,144.8,12,2,anual,norte,estandar
2,33.3,10,0,mensual,costa,basico
1,29.9,65,1,anual,norte,basico
4,259,30,3,anual,norte,empresa
1,12,56,2,anual,centro,basico
1,19.9,20,0,mensual,costa,estudiante
4,39.8,39,1,mensual,norte,estandar
3,34.4,32,1,mensual,costa,basico
4,337.7,32,4,mensual,sur,premium
2,17.7,18,2,anual,sur,basico
1,58.9,8,2,anual,norte,estandar
3,37.1,58,3,anual,centro,estandar
1,12.7,17,0,mensual,costa,basico
4,382.1,59,4,anual,centro,empresa
4,64,58,2,mensual,sur,estandar
8,339.8,33,5,anual,norte,empresa
1,26.5,72,2,anual,sur,basico
11,199.7,47,4,mensual,centro,empresa
1,12.3,43,0,mensual,centro,basico
3,129.1,57,2,anual,norte,premium
4,140.9,3,1,anual,sur,premium
1,17.8,28,2,mensual,centro,basico
5,68.9,10,3,anual,costa,premium
1,27.3,71,1,anual,sur,basico
3,75.3,26,1,mensual,norte,estandar
3,118.1,19,2,anual,centro,estandar
2,10.3,41,2,mensual,costa,basico
2,20.3,65,0,mensual,norte,basico
1,35.7,13,2,mensual,norte,estudiante
2,39,65,2,mensual,sur,basico
2,63.3,27,1,mensual,sur,estandar
1,12.3,4,0,mensual,sur,basico
2,14.4,6,0,anual,costa,estudiante
1,32.5,3,1,mensual,costa,estandar
1,54.4,72,0,mensual,sur,basico
1,15.3,68,0,mensual,sur,basico
1,33,26,2,mensual,norte,estudiante
9,222.5,39,5,anual,costa,empresa
11,141.6,61,1,anual,sur,empresa
9,252.8,37,5,mensual,costa,empresa
2,90.6,17,1,anual,norte,estandar
6,247.9,4,2,anual,norte,empresa
1,23.5,25,1,mensual,costa,basico
2,64,31,3,mensual,costa,estudiante
1,18,20,2,mensual,centro,estandar
7,103.9,35,3,anual,costa,premium
4,401.3,69,4,mensual,sur,empresa
3,53.9,61,1,anual,costa,estandar
1,35.4,64,0,mensual,norte,basico
4,279.7,22,2,mensual,centro,premium
2,21.9,11,1,mensual,costa,basico
7,322.7,12,3,anual,sur,empresa
2,16.1,27,0,mensual,norte,estudiante
2,43.7,27,2,mensual,sur,estandar
9,360.3,71,3,mensual,sur,empresa
4,136.1,36,0,mensual,centro,premium
3,114.2,25,1,mensual,sur,estandar
1,15.7,72,0,mensual,sur,basico
1,46.9,49,1,mensual,centro,basico
1,24.8,43,2,anual,centro,basico
2,23.8,32,1,mensual,costa,basico
3,128.2,24,3,anual,sur,premium
2,53.5,9,2,mensual,centro,estandar
2,18.6,72,0,mensual,norte,basico
2,18.5,38,2,anual,costa,basico
4,89.2,17,1,anual,costa,estandar
3,9.9,3,1,anual,costa,basico
2,47.1,17,0,mensual,costa,estandar
3,30.3,42,1,mensual,centro,estandar
5,303.2,56,4,mensual,sur,empresa
1,21,17,1,mensual,costa,basico
2,52.1,72,2,mensual,centro,estandar
1,6.1,51,1,anual,norte,basico
2,23,36,4,anual,costa,estandar
2,21.8,48,2,mensual,costa,estandar
3,371.4,21,1,anual,centro,premium
2,8.8,22,3,mensual,sur,basico
5,15.2,68,3,mensual,centro,estandar
2,12.9,61,3,mensual,centro,basico
7,198.2,52,3,anual,norte,premium
2,23.2,33,0,mensual,centro,basico
7,300.5,13,3,mensual,costa,empresa
3,51.8,48,4,mensual,centro,estandar
1,45.7,39,1,mensual,sur,basico
5,455.4,16,4,mensual,costa,empresa
4,31.6,25,0,mensual,centro,estudiante
3,41,56,2,mensual,sur,estandar
1,22.8,55,0,anual,centro,basico
2,10.1,21,1,anual,centro,basico
3,8.1,47,1,mensual,norte,basico
3,495.6,25,1,mensual,sur,premium
2,40.5,8,2,mensual,centro,estandar
1,20.8,56,2,mensual,sur,basico
1,22.5,23,0,mensual,norte,basico
9,425.1,7,4,mensual,centro,empresa
1,24.3,23,1,mensual,costa,basico
1,30.7,26,1,mensual,sur,estandar
1,26.9,36,0,mensual,norte,basico
2,31,58,0,mensual,norte,basico
2,83.2,60,2,mensual,norte,estandar
1,15.6,64,2,mensual,costa,basico
4,113.4,70,5,anual,centro,premium
1,39.2,70,1,mensual,sur,basico
1,30.3,3,0,mensual,centro,estudiante
3,24.6,20,4,mensual,costa,estandar
3,18.5,13,1,mensual,centro,basico
2,15.5,7,2,mensual,costa,estudiante
1,33.3,64,1,mensual,centro,basico
1,6.2,35,1,mensual,centro,basico
2,27.1,46,2,mensual,centro,basico
1,37,19,1,anual,norte,basico
3,332.8,18,0,mensual,costa,premium
10,153.5,60,1,anual,costa,premium
1,25.5,62,2,mensual,norte,basico
3,81.6,61,1,mensual,norte,estandar
3,32.2,21,2,anual,norte,basico
2,7.6,59,2,mensual,sur,basico
2,6.7,37,2,anual,costa,basico
2,10.6,41,1,mensual,norte,basico
3,87.2,38,1,mensual,costa,estandar
4,161.9,19,3,anual,norte,premium
4,16.8,18,0,mensual,centro,basico
8,179.8,19,4,anual,sur,empresa
2,23.3,18,0,anual,costa,basico
2,24,60,1,mensual,sur,estandar
6,180.5,8,1,anual,centro,premium
6,22.9,67,1,mensual,norte,basico
2,54.7,24,0,anual,costa,basico
6,155.9,13,4,anual,centro,empresa
7,252.2,45,1,anual,sur,empresa
1,16.5,24,0,mensual,sur,basico
4,125.3,39,3,mensual,centro,premium
1,51.2,1,2,anual,sur,estandar
2,30.9,19,0,mensual,costa,basico
4,37.5,23,1,mensual,sur,estandar
2,30.1,45,2,mensual,norte,basico
1,21,35,1,anual,norte,basico
2,4.7,66,1,mensual,costa,basico
1,25.4,65,1,mensual,centro,basico
3,89.9,3,1,anual,costa,premium
2,68.8,32,0,mensual,centro,estandar
1,9.9,21,2,anual,centro,basico
6,120.5,61,1,mensual,costa,premium
3,49.9,33,2,mensual,costa,estandar
3,234.8,44,2,mensual,sur,estandar
2,19.5,24,1,mensual,centro,basico
2,7.6,24,0,mensual,norte,estudiante
3,41.8,32,1,anual,centro,premium
3,50.9,12,1,anual,centro,estandar
2,19.8,59,0,mensual,costa,basico
2,27.5,14,0,mensual,costa,basico
6,67.9,61,4,mensual,costa,estandar
3,27.5,3,3,mensual,costa,estandar
2,49.6,2,1,mensual,centro,basico
1,43.4,29,0,mensual,sur,basico
1,88,33,4,mensual,sur,estandar
5,133.9,43,2,mensual,centro,premium
2,27.1,63,0,mensual,sur,basico
1,23.3,62,1,anual,centro,basico
4,68.3,66,0,anual,sur,premium
1,13.4,64,3,mensual,centro,basico
2,90.5,4,1,mensual,centro,estandar
2,93.6,66,1,anual,centro,estandar
3,16.3,62,2,mensual,norte,basico
4,171.7,5,3,mensual,sur,premium
2,19.9,52,0,anual,costa,basico
1,32.8,42,2,mensual,costa,estandar
3,104.6,4,2,anual,costa,estandar
6,258.1,25,3,mensual,centro,empresa
4,229.7,12,4,anual,centro,empresa
3,48.7,42,1,mensual,costa,estandar
1,14.4,3,0,mensual,sur,basico
8,125,51,5,anual,centro,premium
3,36.1,22,1,mensual,costa,basico
2,16.4,61,0,mensual,centro,basico
1,19.3,8,1,mensual,costa,basico
5,55.5,70,2,mensual,costa,estandar
8,175.6,60,1,mensual,norte,premium
1,26.2,34,0,mensual,costa,estudiante
2,66.2,3,1,anual,costa,premium
1,33.4,9,2,mensual,costa,estudiante
1,66.3,19,0,mensual,costa,estandar
1,9.2,11,1,anual,costa,basico
6,67.8,60,3,mensual,sur,empresa
4,30.1,71,1,anual,norte,estandar
1,22.4,70,0,mensual,sur,basico
1,68,57,1,anual,costa,estandar
3,150.4,22,4,mensual,centro,premium
16,112.6,17,4,mensual,centro,empresa
1,23.8,18,0,mensual,costa,basico
7,185.9,69,4,anual,costa,empresa
3,1210.4,56,4,anual,sur,empresa
2,26.3,42,2,mensual,norte,estandar
2,12.4,16,0,mensual,costa,basico
3,57.5,31,1,mensual,sur,estandar
3,39.2,37,2,mensual,costa,estandar
4,250.7,17,1,mensual,costa,premium
2,243.2,38,1,anual,centro,estandar
2,7.7,69,1,mensual,centro,basico
6,105,8,4,anual,sur,premium
3,66.6,35,4,mensual,norte,estandar
1,27.1,27,0,mensual,norte,estudiante
1,35.1,13,1,mensual,norte,estudiante
2,19.9,51,2,mensual,sur,estandar
12,64.1,64,5,mensual,costa,premium
1,28.9,60,0,mensual,sur,basico
10,297.2,43,4,mensual,centro,empresa
1,53.9,25,0,anual,sur,basico
2,19.2,58,3,mensual,sur,estandar
6,110.4,5,2,anual,costa,empresa
1,47.5,54,3,mensual,sur,basico
2,59.1,28,1,mensual,centro,estandar
2,72.8,53,2,anual,norte,estandar
2,128.8,6,0,anual,centro,estandar
4,15.3,36,0,anual,sur,basico
2,58.7,55,2,anual,centro,estandar
1,24.1,32,1,anual,sur,basico
6,99.6,71,1,anual,centro,premium
1,18.4,3,0,mensual,sur,basico
2,26.2,65,2,mensual,sur,basico
4,47.3,71,2,anual,sur,estandar
1,43,57,1,anual,costa,basico
4,82.4,68,0,mensual,centro,estandar
11,334.6,68,3,anual,sur,empresa
1,24.3,21,0,mensual,sur,estudiante
1,13.6,4,2,mensual,centro,basico
3,18.2,33,3,mensual,sur,estandar
2,17,45,1,anual,costa,basico
3,28.3,1,0,mensual,costa,estudiante
9,326.7,70,5,anual,sur,empresa
4,115.9,18,2,mensual,norte,estandar
1,24.7,49,2,mensual,costa,basico
6,187,1,5,anual,sur,empresa
4,283.6,19,1,mensual,norte,premium
3,57.2,56,2,mensual,centro,estandar
2,129.8,11,1,anual,norte,premium
4,694.9,69,4,mensual,norte,empresa
3,75.9,27,2,mensual,sur,estandar
2,19.2,63,0,mensual,centro,basico
1,19.6,18,1,mensual,norte,basico
1,32.5,4,2,mensual,costa,estudiante
1,16.4,10,0,mensual,sur,basico
8,253.1,34,5,mensual,norte,empresa
1,27.4,27,0,mensual,norte,estudiante
6,132.6,36,0,anual,costa,premium
7,133.5,42,4,mensual,costa,premium
8,131.7,18,3,anual,sur,premium
3,28,42,4,mensual,sur,basico
2,24.9,14,1,mensual,centro,basico
1,88.2,66,3,anual,costa,estandar
4,58.7,69,2,anual,norte,premium
2,15.1,61,1,mensual,centro,basico
2,167,68,3,anual,centro,premium
3,25.9,46,1,anual,costa,basico
1,17.3,13,1,mensual,norte,basico
1,54.5,7,2,mensual,costa,estandar
2,11.3,38,1,mensual,costa,basico
1,19.5,51,0,mensual,centro,basico
2,107.2,25,0,mensual,sur,estandar
1,100.6,70,2,mensual,norte,estandar
2,286.4,65,5,mensual,norte,empresa
1,67.5,11,0,mensual,sur,estudiante
6,194.7,33,2,mensual,centro,premium
1,34.3,20,0,mensual,sur,estudiante
3,125.2,49,3,mensual,sur,estandar
1,33.1,48,0,mensual,norte,basico
4,29.5,40,0,mensual,costa,basico
1,12.5,40,1,mensual,costa,basico
4,141.8,8,2,mensual,norte,estandar
2,56.9,60,1,mensual,sur,premium
1,23.8,49,2,mensual,norte,basico
2,23.3,43,0,mensual,sur,basico
3,49,13,2,mensual,centro,estandar
1,16.4,40,0,anual,costa,basico
2,256,14,2,mensual,norte,premium
5,47.1,29,0,anual,centro,estandar
3,133.9,49,1,mensual,costa,premium
1,19.8,70,2,mensual,norte,basico
2,31.1,41,1,anual,costa,basico
2,16,17,2,mensual,costa,basico
12,330.3,16,4,mensual,costa,empresa
2,29.7,36,2,mensual,sur,estandar
2,22.2,53,1,mensual,centro,basico
2,5.5,21,1,mensual,centro,basico
5,265.1,14,4,mensual,costa,premium
1,25.6,67,1,mensual,costa,basico
5,121.5,71,1,mensual,sur,premium
2,40.8,53,2,anual,sur,basico
1,43.5,34,3,anual,centro,basico
3,24.7,53,2,mensual,sur,estandar
1,98.2,3,0,mensual,norte,estudiante
5,73.6,72,3,mensual,centro,premium
3,69.7,24,1,mensual,costa,estandar
1,14.8,23,2,mensual,centro,basico
1,35.2,5,3,mensual,norte,estudiante
3,59.5,31,0,mensual,norte,estandar
3,83.7,70,2,anual,sur,premium
7,313,57,3,anual,norte,empresa
1,22.9,28,0,mensual,costa,basico
1,17.4,65,1,mensual,sur,basico
1,14.2,6,1,mensual,centro,basico
2,30.7,71,3,mensual,centro,estandar
2,17.6,12,0,mensual,centro,basico
4,221.4,56,3,anual,centro,empresa
5,129.4,46,2,anual,costa,premium
1,4.5,7,0,mensual,centro,basico
3,62,33,2,mensual,centro,estandar
1,23,26,3,mensual,sur,basico
2,27.1,56,0,anual,centro,basico
1,11.1,67,0,anual,norte,basico
7,123.7,21,2,anual,norte,empresa
3,113.6,1,2,anual,centro,premium
1,286.3,55,2,mensual,sur,premium
2,35,66,1,mensual,centro,basico
1,46.1,59,4,anual,centro,estandar
2,175.1,28,0,mensual,costa,estandar
2,33.6,38,0,mensual,sur,estandar
6,308,46,5,mensual,sur,empresa
1,67.3,54,2,mensual,sur,estandar
1,45.2,35,1,mensual,centro,estudiante
3,20.9,40,0,mensual,costa,basico
1,30.9,8,1,mensual,sur,basico
3,9.6,4,1,mensual,costa,basico
1,23.6,28,0,mensual,norte,basico
4,46.1,21,0,mensual,costa,estandar
3,60.8,38,1,anual,centro,estandar
2,29.5,24,2,mensual,sur,basico
4,70,40,2,anual,sur,estandar
7,260.7,11,4,mensual,sur,empresa
4,150,17,1,anual,costa,premium
5,208.1,70,2,anual,costa,empresa
9,447.1,21,5,anual,costa,empresa
1,174,56,2,mensual,centro,estandar
1,21.7,12,1,mensual,norte,basico
3,156.5,30,2,anual,centro,premium
2,9.9,20,2,mensual,norte,basico
1,23.2,40,3,mensual,norte,basico
2,16.3,23,1,mensual,costa,basico
4,205.9,21,3,anual,norte,premium
3,25.1,25,1,mensual,sur,basico
7,177.9,19,2,anual,costa,empresa
4,23.7,72,0,mensual,centro,basico
7,36.1,45,0,mensual,centro,estandar
1,39.2,6,1,mensual,centro,basico
3,26.6,19,0,mensual,sur,basico
5,88.4,63,3,mensual,sur,estandar
1,24.6,8,2,anual,sur,basico
2,20.8,19,0,mensual,norte,basico
1,21,36,0,anual,costa,basico
9,130.2,59,2,anual,costa,premium
7,146.8,29,3,anual,sur,premium
1,16.9,40,2,mensual,centro,basico
3,45.2,22,1,mensual,sur,estudiante
3,67.6,61,0,anual,centro,estandar
6,501.7,6,2,mensual,norte,empresa
5,166.2,43,3,mensual,norte,premium
1,53.7,40,0,mensual,costa,basico
5,144,18,4,anual,costa,empresa
1,88.7,36,1,mensual,sur,basico
1,220.6,4,2,mensual,sur,estandar
4,5.7,62,3,anual,sur,basico
4,113.9,34,2,anual,norte,premium
1,11.8,3,0,mensual,norte,basico
3,243.2,37,3,anual,centro,premium
1,12.4,23,3,mensual,costa,basico
4,132.9,4,3,anual,norte,premium
1,26.9,42,0,anual,costa,basico
9,104.9,6,3,mensual,sur,premium
5,496.1,41,4,anual,sur,empresa
7,201.5,29,1,anual,norte,empresa
2,18.1,46,0,mensual,costa,basico
1,47.3,33,0,mensual,norte,estudiante
2,29.7,27,2,anual,norte,estandar
2,73.5,19,1,anual,costa,estandar
7,158.8,3,1,mensual,norte,empresa
1,45.8,41,2,mensual,centro,estandar
2,104.4,14,3,anual,costa,estandar
7,351.7,58,1,anual,centro,empresa
4,29.4,2,1,mensual,centro,estandar
4,19.8,66,2,anual,centro,basico
1,26.3,31,2,mensual,centro,estudiante
2,15.3,33,3,mensual,costa,basico
1,76,56,0,mensual,costa,estandar
6,218.6,68,1,anual,norte,premium
1,20.3,38,0,anual,sur,basico
3,209.3,31,0,mensual,sur,premium
1,14.2,53,3,mensual,costa,basico
3,46.2,26,1,mensual,norte,estandar
1,127.2,7,2,mensual,sur,estandar
6,176.8,40,5,anual,centro,empresa
2,62.3,39,0,anual,costa,basico
6,190.1,44,3,mensual,norte,premium
1,11.7,11,0,mensual,norte,basico
1,19.2,18,2,mensual,centro,basico
3,254.2,44,3,mensual,centro,premium
2,14.4,63,1,mensual,sur,basico
2,40.4,2,2,mensual,centro,basico
1,125.8,6,3,anual,sur,estandar
2,28.1,58,1,anual,centro,basico
3,20.3,29,0,anual,costa,basico
2,29.1,8,0,mensual,costa,basico
2,22.5,9,1,anual,sur,basico
3,83.1,33,2,mensual,costa,estandar
1,39.3,10,0,mensual,norte,basico
1,52.4,7,1,mensual,costa,estandar
3,54.5,17,1,anual,norte,estandar
3,365.4,55,2,mensual,centro,empresa
5,41.8,64,2,mensual,costa,estandar
3,48.9,4,2,anual,costa,estandar
4,641.3,11,3,anual,costa,empresa
2,16.7,1,3,anual,norte,basico
1,30.9,9,1,mensual,centro,estudiante
2,20.6,52,1,mensual,norte,basico
3,21.3,56,0,mensual,norte,basico
2,35.3,37,3,anual,norte,estandar
3,70.7,47,0,mensual,sur,estandar
5,77.9,27,2,anual,sur,premium
4,25.4,38,1,mensual,sur,basico
4,154.7,72,0,mensual,centro,premium
6,166.3,33,3,mensual,norte,empresa
12,129.8,59,5,anual,costa,empresa
9,351,38,4,anual,costa,empresa
2,23.2,18,0,mensual,costa,basico
2,91.3,67,1,anual,norte,estandar
3,30.7,37,1,mensual,norte,estandar
3,22,5,1,anual,costa,estandar
5,34.3,32,1,mensual,sur,basico
2,8.8,56,2,mensual,norte,basico
2,17.1,20,2,anual,norte,basico
5,44.5,19,3,anual,norte,estandar
2,142.2,17,0,anual,centro,estandar
2,27.3,26,2,mensual,centro,basico
6,212.4,34,5,anual,norte,empresa
2,28.5,28,0,anual,norte,basico
1,14.6,63,3,anual,centro,basico
1,6.3,3,0,anual,norte,basico
3,9,49,0,mensual,norte,basico
5,161.8,31,3,anual,costa,empresa
4,943.3,13,5,mensual,sur,empresa
3,115.4,59,0,anual,centro,estandar
2,34.4,65,0,anual,norte,basico
2,14.6,6,1,mensual,norte,basico
1,20.2,63,2,mensual,centro,basico
1,23.4,2,1,anual,centro,basico
4,69.2,72,2,anual,centro,premium
3,143.7,66,4,mensual,norte,empresa
4,25.7,23,0,anual,centro,estandar
2,45.7,31,3,anual,sur,estudiante
3,44,60,0,mensual,sur,estandar
1,21.8,64,3,mensual,costa,basico
1,16.2,3,0,mensual,sur,basico
7,170.1,56,4,anual,centro,empresa
2,120.1,27,2,anual,sur,premium
3,451.5,22,4,anual,sur,empresa
2,86.8,64,2,mensual,sur,estandar
2,5.5,33,0,mensual,norte,basico
2,39.4,10,0,anual,centro,estandar
6,300.2,45,1,mensual,sur,premium
1,69.8,19,1,mensual,norte,estudiante
2,26,4,1,mensual,sur,basico
1,11.1,7,1,mensual,norte,basico
2,13.9,68,3,mensual,costa,basico
2,111.8,17,2,anual,sur,premium
1,17.6,19,2,anual,norte,estudiante
1,8.7,61,0,mensual,sur,basico
2,96.4,25,2,mensual,centro,estandar
2,127.7,57,3,mensual,costa,estandar
3,71.2,35,1,mensual,sur,estandar
3,100.8,2,1,mensual,sur,estandar
3,123.8,64,1,mensual,costa,premium
2,30.4,58,0,mensual,norte,basico
1,7.3,18,0,anual,centro,basico
4,44.5,37,1,mensual,norte,estandar
1,36.2,60,0,anual,sur,basico
1,60.6,45,0,mensual,sur,estandar
2,227.1,48,0,anual,sur,premium
3,21.4,12,0,mensual,costa,basico
2,14.5,55,0,mensual,norte,basico
9,409.3,44,3,anual,costa,empresa
2,36.2,29,3,mensual,costa,basico
3,40.4,1,1,anual,costa,estandar
2,135,10,2,anual,costa,estandar
4,297,54,3,anual,sur,empresa
1,83.8,12,2,mensual,norte,premium
1,32.8,22,1,mensual,costa,estudiante
4,16.7,72,1,mensual,sur,basico
1,41.2,41,1,mensual,sur,basico
2,9.9,3,4,mensual,centro,basico
3,374,22,2,mensual,costa,premium
1,27,37,2,mensual,costa,basico
4,30.3,66,0,mensual,norte,estandar
3,80.2,21,2,mensual,norte,estandar
4,59.4,62,2,mensual,norte,estandar
3,391.6,56,1,mensual,costa,estandar
2,68.9,54,4,mensual,norte,estandar
5,142,69,3,anual,norte,estandar
2,47.6,46,1,mensual,norte,estandar
1,10.3,9,1,mensual,costa,basico
2,320.5,63,2,mensual,sur,premium
2,35.4,59,2,mensual,centro,estandar
2,106.6,54,3,mensual,norte,estandar
1,42,21,1,mensual,sur,basico
14,173.8,3,3,anual,norte,empresa
2,10.6,42,0,anual,sur,basico
2,16.6,64,0,mensual,sur,basico
2,51.4,3,1,anual,norte,estandar
1,16.1,30,0,anual,norte,basico
2,22.7,3,0,mensual,centro,basico
3,34.8,26,2,mensual,centro,estandar
2,12,55,2,mensual,costa,basico
4,66.2,10,3,anual,sur,estandar
6,418.1,61,5,anual,centro,empresa
4,45.9,34,3,anual,sur,estandar
2,20.3,52,2,mensual,norte,basico
1,58.8,6,2,mensual,costa,basico
1,97,15,1,mensual,costa,estandar
3,145.6,2,3,anual,costa,premium
4,50.2,17,2,mensual,sur,estandar
2,7.8,19,2,mensual,sur,basico
6,222,38,5,anual,centro,empresa
6,133.1,67,0,anual,sur,premium
2,23.6,7,0,anual,norte,basico
4,438.6,63,5,anual,centro,empresa
4,161.2,69,5,mensual,centro,empresa
2,57.1,48,1,mensual,costa,estandar
2,304.9,12,3,mensual,costa,premium
6,210.5,19,4,anual,sur,empresa
2,36.3,37,3,anual,costa,basico
1,59.2,22,2,anual,sur,estandar
3,78.1,59,2,mensual,costa,estandar
6,158.3,38,4,anual,sur,empresa
2,9.9,3,3,mensual,costa,basico
2,19.2,58,2,mensual,centro,estandar
1,13.9,42,2,anual,sur,basico
7,113,23,4,mensual,norte,premium
5,100.6,64,4,anual,centro,empresa
11,237.8,19,1,anual,sur,premium
6,173.8,39,2,anual,costa,premium
1,25.2,21,1,mensual,costa,estudiante
1,74.3,1,4,mensual,norte,basico
3,9.2,17,1,mensual,sur,basico
2,25.4,64,0,mensual,norte,basico
3,41.6,43,2,mensual,norte,estandar
7,147.4,71,4,anual,costa,empresa
5,281.1,71,1,mensual,centro,premium
3,45.6,35,3,mensual,centro,estandar
2,56.3,69,2,anual,centro,basico
11,195.3,1,3,anual,costa,empresa
4,56.4,32,1,anual,costa,estandar
2,9.1,50,4,anual,centro,basico
1,20.3,18,2,mensual,costa,basico
2,70.4,47,1,mensual,centro,estandar
1,26.7,23,1,mensual,sur,basico
19,174.8,43,2,mensual,norte,empresa
6,190.4,57,1,mensual,centro,premium
1,14,66,2,mensual,sur,basico
1,37.2,18,2,mensual,centro,basico
3,251.3,65,1,mensual,sur,premium
1,44,46,0,mensual,norte,estandar
3,120.6,10,1,mensual,sur,estandar
3,46.9,71,2,mensual,sur,estandar
4,153.1,62,3,anual,centro,premium
1,9.8,16,0,mensual,norte,basico
2,61.1,3,2,anual,norte,estandar
7,147.7,39,3,mensual,costa,empresa
2,22.2,5,0,mensual,sur,estandar
5,133.4,56,0,mensual,costa,estandar
2,51.2,39,1,mensual,norte,estandar
2,41.9,21,1,mensual,norte,estudiante
1,28.3,25,1,mensual,costa,estudiante
2,96.2,28,1,mensual,centro,estudiante
1,31.4,56,1,mensual,costa,basico
2,38.9,11,2,anual,centro,basico
6,304.3,16,3,mensual,costa,premium
4,182.7,10,0,anual,norte,premium
3,82.8,7,1,mensual,centro,estandar
1,18.7,46,1,mensual,sur,basico
2,20.8,45,1,mensual,norte,basico
4,110.4,52,0,mensual,costa,estandar
1,30.6,36,1,mensual,costa,estudiante
3,51.7,57,3,mensual,sur,estandar
1,48.7,10,1,mensual,centro,estudiante
3,86.9,70,1,mensual,costa,estandar
4,13.6,71,0,anual,costa,basico
2,77.2,57,0,mensual,costa,basico
2,43.7,21,1,mensual,norte,basico
5,95.8,69,5,mensual,norte,empresa
5,63.1,47,2,mensual,centro,estandar
2,13.5,1,2,anual,sur,basico
5,143,68,3,anual,norte,premium
2,60,12,1,mensual,centro,basico
3,19.2,19,4,anual,norte,basico
3,75.9,11,1,mensual,centro,estandar
2,35.6,9,0,anual,centro,basico
1,30,66,2,anual,sur,basico
2,51,28,1,mensual,sur,basico
6,75.8,55,2,anual,sur,estandar
2,33.5,7,1,anual,centro,basico
4,59.2,45,2,mensual,sur,basico
2,12.5,27,1,mensual,costa,estudiante
1,40,1,1,anual,norte,basico
2,10.2,63,3,mensual,norte,basico
5,266.1,9,5,anual,norte,empresa
5,655.9,57,4,anual,centro,empresa
1,21.7,14,2,mensual,sur,basico
9,115.7,23,4,anual,centro,empresa
1,19.7,33,0,mensual,centro,basico
3,31.7,7,2,mensual,norte,estandar
1,62.3,56,3,anual,costa,estandar
1,14.5,41,3,mensual,costa,basico
1,83.5,4,0,mensual,costa,estudiante
2,26.8,64,1,anual,sur,basico
2,44.7,56,0,anual,centro,basico
5,159.7,11,3,anual,sur,premium
6,294.6,63,4,anual,centro,empresa
6,248,65,3,mensual,norte,premium
2,76.3,64,0,anual,centro,estandar
1,41,22,2,mensual,centro,basico
2,19.8,63,2,anual,norte,estandar
10,147.5,29,4,mensual,norte,empresa
2,11.4,30,0,mensual,costa,basico
3,31.3,7,1,anual,norte,basico
4,120.8,36,3,anual,norte,premium
2,50.8,1,1,mensual,costa,basico
9,172.5,66,2,mensual,centro,premium
2,11.7,58,1,mensual,costa,basico
1,8.9,25,1,mensual,costa,basico
1,33.8,19,2,mensual,norte,estudiante
3,45.5,51,1,mensual,norte,estandar
1,32.2,33,2,anual,costa,estudiante
13,167.8,58,1,mensual,norte,empresa
2,23.4,12,3,mensual,sur,estudiante
3,158.7,65,3,mensual,centro,premium
2,8.3,58,1,mensual,costa,basico
7,263.3,48,3,anual,costa,empresa
2,15.1,22,0,mensual,costa,basico
6,358.9,70,4,mensual,norte,premium
1,7.4,12,0,anual,costa,basico
4,106.4,60,1,mensual,norte,estandar
1,37.3,36,1,mensual,centro,estudiante
8,270.7,27,3,anual,centro,empresa
2,44.1,34,4,mensual,costa,basico
3,19,56,2,mensual,sur,estandar
1,106.2,54,1,mensual,centro,estandar
2,19.1,30,3,anual,norte,estudiante
2,10.5,2,1,mensual,sur,estandar
3,14.2,51,2,anual,sur,basico
1,11,31,1,anual,costa,basico
3,10,4,2,mensual,costa,basico
2,65.6,64,1,mensual,norte,estandar
4,41.1,25,1,mensual,costa,estudiante
3,147.7,34,2,anual,costa,premium
2,46.3,3,3,anual,costa,estandar
2,9.4,12,2,mensual,costa,basico
6,218,18,2,anual,sur,empresa
1,12.7,57,0,mensual,sur,basico
5,49.7,58,2,mensual,sur,estandar
2,15.6,12,2,anual,norte,basico
4,403.2,50,1,mensual,norte,estandar
4,128.6,61,3,anual,norte,premium
8,151.1,13,1,anual,centro,empresa
3,23.1,53,0,mensual,centro,basico
4,10.5,67,1,anual,centro,basico
1,8.2,21,3,mensual,norte,basico
4,106.6,52,2,mensual,centro,estandar
6,227.1,34,1,anual,centro,premium
7,285.3,33,5,mensual,sur,empresa
5,34.9,29,0,mensual,norte,estandar
4,346.8,43,3,mensual,sur,empresa
2,57.2,9,2,mensual,norte,basico
2,167.3,23,0,mensual,centro,estudiante
1,50,60,0,mensual,centro,basico
3,24.7,67,0,mensual,sur,basico
5,308.3,10,1,mensual,norte,premium
4,17.6,1,3,mensual,costa,basico
1,22,26,2,mensual,sur,basico
1,21.5,38,2,mensual,costa,basico
9,84.8,6,4,mensual,costa,premium
9,324.1,37,4,anual,centro,empresa
2,22.3,63,0,mensual,norte,basico
3,117.1,31,0,anual,centro,estandar
2,33.1,11,2,mensual,sur,estandar
1,56.7,10,2,mensual,costa,estandar
2,58.4,58,0,mensual,centro,basico
1,8.2,21,1,mensual,sur,basico
6,79.1,44,2,anual,costa,premium
2,7.1,19,1,anual,costa,basico
6,382,42,2,anual,costa,premium
4,50.2,64,1,mensual,sur,premium
2,89.1,69,0,mensual,sur,basico
8,480.1,67,2,anual,centro,empresa
5,112.9,57,3,anual,sur,premium
7,249.6,16,3,anual,centro,empresa
1,16,71,0,mensual,costa,basico
2,52,16,1,anual,costa,estandar
3,44.1,57,2,mensual,sur,estandar
5,318.3,10,2,mensual,norte,empresa
2,22.1,31,0,mensual,centro,basico
2,36.2,13,2,anual,norte,basico
4,28.3,37,3,anual,costa,estandar
3,59.1,28,2,mensual,costa,estandar
3,19.5,70,2,mensual,norte,estandar
1,28.4,16,2,anual,centro,estandar
12,182.4,44,4,anual,sur,empresa
6,53,42,1,mensual,centro,premium
1,31.3,22,0,mensual,costa,basico
2,26.6,22,0,mensual,costa,estudiante
2,92.1,15,0,anual,sur,estandar
4,140.5,55,2,anual,centro,premium
11,115.1,43,3,anual,norte,empresa
12,225.8,48,3,anual,costa,empresa
3,148.7,1,3,mensual,sur,premium
1,15.6,24,2,anual,centro,basico
1,16.6,16,1,mensual,centro,basico
1,31.7,5,2,mensual,costa,estudiante
2,91.7,52,1,anual,sur,premium
1,40.3,20,0,mensual,centro,estudiante
2,249,27,3,mensual,centro,premium
12,110.3,44,2,mensual,costa,premium
1,20.8,55,2,mensual,sur,basico
1,33.7,9,2,mensual,centro,basico
3,115.7,21,2,anual,norte,estandar
4,75.9,38,0,anual,norte,premium
1,9.6,59,2,mensual,costa,basico
3,81.6,71,1,anual,sur,estandar
1,31.7,26,0,mensual,norte,estudiante
5,128.1,72,4,anual,norte,premium
8,300.5,28,5,anual,costa,empresa
6,160.7,58,5,anual,centro,empresa
1,20.5,68,0,mensual,centro,basico
3,68.1,20,0,anual,centro,estandar
1,54.5,57,2,anual,centro,basico
1,6.9,7,1,mensual,centro,basico
1,81.5,46,2,mensual,norte,estandar
3,285.3,65,2,anual,centro,premium
6,202,32,1,mensual,sur,premium
1,36.9,65,1,anual,sur,basico
2,23.4,57,1,anual,sur,basico
2,25.3,43,0,mensual,norte,basico
4,219.4,66,3,anual,centro,premium
1,22.7,10,1,anual,sur,basico
1,20.4,30,1,anual,norte,basico
2,37.8,23,3,anual,norte,estandar
2,12,40,0,mensual,costa,basico
4,37.6,46,1,mensual,centro,estandar
1,22.3,61,3,mensual,costa,basico
8,85.4,39,1,anual,centro,empresa
3,117.1,53,0,anual,centro,premium
5,166.6,66,3,anual,sur,empresa
1,13.8,68,0,mensual,centro,basico
1,13.4,16,0,anual,norte,basico
4,30.9,49,2,anual,sur,premium
3,26.6,71,0,anual,sur,estandar
1,15.9,19,1,mensual,costa,basico
3,338.3,60,2,mensual,centro,premium
3,159.6,59,2,anual,costa,estandar
3,64.4,13,3,anual,centro,premium
3,43.1,52,1,mensual,centro,estandar
4,214.1,20,3,anual,centro,premium
5,31.9,18,1,mensual,norte,estandar
2,20.8,34,2,mensual,centro,estudiante
4,51.6,67,0,anual,norte,estandar
3,58.5,27,1,anual,centro,estandar
2,119.4,29,2,mensual,costa,estandar
1,9.6,7,0,mensual,costa,basico
2,10.3,42,0,anual,centro,estandar
5,114.4,66,1,anual,centro,premium
4,18.3,8,2,mensual,centro,basico
2,13.2,15,0,mensual,norte,basico
1,8.9,11,2,mensual,norte,basico
2,15,20,2,mensual,centro,basico
2,79.3,48,2,mensual,costa,estandar
1,15.4,59,3,mensual,sur,basico
1,31.7,45,2,anual,centro,basico
1,27.6,68,2,mensual,centro,basico
1,12.3,27,3,mensual,norte,basico
1,53.6,17,0,mensual,norte,estudiante
2,6.1,44,2,mensual,norte,basico
1,22.9,34,2,mensual,costa,basico
2,40.5,62,0,mensual,centro,estandar
4,9.8,13,0,mensual,sur,basico
3,45.4,39,3,mensual,sur,estandar
1,8,61,0,mensual,centro,basico
3,57.4,39,1,mensual,norte,estandar
3,112.7,29,3,mensual,costa,premium
1,44.5,70,3,mensual,centro,basico
2,22.4,29,2,mensual,centro,basico
1,18.4,44,1,anual,norte,basico
4,22.1,39,1,mensual,sur,estandar
3,77.1,65,0,anual,sur,estandar
3,76.8,15,2,mensual,centro,estandar
1,32.8,34,2,mensual,centro,estudiante
1,100.5,60,3,mensual,costa,estandar
1,8.3,59,2,mensual,costa,basico
4,126.7,60,0,anual,sur,estandar
1,35.5,72,2,mensual,sur,basico
2,37.1,5,0,mensual,sur,estudiante
5,304.7,14,1,anual,sur,empresa
2,23.6,41,1,mensual,norte,basico
1,40.1,29,0,mensual,sur,basico
2,83.1,16,0,mensual,costa,basico
2,86.6,26,2,mensual,sur,premium
2,86.7,38,0,mensual,centro,estandar
8,85.6,26,0,anual,norte,premium
1,39.7,16,2,mensual,norte,basico
2,31.5,3,3,mensual,costa,estudiante
2,220.2,48,1,anual,centro,premium
3,176.4,9,0,anual,centro,premium
9,754,60,2,mensual,costa,empresa
2,37.8,71,1,anual,sur,basico
2,18.7,51,1,mensual,costa,basico
2,32.6,39,2,mensual,sur,basico
1,401.6,45,1,anual,sur,premium
2,35.3,36,3,mensual,sur,estudiante
9,231.6,49,3,anual,costa,empresa
4,116.9,4,1,mensual,norte,estandar
2,161.1,12,2,anual,costa,estandar
1,53.2,25,2,mensual,sur,estudiante
1,12,49,2,mensual,costa,basico
3,234.9,72,2,mensual,costa,premium
11,150.5,35,6,mensual,costa,empresa
1,60.5,36,2,anual,costa,estandar
9,351.4,39,5,anual,norte,empresa
2,37.5,8,1,mensual,centro,basico
1,12.9,15,2,mensual,costa,basico
1,14.4,19,1,anual,norte,basico
2,36.8,56,0,mensual,costa,basico
2,11.7,21,0,mensual,sur,basico
2,27.1,5,0,mensual,costa,estudiante
4,108.5,54,1,mensual,costa,estandar
4,33.1,49,3,mensual,sur,estandar
2,27.5,59,2,anual,sur,basico
2,11.6,50,1,anual,sur,basico
2,27,43,1,mensual,norte,basico
6,30.8,49,0,mensual,sur,estandar
8,248.2,38,4,mensual,norte,empresa
2,93.7,72,3,mensual,norte,estandar
4,183.7,19,3,anual,costa,empresa
4,10.4,33,2,mensual,sur,basico
1,28.8,19,1,mensual,sur,basico
1,25.4,18,2,mensual,sur,estudiante
6,112.8,65,3,anual,norte,premium
2,54,60,0,anual,norte,basico
3,98.3,4,1,anual,costa,estandar
6,160.1,13,1,mensual,costa,estandar
2,14,27,1,mensual,sur,basico
1,16.1,62,0,mensual,norte,basico
5,111.4,61,2,anual,centro,premium
1,101.9,58,1,anual,sur,basico
3,313.7,25,2,mensual,sur,premium
2,54.9,71,2,anual,sur,estandar
1,26.6,6,1,mensual,centro,basico
4,25.4,4,2,anual,costa,estudiante
1,13.6,25,0,mensual,centro,basico
5,229.8,59,0,anual,centro,premium
3,44.4,35,2,mensual,centro,estandar
2,13.8,46,1,mensual,sur,basico
1,38.5,10,0,mensual,costa,basico
3,59.4,10,3,mensual,centro,estandar
1,49.1,15,1,mensual,norte,estudiante
1,40.4,12,3,mensual,costa,basico
2,32,64,1,anual,centro,basico
1,71.2,1,1,anual,costa,estudiante
5,376.5,68,4,anual,centro,empresa
2,110.1,70,2,anual,centro,premium
2,44.8,27,2,mensual,sur,estandar
1,21.1,48,0,mensual,sur,basico
2,23.3,54,4,mensual,costa,estandar
1,12.8,72,1,mensual,centro,basico
1,16,27,0,mensual,centro,basico
1,24.8,16,0,mensual,costa,estudiante
2,25,69,3,anual,norte,basico
2,12.7,1,2,mensual,centro,basico
1,25.2,31,1,mensual,costa,basico
5,113.7,46,5,mensual,sur,premium
7,87.1,50,2,mensual,costa,estandar
1,39.5,69,0,mensual,sur,basico
6,180.4,64,1,anual,centro,premium
2,10.8,19,0,anual,centro,basico
5,269.1,17,2,anual,costa,premium
1,23.8,37,1,mensual,sur,basico
3,72.4,39,2,mensual,sur,premium
3,42.3,1,0,mensual,centro,estandar
1,38.1,46,1,mensual,norte,basico
7,21,67,1,anual,centro,basico
4,202.7,19,1,mensual,sur,premium
1,20.9,24,3,mensual,sur,basico
3,93.9,38,2,mensual,centro,estandar
2,20.6,27,0,mensual,sur,basico
1,78.5,21,1,mensual,sur,estudiante
7,17.8,52,2,mensual,centro,estandar
1,15.7,71,0,mensual,centro,basico
1,17.1,71,0,mensual,sur,basico
1,10.5,14,2,mensual,costa,basico
2,12.1,42,1,anual,sur,basico
1,77.1,19,2,anual,centro,estandar
4,407.4,61,3,mensual,sur,empresa
7,355.8,7,3,anual,sur,empresa
1,96.5,25,3,mensual,centro,estandar
4,28.8,50,1,anual,sur,estandar
4,74.4,22,2,anual,sur,estandar
2,16.7,58,0,mensual,costa,basico
3,33,9,2,mensual,centro,basico
6,63.1,43,3,mensual,costa,premium
1,13.3,13,2,mensual,centro,basico
2,13.8,71,0,mensual,costa,basico
1,79.1,51,1,anual,centro,estandar
3,78.8,38,1,mensual,costa,estandar
2,31.9,60,1,mensual,costa,estandar
2,110.8,6,0,mensual,norte,estandar
1,28.6,54,1,mensual,centro,basico
1,21.1,40,0,anual,norte,basico
2,87.6,6,1,anual,sur,estandar
1,29.3,20,2,mensual,centro,estudiante
5,118.8,70,1,anual,norte,premium
2,35.4,37,2,mensual,centro,basico
1,22.8,36,0,mensual,centro,basico
6,125,66,1,anual,costa,premium
4,84.5,61,1,mensual,sur,estandar
2,14.2,1,1,mensual,centro,basico
2,30.3,24,2,mensual,sur,estandar
2,59.6,46,1,mensual,centro,estandar
5,43.5,18,2,mensual,centro,estandar
6,139.9,34,4,anual,centro,empresa
1,16.2,38,0,anual,sur,basico
2,48.4,54,0,mensual,sur,basico
2,62.1,15,3,anual,norte,estandar
1,16.2,50,1,mensual,centro,basico
1,33.8,8,2,mensual,sur,basico
4,145,42,0,mensual,centro,estandar
9,180.7,72,5,anual,costa,empresa
4,115.3,36,1,mensual,costa,premium
3,42.3,68,3,mensual,costa,estandar
6,231.7,53,1,anual,norte,premium
2,33.3,1,2,mensual,centro,estandar
2,35,33,3,mensual,sur,estandar
2,43.3,18,3,mensual,norte,basico
6,191.2,60,1,anual,costa,premium
1,44.3,40,0,anual,centro,basico
7,139.4,9,2,mensual,norte,premium
1,9.2,49,1,anual,norte,basico
3,63.9,43,2,mensual,costa,estandar
3,26,60,1,mensual,centro,basico
5,30,22,2,mensual,norte,estandar
1,30.3,25,1,mensual,sur,estudiante
4,29.8,19,1,anual,costa,estandar
1,18.2,12,0,anual,norte,basico
8,87.4,48,3,mensual,centro,premium
2,70.3,58,2,mensual,norte,estandar
5,137.2,3,3,mensual,centro,premium
21,211.1,68,5,anual,sur,empresa
5,99.2,72,2,mensual,centro,estandar
1,15.2,7,1,mensual,centro,basico
1,39.7,33,2,mensual,norte,estudiante
2,53.1,3,1,anual,sur,estandar
1,18.9,55,0,mensual,sur,basico
4,53.1,41,3,mensual,sur,premium
4,70.4,61,2,anual,centro,premium
1,20.9,21,0,mensual,norte,basico
3,16.6,43,2,mensual,sur,estandar
2,52.1,20,1,anual,sur,estandar
1,18.2,27,0,anual,centro,basico
1,27.7,22,0,mensual,sur,estudiante
1,13.6,6,3,anual,norte,estudiante
2,18.6,33,1,mensual,norte,basico
4,245.1,18,4,anual,sur,empresa
2,21.8,47,1,anual,centro,basico
1,24.7,3,3,mensual,norte,basico
4,49.1,26,4,mensual,norte,estandar
1,17.9,68,2,mensual,centro,basico
5,68.2,19,0,mensual,sur,premium
9,248.8,71,4,mensual,sur,empresa
6,61.3,1,1,mensual,sur,estandar
9,464.2,14,2,anual,norte,empresa
7,218.3,45,4,anual,costa,empresa
3,6.4,59,0,mensual,centro,basico
3,17.5,72,0,anual,norte,basico
2,137,45,2,anual,norte,premium
2,73.5,3,1,mensual,sur,estudiante
4,125,41,3,mensual,norte,estandar
1,18.5,43,2,mensual,centro,estandar
2,51.5,13,1,mensual,costa,estudiante
2,42.1,8,1,mensual,sur,basico
2,18.6,35,0,anual,costa,basico
2,61.3,36,1,mensual,costa,estandar
1,23.3,21,2,anual,norte,basico
1,20.5,5,1,mensual,costa,basico
1,25.1,45,1,anual,sur,basico
1,33.7,67,1,mensual,centro,basico
3,129.7,64,0,mensual,sur,premium
2,75,12,1,anual,norte,premium
3,11.7,65,1,mensual,norte,basico
3,119.9,30,0,anual,centro,premium
2,109.2,9,1,mensual,sur,estandar
3,42.2,33,3,anual,norte,estandar
2,7.7,1,1,mensual,costa,basico
3,119.2,21,1,mensual,costa,estandar
2,42.4,13,3,mensual,costa,basico
3,122.5,43,2,mensual,centro,estandar
4,24,70,2,mensual,costa,basico
1,43.2,30,0,anual,centro,estandar
6,154.9,5,3,mensual,centro,premium
3,64,10,3,anual,centro,premium
2,82,16,3,anual,costa,estandar
2,15.8,23,1,mensual,sur,basico
10,177.7,9,5,mensual,costa,empresa
2,87,20,1,mensual,costa,estandar
3,18.5,12,0,mensual,norte,basico
1,29.8,2,1,anual,centro,basico
2,20.5,57,1,mensual,norte,estandar
6,71.1,16,3,anual,centro,premium
5,313.3,66,5,anual,costa,empresa
4,119.5,12,2,mensual,sur,premium
5,54.1,9,1,mensual,centro,basico
3,45.6,56,0,anual,sur,estandar
1,41.3,24,2,mensual,sur,basico
1,43.9,18,2,mensual,centro,estudiante
4,55.5,67,1,anual,sur,estandar
2,24.7,72,1,mensual,costa,basico
4,29.4,32,0,mensual,norte,estandar
3,116.8,4,2,mensual,centro,premium
1,45.9,70,1,mensual,centro,basico
3,64.5,64,1,anual,costa,basico
16,189.2,56,4,mensual,centro,empresa
2,61.6,31,0,mensual,norte,estudiante
3,23.9,5,2,mensual,costa,basico
3,119.4,70,1,anual,norte,premium
7,407.2,10,4,anual,norte,empresa
3,305.9,3,3,mensual,centro,premium
1,33.5,36,1,mensual,centro,basico
1,23.9,26,2,anual,costa,estudiante
1,95.6,62,1,mensual,norte,premium
2,69.2,16,1,mensual,sur,estandar
4,169.1,40,1,anual,sur,empresa
1,23.3,28,1,mensual,sur,estudiante
7,245.4,28,0,mensual,costa,premium
5,522.6,5,4,mensual,centro,empresa
2,18.5,42,0,mensual,costa,basico
4,346.6,51,3,mensual,costa,empresa
2,60.9,23,2,anual,norte,estandar
4,37.3,15,1,anual,centro,estandar
4,21.5,30,1,mensual,costa,estandar
2,34,18,1,mensual,norte,estandar
1,7.3,20,0,mensual,costa,basico
8,285.1,40,2,anual,sur,empresa
4,147.2,26,3,anual,sur,premium
1,51.5,28,3,mensual,centro,estudiante
12,279,37,4,anual,norte,empresa
2,82.7,1,3,mensual,centro,estandar
2,21.5,6,0,mensual,centro,basico
2,45.8,49,1,mensual,norte,basico
3,178.4,5,2,anual,norte,estandar
2,67.8,60,0,anual,costa,estandar
1,20.8,23,2,anual,costa,basico
7,79,58,0,mensual,sur,premium
3,86.3,50,3,mensual,costa,premium
2,11.6,7,2,anual,norte,basico
1,22.9,7,0,anual,norte,basico
3,72.3,1,3,mensual,sur,estandar
3,128.5,24,4,mensual,costa,estandar
2,26.6,35,0,anual,costa,estudiante
2,25.2,36,3,anual,centro,estandar
2,12.9,1,0,anual,sur,basico
7,118.8,60,3,mensual,costa,empresa
3,20.3,5,1,anual,sur,basico
3,251.6,9,1,anual,sur,premium
4,174.1,29,4,anual,centro,empresa
1,15.8,62,1,mensual,sur,basico
2,25.5,17,1,anual,sur,basico
2,24.9,34,0,anual,costa,basico
2,22,5,1,mensual,sur,basico
1,47.5,64,3,anual,centro,estandar
2,16.7,28,0,mensual,norte,basico
3,31.8,53,1,mensual,norte,basico
2,43.5,51,3,anual,norte,estandar
3,259.9,26,4,mensual,norte,premium
1,34.7,10,1,anual,centro,basico
2,19.6,45,0,anual,costa,basico
1,9.7,58,2,mensual,centro,basico
3,362.1,67,3,mensual,costa,empresa
2,74,48,1,anual,costa,estandar
5,226.4,58,2,mensual,sur,premium
12,254,18,5,mensual,centro,empresa
