cliente_id,gasto_mensual_usd,visitas_mes,antiguedad_meses,canal
C0001,87.25,2,48,web
C0002,220.67,9,29,app
C0003,71.92,3,37,web
C0004,90.95,3,8,tienda
C0005,733.93,6,39,web
C0006,203.26,16,57,app
C0007,305.43,17,19,web
C0008,434.14,4,39,web
C0009,206.45,9,22,tienda
C0010,521.14,5,48,web
C0011,81.36,4,13,web
C0012,82.91,3,42,web
C0013,78.84,2,19,tienda
C0014,91.83,2,25,tienda
C0015,71.72,2,59,web
C0016,70.11,2,57,web
C0017,693.61,5,58,tienda
C0018,80.22,2,42,tienda
C0019,175.2,11,57,web
C0020,95.65,3,30,tienda
C0021,97.98,2,13,tienda
C0022,286.75,17,29,app
C0023,69.55,3,36,web
C0024,626.41,4,16,web
C0025,216.36,9,46,app
C0026,708.79,4,9,web
C0027,219.06,12,40,web
C0028,472.64,4,51,tienda
C0029,87.69,2,60,tienda
C0030,226.9,10,41,tienda
C0031,78.54,3,32,tienda
C0032,230.72,14,31,app
C0033,267.3,12,54,app
C0034,96.41,3,30,web
C0035,698.8,4,54,tienda
C0036,219.91,11,20,web
C0037,871.84,4,48,web
C0038,66.43,3,17,tienda
C0039,274.09,14,46,app
C0040,294.7,15,15,app
C0041,232.21,10,47,app
C0042,260.14,17,45,web
C0043,84.49,3,19,tienda
C0044,594.78,4,55,tienda
C0045,73.38,3,26,tienda
C0046,198.94,13,2,web
C0047,195.23,20,39,app
C0048,193.27,11,38,app
C0049,287.05,16,44,web
C0050,86.97,3,17,tienda
C0051,286,11,10,app
C0052,308.99,10,54,app
C0053,226.16,13,6,web
C0054,724.67,5,48,tienda
C0055,92.14,2,28,tienda
C0056,67.97,2,54,tienda
C0057,639.62,6,59,tienda
C0058,246.94,13,10,tienda
C0059,104.14,3,38,web
C0060,187.91,11,21,web
C0061,189.79,13,1,web
C0062,82.21,2,55,web
C0063,85.05,2,33,tienda
C0064,73.59,3,7,web
C0065,171.38,12,34,app
C0066,647.62,4,36,tienda
C0067,435.39,6,37,web
C0068,220.84,8,23,tienda
C0069,207.52,10,46,web
C0070,82.84,2,45,tienda
C0071,104.57,3,42,tienda
C0072,786.69,5,47,tienda
C0073,628.74,5,22,web
C0074,525.76,5,12,web
C0075,73.54,3,57,tienda
C0076,663.29,5,32,tienda
C0077,91.63,2,18,tienda
C0078,293.22,14,7,web
C0079,703.58,5,16,tienda
C0080,568.9,6,49,tienda
C0081,257.21,11,12,app
C0082,183.66,12,35,app
C0083,76.27,3,46,tienda
C0084,206.44,11,13,app
C0085,99.53,3,50,web
C0086,597.47,5,34,tienda
C0087,84.97,2,24,web
C0088,694.78,7,40,tienda
C0089,102.56,2,50,web
C0090,90.34,2,1,tienda
C0091,539.31,5,36,web
C0092,182.99,20,49,app
C0093,85.26,2,42,tienda
C0094,195.7,11,27,app
C0095,214.8,14,36,app
C0096,299.8,11,17,tienda
C0097,755.45,5,50,web
C0098,82.43,3,15,tienda
C0099,70.73,2,12,web
C0100,226.13,10,53,tienda
C0101,598.21,6,20,app
C0102,651.43,3,55,app
C0103,194,15,21,app
C0104,266.9,10,32,web
C0105,172.15,12,60,app
C0106,85.3,3,7,tienda
C0107,552.78,4,1,app
C0108,79.95,4,27,tienda
C0109,221.66,18,40,app
C0110,581.1,6,15,tienda
C0111,78.87,2,46,web
C0112,764.35,5,45,web
C0113,70.13,2,13,web
C0114,312.87,11,35,app
C0115,192.55,10,37,app
C0116,279.91,10,5,tienda
C0117,151.78,8,54,web
C0118,236.96,13,56,app
C0119,79.2,3,53,tienda
C0120,83.1,3,59,tienda
C0121,85.91,2,42,web
C0122,246.15,10,29,web
C0123,692.52,4,2,tienda
C0124,216.52,11,43,app
C0125,200.59,14,15,app
C0126,84.06,4,19,web
C0127,109.33,3,43,tienda
C0128,203.36,13,37,app
C0129,87.23,2,28,tienda
C0130,685.25,5,40,app
C0131,64.7,3,59,web
C0132,105.34,3,12,tienda
C0133,689.28,6,29,tienda
C0134,249.85,13,24,tienda
C0135,583.21,5,45,tienda
C0136,75.66,3,23,web
C0137,203.58,15,27,app
C0138,606.08,4,53,web
C0139,73.13,3,22,tienda
C0140,71.06,3,37,web
C0141,80.63,2,41,tienda
C0142,228.3,12,42,tienda
C0143,75.12,2,56,tienda
C0144,67.02,2,16,tienda
C0145,241.82,12,28,web
C0146,82.74,1,30,web
C0147,78.43,2,13,web
C0148,73.47,3,13,tienda
C0149,542.62,6,17,tienda
C0150,90.23,2,56,tienda
C0151,93.89,2,25,web
C0152,68.35,3,37,tienda
C0153,512.2,9,41,tienda
C0154,578.94,5,44,web
C0155,87.6,2,32,tienda
C0156,234.84,11,33,app
C0157,503.77,3,14,tienda
C0158,755.98,4,30,web
C0159,665.98,6,30,web
C0160,240.25,10,23,app
C0161,583.71,5,26,app
C0162,233.48,14,57,tienda
C0163,577.14,5,24,tienda
C0164,240.73,13,46,tienda
C0165,835.02,6,27,app
C0166,537.18,5,7,web
C0167,102.08,2,29,tienda
C0168,225.29,14,60,app
C0169,198.58,10,26,app
C0170,235.27,14,17,app
C0171,74.32,2,41,tienda
C0172,67.81,3,56,tienda
C0173,188.43,12,43,app
C0174,788.89,5,15,tienda
C0175,571.49,6,36,web
C0176,111.37,2,7,tienda
C0177,565.89,5,42,tienda
C0178,66.77,3,33,app
C0179,118.95,2,58,app
C0180,78.97,3,28,web
C0181,666.73,5,3,web
C0182,80.4,2,32,tienda
C0183,379.41,4,60,web
C0184,234.59,12,8,app
C0185,201.34,12,49,tienda
C0186,83.3,2,11,tienda
C0187,104.57,2,38,web
C0188,205.96,11,60,app
C0189,194.66,12,2,tienda
C0190,573.63,4,60,tienda
C0191,82.44,2,51,app
C0192,83.64,3,58,app
C0193,206.25,11,13,app
C0194,75.07,3,4,tienda
C0195,177.3,13,60,app
C0196,681.46,7,26,web
C0197,246.28,10,54,app
C0198,664.54,4,37,tienda
C0199,667.41,6,36,tienda
C0200,194.48,11,26,app
C0201,80.38,2,10,tienda
C0202,632.6,7,18,web
C0203,78.38,3,60,tienda
C0204,73.58,2,31,app
C0205,83.92,2,40,tienda
C0206,230.15,14,58,web
C0207,714.22,3,58,web
C0208,78.07,2,58,tienda
C0209,96.04,3,7,tienda
C0210,605.13,5,29,web
C0211,69.72,2,4,tienda
C0212,179.21,11,59,tienda
C0213,195.58,10,19,tienda
C0214,84.96,3,8,tienda
C0215,189.24,13,45,app
C0216,581.36,5,36,web
C0217,286.78,10,38,app
C0218,103.59,3,46,tienda
C0219,187.49,12,17,app
C0220,245.17,13,18,app
C0221,90.23,2,59,tienda
C0222,64.58,2,57,web
C0223,253.26,11,47,app
C0224,78.02,2,58,web
C0225,96.26,3,9,app
C0226,247.91,12,9,app
C0227,490.92,4,6,web
C0228,701.46,7,6,web
C0229,660.51,4,3,tienda
C0230,204.57,11,51,web
C0231,533.28,5,29,tienda
C0232,180.51,11,21,app
C0233,235.95,12,60,app
C0234,76.75,3,4,app
C0235,578.74,3,14,web
C0236,79.9,4,30,tienda
C0237,73.72,1,42,tienda
C0238,201.09,14,2,tienda
C0239,682.17,4,57,app
C0240,228.69,11,42,app
C0241,225.72,13,42,tienda
C0242,584.29,5,17,tienda
C0243,231.98,10,10,web
C0244,196.1,13,58,tienda
C0245,63.87,4,9,tienda
C0246,269.57,11,22,app
C0247,714.3,5,13,web
C0248,213.54,13,45,tienda
C0249,540.24,4,36,tienda
C0250,607.75,4,53,web
C0251,83.73,2,23,tienda
C0252,835.11,4,34,web
C0253,424.32,6,7,web
C0254,67.28,2,1,tienda
C0255,277.27,12,46,app
C0256,274.25,14,48,app
C0257,155.35,12,24,web
C0258,67.49,3,10,tienda
C0259,883.81,7,17,tienda
C0260,67.49,2,37,web
C0261,178.93,11,3,web
C0262,85.41,3,11,web
C0263,96.96,2,49,tienda
C0264,100.22,3,37,tienda
C0265,771.65,7,9,tienda
C0266,250.61,12,15,app
C0267,83.13,2,36,tienda
C0268,758.59,6,23,web
C0269,637.22,4,34,tienda
C0270,215.44,8,2,tienda
C0271,222.52,12,19,web
C0272,635.68,5,3,web
C0273,234.32,11,11,app
C0274,63.66,2,45,tienda
C0275,246.07,10,21,app
C0276,496.87,6,21,tienda
C0277,596.35,5,24,tienda
C0278,218.17,15,44,app
C0279,381.51,11,19,tienda
C0280,93.21,3,60,tienda
C0281,97.89,4,41,tienda
C0282,595.89,4,14,web
C0283,86.22,2,48,tienda
C0284,245.2,9,25,app
C0285,261.47,11,50,web
C0286,236.62,15,36,app
C0287,168.64,11,1,app
C0288,103.74,2,15,app
C0289,73.87,2,19,web
C0290,825.24,4,38,app
C0291,803.52,5,54,web
C0292,77.07,3,25,tienda
C0293,83.79,2,26,tienda
C0294,228.35,10,7,tienda
C0295,77.39,3,53,web
C0296,633.55,5,17,tienda
C0297,237.5,13,49,web
C0298,271.92,18,51,web
C0299,201.53,13,18,app
C0300,100.44,2,17,app
C0301,596.98,6,2,web
C0302,101.65,2,18,tienda
C0303,617.69,7,45,tienda
C0304,196.65,8,56,app
C0305,632.54,6,49,tienda
C0306,665.97,5,24,web
C0307,248.27,11,5,web
C0308,769.8,4,22,web
C0309,743.6,4,25,web
C0310,77.83,3,6,tienda
C0311,777.84,6,41,app
C0312,231.85,11,48,web
C0313,70,3,17,tienda
C0314,167.18,8,2,app
C0315,686.82,4,5,tienda
C0316,597.89,7,2,tienda
C0317,589.74,5,43,tienda
C0318,240.51,11,45,app
C0319,80.8,2,41,tienda
C0320,220.39,13,13,app
C0321,65.25,3,14,tienda
C0322,729.25,5,56,web
C0323,76.81,2,11,tienda
C0324,235.7,12,44,tienda
C0325,99.95,2,25,web
C0326,600.45,4,4,tienda
C0327,207.12,10,31,web
C0328,648.7,7,25,app
C0329,232.81,11,18,app
C0330,565.48,6,2,tienda
C0331,238.86,11,54,tienda
C0332,236.93,10,12,app
C0333,253.33,9,58,tienda
C0334,71.99,3,25,tienda
C0335,82.77,2,39,tienda
C0336,454.55,4,9,app
C0337,239.64,12,26,tienda
C0338,94.5,3,8,app
C0339,212.53,10,27,web
C0340,71.49,2,44,tienda
C0341,86.67,3,33,tienda
C0342,592.15,4,38,tienda
C0343,82.14,2,41,tienda
C0344,573.57,6,48,tienda
C0345,201.83,17,22,app
C0346,76.55,4,50,tienda
C0347,90.47,2,52,web
C0348,94.77,4,36,tienda
C0349,515.99,6,27,web
C0350,89.37,3,2,tienda
C0351,71.98,2,22,tienda
C0352,577.36,7,36,tienda
C0353,104.86,2,27,tienda
C0354,98,2,54,tienda
C0355,204.47,12,30,web
C0356,91.78,2,59,web
C0357,236.78,15,22,web
C0358,526.63,5,41,web
C0359,609.22,4,33,tienda
C0360,88.45,3,19,web
C0361,80.03,2,58,tienda
C0362,519.31,4,38,web
C0363,611.79,6,6,tienda
C0364,96.33,3,21,tienda
C0365,662.42,5,51,tienda
C0366,212.74,12,46,app
C0367,74.78,2,9,tienda
C0368,645.78,4,44,app
C0369,87.2,3,38,tienda
C0370,96.6,2,17,tienda
C0371,75.05,3,14,web
C0372,1047.45,5,30,web
C0373,96.8,4,29,tienda
C0374,86.67,3,9,web
C0375,82.17,2,6,tienda
C0376,67.7,2,36,tienda
C0377,179.56,11,35,tienda
C0378,273.06,13,14,app
C0379,212.23,13,1,app
C0380,175.43,10,54,app
C0381,216.29,13,7,tienda
C0382,258.57,11,46,app
C0383,204.42,18,4,tienda
C0384,664.03,5,12,tienda
C0385,82.43,2,34,tienda
C0386,537.69,5,26,tienda
C0387,68.36,2,44,tienda
C0388,78.38,3,19,tienda
C0389,210.58,13,27,web
C0390,80.74,2,52,tienda
C0391,65.19,4,3,tienda
C0392,283.02,14,4,app
C0393,280.81,10,35,app
C0394,82.16,2,20,web
C0395,67.98,2,6,web
C0396,642.89,4,38,tienda
C0397,67.54,3,38,web
C0398,488.05,5,51,web
C0399,71.51,3,40,tienda
C0400,72.23,4,22,tienda
C0401,799.12,6,57,web
C0402,97.98,4,60,tienda
C0403,180.92,17,42,web
C0404,748.8,6,22,tienda
C0405,75.99,2,1,web
C0406,244.36,11,37,web
C0407,83.88,4,59,tienda
C0408,92.1,3,2,tienda
C0409,96.14,2,9,tienda
C0410,214.51,8,38,tienda
C0411,190.16,14,41,app
C0412,208.18,11,13,app
C0413,78,3,46,tienda
C0414,216.05,8,34,app
C0415,598.37,4,28,tienda
C0416,514.98,7,25,tienda
C0417,239.19,12,47,tienda
C0418,93.88,2,60,tienda
C0419,85.37,5,47,tienda
C0420,70.72,3,8,web
C0421,204.39,9,56,app
C0422,81.68,2,17,web
C0423,81.99,4,27,tienda
C0424,77.11,3,60,tienda
C0425,234.83,13,54,app
C0426,87.64,2,51,web
C0427,205.09,10,11,app
C0428,64.13,3,14,web
C0429,94.08,3,9,tienda
C0430,790.14,5,58,web
C0431,599.43,5,5,web
C0432,255.09,11,36,web
C0433,392.2,6,50,tienda
C0434,687.86,5,19,web
C0435,719.56,6,33,tienda
C0436,98.71,2,3,web
C0437,647.41,4,43,web
C0438,575.44,6,16,tienda
C0439,80.62,2,39,tienda
C0440,175.93,14,9,app
C0441,575.52,4,28,app
C0442,528.25,6,34,tienda
C0443,713.25,6,3,tienda
C0444,180.78,10,46,app
C0445,197.59,12,5,app
C0446,81.84,3,53,tienda
C0447,86.62,2,18,web
C0448,75.89,2,28,tienda
C0449,198.66,17,39,tienda
C0450,621.63,6,51,tienda
C0451,93.6,2,31,tienda
C0452,199.45,10,9,web
C0453,83.95,2,34,web
C0454,477.88,4,22,web
C0455,226.75,15,43,app
C0456,249.43,12,32,web
C0457,110.19,2,52,tienda
C0458,340.35,14,29,tienda
C0459,716.16,4,18,tienda
C0460,509.49,4,3,tienda
C0461,184.28,16,7,app
C0462,196.08,11,26,tienda
C0463,84.44,3,12,web
C0464,204.72,10,37,tienda
C0465,67.74,3,42,tienda
C0466,92.36,2,8,tienda
C0467,630.43,3,33,web
C0468,220.27,10,51,tienda
C0469,697.8,4,7,web
C0470,234.62,12,12,app
C0471,230.69,12,18,web
C0472,702.7,4,32,tienda
C0473,180.5,10,38,tienda
C0474,84.93,3,37,tienda
C0475,87.3,3,38,tienda
C0476,193.87,10,49,app
C0477,85.38,2,12,tienda
C0478,187.88,7,49,app
C0479,90.11,2,42,tienda
C0480,184.54,11,2,app
C0481,57.56,2,53,tienda
C0482,490.05,3,4,tienda
C0483,201.65,13,14,tienda
C0484,243.38,12,19,tienda
C0485,78.87,2,42,tienda
C0486,629.75,4,54,web
C0487,83.55,2,17,tienda
C0488,212.35,17,35,app
C0489,64.24,3,60,tienda
C0490,239.22,15,34,app
C0491,571.16,6,31,web
C0492,732.69,3,30,tienda
C0493,184.3,11,18,web
C0494,536.07,6,53,web
C0495,623.07,5,42,web
C0496,796.06,5,7,tienda
C0497,642.56,3,35,tienda
C0498,205.38,16,38,app
C0499,88.36,3,29,web
C0500,388.73,4,6,web
C0501,243.32,12,6,tienda
C0502,217.85,14,49,web
C0503,61.32,2,50,tienda
C0504,82.63,2,25,tienda
C0505,225.18,16,3,web
C0506,74.06,3,16,tienda
C0507,820.29,6,26,web
C0508,70.15,3,24,tienda
C0509,538.76,6,7,web
C0510,94.65,2,11,tienda
C0511,95.71,2,43,app
C0512,647.07,5,58,web
C0513,210.23,14,55,tienda
C0514,246.98,17,37,app
C0515,578.63,6,55,tienda
C0516,83.37,2,13,tienda
C0517,86.87,2,33,tienda
C0518,81.76,2,14,tienda
C0519,71.98,2,54,web
C0520,185.43,13,34,web
C0521,674.99,9,3,tienda
C0522,531.78,8,54,app
C0523,222.44,9,26,app
C0524,73.11,2,33,tienda
C0525,190.74,15,8,app
C0526,687.5,7,51,tienda
C0527,236.99,9,24,app
C0528,222.31,10,30,web
C0529,230.82,7,49,app
C0530,257.03,11,25,tienda
C0531,123.33,2,33,app
C0532,97.09,2,44,web
C0533,219.14,8,52,web
C0534,632.4,7,41,app
C0535,223.17,8,26,app
C0536,64.61,4,23,web
C0537,82.98,2,59,web
C0538,89.48,3,21,web
C0539,79.49,3,51,web
C0540,81.14,3,14,tienda
C0541,68.74,2,4,tienda
C0542,83.03,2,12,tienda
C0543,261.17,16,37,tienda
C0544,228.65,10,41,app
C0545,69.28,3,3,tienda
C0546,79.11,3,13,tienda
C0547,73.23,3,36,tienda
C0548,82.3,2,43,web
C0549,209.07,9,37,app
C0550,695.41,4,56,web
C0551,582.41,4,32,tienda
C0552,87.89,3,9,tienda
C0553,72.69,3,26,tienda
C0554,640.11,6,44,web
C0555,80.66,3,20,tienda
C0556,221.21,9,16,tienda
C0557,272.72,12,4,web
C0558,518.55,6,6,app
C0559,59.55,2,44,tienda
C0560,201.78,18,36,app
C0561,76.43,2,3,tienda
C0562,78.67,3,27,tienda
C0563,97.85,3,56,tienda
C0564,77.98,4,13,app
C0565,218.46,13,4,web
C0566,485.62,5,44,tienda
C0567,81.72,3,40,web
C0568,83.57,2,21,tienda
C0569,263.03,13,30,tienda
C0570,186.25,11,56,tienda
C0571,61.45,2,9,web
C0572,557.96,6,3,tienda
C0573,203.84,18,18,tienda
C0574,466.37,4,57,web
C0575,65.47,2,34,tienda
C0576,85.32,2,36,tienda
C0577,183.26,12,43,app
C0578,190.6,12,13,app
C0579,62.3,3,8,tienda
C0580,102.87,2,10,tienda
C0581,96.64,2,29,tienda
C0582,224.26,13,14,tienda
C0583,212.61,10,41,web
C0584,258.57,9,53,web
C0585,95.32,2,28,web
C0586,539.19,5,49,tienda
C0587,61.91,2,36,web
C0588,85.29,3,21,tienda
C0589,94.15,3,52,tienda
C0590,83.24,2,38,web
C0591,758.51,8,16,web
C0592,81.87,3,17,web
C0593,745.29,6,21,web
C0594,215.58,9,41,app
C0595,776.5,4,56,web
C0596,229,11,12,app
C0597,78.97,2,41,tienda
C0598,81.91,2,58,tienda
C0599,185.13,13,4,tienda
C0600,73.24,2,21,tienda
C0601,225.55,8,45,web
C0602,248.32,14,35,app
C0603,88.88,2,49,tienda
C0604,226.95,14,50,tienda
C0605,189.84,12,30,tienda
C0606,78.28,3,15,tienda
C0607,706.8,2,24,tienda
C0608,95.35,2,55,tienda
C0609,614.87,4,22,web
C0610,62.86,3,8,tienda
C0611,297.41,13,7,app
C0612,240.17,9,41,app
C0613,813.75,4,8,app
C0614,204.73,12,7,app
C0615,225.78,13,29,app
C0616,232.17,10,58,app
C0617,233.35,15,50,app
C0618,93.96,3,16,tienda
C0619,601.15,5,33,web
C0620,90.93,3,45,tienda
C0621,635.45,5,20,tienda
C0622,89.5,3,41,tienda
C0623,211.77,10,36,web
C0624,253.6,10,30,web
C0625,747.68,5,9,web
C0626,209.3,10,55,web
C0627,91.73,2,29,tienda
C0628,557.72,4,14,web
C0629,80,3,23,app
C0630,81.37,2,6,web
C0631,85.13,2,32,tienda
C0632,600.29,4,33,web
C0633,595.74,4,19,web
C0634,181.93,11,59,app
C0635,241.61,11,24,app
C0636,629.51,4,56,web
C0637,55.78,3,38,tienda
C0638,64.05,2,12,tienda
C0639,604.47,6,60,app
C0640,89.38,3,6,web
C0641,244.64,10,58,app
C0642,743.16,4,2,app
C0643,256.54,8,44,app
C0644,197.27,11,42,app
C0645,814.67,5,29,web
C0646,692.42,6,44,web
C0647,71.54,2,14,tienda
C0648,231.71,13,29,app
C0649,227.94,11,7,app
C0650,70.13,3,18,tienda
C0651,83.32,3,45,web
C0652,59.6,4,50,tienda
C0653,592.43,5,33,tienda
C0654,653.1,4,32,web
C0655,84.32,4,6,tienda
C0656,817.92,5,15,app
C0657,623.65,7,1,tienda
C0658,564.55,6,9,web
C0659,66.43,2,38,tienda
C0660,76.4,3,44,tienda
C0661,857.08,4,24,web
C0662,87.82,2,28,tienda
C0663,65.36,2,23,web
C0664,553.56,5,22,tienda
C0665,233.49,17,31,app
C0666,88.18,2,20,web
C0667,78.62,2,38,tienda
C0668,53.81,2,57,web
C0669,616.4,6,49,web
C0670,612.4,5,53,tienda
C0671,747.05,4,5,tienda
C0672,683.48,4,39,web
C0673,624.71,5,14,tienda
C0674,254.19,14,26,web
C0675,551.37,7,50,web
C0676,586.56,5,55,tienda
C0677,266.9,10,29,app
C0678,89.64,2,37,tienda
C0679,580.82,7,58,tienda
C0680,85.06,3,42,web
C0681,82.79,3,17,tienda
C0682,169.71,12,51,web
C0683,553.35,6,1,tienda
C0684,554.6,6,27,web
C0685,603.23,4,33,tienda
C0686,524.8,4,31,web
C0687,595.74,3,5,web
C0688,63.04,3,42,web
C0689,77.73,3,26,web
C0690,72.97,2,37,tienda
C0691,182.26,13,21,app
C0692,649.49,5,24,tienda
C0693,63.44,4,58,tienda
C0694,70.04,2,37,tienda
C0695,179.42,9,32,web
C0696,714.07,5,25,web
C0697,660.72,6,24,web
C0698,225.81,16,19,web
C0699,174.78,6,18,web
C0700,66.43,2,5,app
C0701,334.82,20,34,app
C0702,508.53,4,23,web
C0703,494.91,6,23,tienda
C0704,67.42,2,23,tienda
C0705,76.16,3,9,tienda
C0706,84.39,3,10,tienda
C0707,183.5,14,34,tienda
C0708,694.04,5,2,web
C0709,96.03,3,8,tienda
C0710,274.95,12,3,tienda
C0711,669.41,6,36,web
C0712,254.38,11,24,app
C0713,720.89,5,44,app
C0714,540.37,5,44,app
C0715,192.5,12,4,app
C0716,220.53,9,2,web
C0717,557.62,5,27,web
C0718,207.6,17,15,app
C0719,78.05,2,28,tienda
C0720,240.34,8,59,app
C0721,91.68,3,30,tienda
C0722,111.89,3,59,tienda
C0723,238.58,18,54,app
C0724,80.75,2,10,tienda
C0725,215.86,11,39,app
C0726,551.98,5,9,web
C0727,91.86,3,16,tienda
C0728,74.39,3,47,tienda
C0729,514.43,8,27,web
C0730,855.65,5,36,tienda
C0731,72.36,3,44,tienda
C0732,166.43,14,10,app
C0733,65.95,2,52,app
C0734,568.3,3,52,tienda
C0735,309.56,8,15,web
C0736,82.09,2,9,app
C0737,74.33,2,8,tienda
C0738,92.91,2,24,tienda
C0739,492.99,6,56,tienda
C0740,200.87,15,48,app
C0741,252.89,16,46,app
C0742,188.09,14,11,app
C0743,78.9,3,25,tienda
C0744,207.97,18,40,web
C0745,58.14,2,31,tienda
C0746,741.99,4,55,tienda
C0747,72.14,2,14,tienda
C0748,661.31,7,8,tienda
C0749,75.58,4,3,tienda
C0750,517.25,5,31,web
C0751,190.74,12,13,app
C0752,192.99,13,58,tienda
C0753,62.17,3,42,web
C0754,53.97,2,27,web
C0755,101.56,3,11,tienda
C0756,70.98,2,57,tienda
C0757,285.38,9,31,web
C0758,90.27,2,38,tienda
C0759,596.7,5,28,web
C0760,77.36,2,12,tienda
C0761,200.99,14,47,web
C0762,237.77,15,56,app
C0763,233.58,12,1,web
C0764,230.04,15,17,tienda
C0765,77.19,4,49,tienda
C0766,241,13,6,web
C0767,192.8,13,19,web
C0768,205.14,11,11,app
C0769,622.23,5,36,app
C0770,531.56,4,40,app
C0771,164.79,15,54,app
C0772,244.53,11,18,web
C0773,794.65,5,32,tienda
C0774,664.14,5,48,web
C0775,458.82,5,9,tienda
C0776,224.47,17,34,web
C0777,254.31,13,37,tienda
C0778,239.01,11,8,tienda
C0779,214.82,16,23,app
C0780,831.49,7,30,tienda
C0781,284.23,13,8,app
C0782,181.41,18,45,web
C0783,82.19,2,15,web
C0784,214.85,12,28,app
C0785,635.45,6,28,web
C0786,567.81,4,38,web
C0787,84.61,2,39,tienda
C0788,229.9,14,13,app
C0789,87.2,3,27,web
C0790,683.84,8,27,app
C0791,77.68,2,25,tienda
C0792,597.23,6,5,web
C0793,181.25,17,12,app
C0794,187.73,12,28,web
C0795,630.74,7,59,tienda
C0796,78.17,3,32,tienda
C0797,607.92,7,5,web
C0798,642.96,4,26,web
C0799,186.29,13,31,web
C0800,168.12,15,14,web
C0801,80.19,3,50,tienda
C0802,601.59,9,15,web
C0803,514.84,4,43,web
C0804,656.57,6,14,tienda
C0805,97.74,2,41,tienda
C0806,81.06,2,6,web
C0807,95.82,3,4,web
C0808,76.71,2,21,tienda
C0809,645.64,6,59,web
C0810,187.57,10,1,app
C0811,766.34,4,41,web
C0812,252.41,11,45,web
C0813,91.08,3,10,web
C0814,612.1,4,5,tienda
C0815,80.9,2,19,tienda
C0816,202.62,10,57,app
C0817,257.43,11,49,web
C0818,74.03,2,10,app
C0819,832.91,5,46,tienda
C0820,75.06,2,36,tienda
C0821,222.04,7,50,app
C0822,313,9,43,tienda
C0823,233.98,17,2,web
C0824,619.3,5,39,app
C0825,592.79,5,59,tienda
C0826,61.28,3,43,tienda
C0827,696.52,7,5,tienda
C0828,102.68,2,35,web
C0829,73.28,4,20,tienda
C0830,90.34,2,53,tienda
C0831,155.37,9,12,app
C0832,207.19,10,8,app
C0833,61.36,2,40,web
C0834,199.31,13,11,web
C0835,659.85,5,56,tienda
C0836,73.08,2,19,web
C0837,191.82,18,4,app
C0838,456.79,3,21,app
C0839,94.75,3,19,tienda
C0840,111.04,2,31,web
C0841,192.93,13,4,tienda
C0842,229.76,9,56,web
C0843,587.18,6,39,tienda
C0844,63.96,2,14,tienda
C0845,495.61,3,6,tienda
C0846,73.9,3,27,tienda
C0847,506.63,5,23,web
C0848,268.77,11,60,tienda
C0849,246.35,11,32,tienda
C0850,95.47,4,16,web
C0851,79.73,2,21,tienda
C0852,262.11,9,9,web
C0853,89.85,2,9,web
C0854,76.86,3,16,web
C0855,97.39,4,58,app
C0856,77.08,3,57,tienda
C0857,201.93,13,9,app
C0858,292.64,11,52,tienda
C0859,751,5,29,tienda
C0860,663.33,5,60,web
C0861,631.53,4,56,tienda
C0862,75.34,3,55,tienda
C0863,156.69,12,42,app
C0864,64.44,3,2,app
C0865,89.02,3,24,app
C0866,265.31,13,53,web
C0867,243.63,12,15,web
C0868,652.28,6,57,web
C0869,75.05,3,20,tienda
C0870,86.31,3,39,web
C0871,229.96,11,52,tienda
C0872,616.71,4,8,web
C0873,529.49,7,38,tienda
C0874,97.46,2,13,tienda
C0875,222.21,15,42,web
C0876,223.2,13,16,app
C0877,66.01,2,4,app
C0878,608.49,5,25,tienda
C0879,631.37,8,9,web
C0880,71.26,3,54,tienda
C0881,248.52,12,12,app
C0882,635.8,5,25,tienda
C0883,198.91,12,6,app
C0884,222.35,12,51,app
C0885,263.82,13,10,app
C0886,558.99,4,23,web
C0887,816.4,5,59,web
C0888,609.27,4,31,tienda
C0889,574.45,4,41,app
C0890,234.26,7,60,web
C0891,715.57,5,38,web
C0892,73.24,3,52,tienda
C0893,616.97,6,25,tienda
C0894,215.55,12,8,tienda
C0895,654.92,5,45,web
C0896,264.85,14,43,app
C0897,267.19,11,11,app
C0898,219.51,16,32,web
C0899,746.99,9,5,web
C0900,255.15,13,19,app
C0901,91.45,2,8,tienda
C0902,237.21,10,6,web
C0903,732.2,4,18,tienda
C0904,885.38,5,22,tienda
C0905,271.37,11,16,app
C0906,91.8,3,15,web
C0907,216.63,12,12,app
C0908,187.62,16,16,app
C0909,201.77,11,2,app
C0910,223.56,12,21,web
C0911,84.82,3,13,web
C0912,198.14,15,41,web
C0913,219.04,13,19,app
C0914,909.16,5,4,web
C0915,189.64,11,15,app
C0916,245.89,13,26,tienda
C0917,650.95,4,4,web
C0918,75.82,2,50,tienda
C0919,602.64,4,22,tienda
C0920,87.3,2,33,app
C0921,80.57,3,45,tienda
C0922,566.58,4,55,tienda
C0923,867.97,5,13,tienda
C0924,601.64,4,39,web
C0925,134.73,13,22,tienda
C0926,100.79,2,47,tienda
C0927,81.14,2,37,tienda
C0928,219.48,12,41,app
C0929,185.5,10,58,app
C0930,251.17,10,5,web
C0931,290.37,14,5,web
C0932,66.23,3,56,tienda
C0933,695.42,5,36,tienda
C0934,96.66,2,22,tienda
C0935,94.81,2,13,tienda
C0936,690.09,5,12,tienda
C0937,82.88,3,1,tienda
C0938,68.87,3,9,web
C0939,55.7,3,16,app
C0940,93.25,3,24,tienda
C0941,106.57,3,9,web
C0942,198.34,15,56,web
C0943,96.4,3,10,tienda
C0944,576.44,5,2,web
C0945,256.22,14,40,web
C0946,67.56,2,54,web
C0947,92.2,3,45,app
C0948,280.51,13,22,app
C0949,88.47,1,15,tienda
C0950,543.46,5,22,tienda
C0951,190.87,14,3,app
C0952,197.56,13,23,app
C0953,178.62,11,18,app
C0954,758.46,3,29,tienda
C0955,90.96,2,18,tienda
C0956,221.76,10,16,app
C0957,154.38,13,32,app
C0958,88.57,3,33,tienda
C0959,58.41,2,4,web
C0960,234.94,14,50,app
C0961,87.37,3,11,tienda
C0962,69.13,3,15,app
C0963,94.87,2,17,tienda
C0964,62.8,3,26,tienda
C0965,238.47,14,6,tienda
C0966,230.23,10,41,app
C0967,253.8,16,19,app
C0968,208.88,14,51,app
C0969,579.6,6,43,tienda
C0970,202.53,13,2,app
C0971,682.61,6,47,app
C0972,76.95,2,30,tienda
C0973,628.96,4,26,tienda
C0974,73.72,2,45,tienda
C0975,90.96,3,47,app
C0976,259.23,14,60,tienda
C0977,70.44,5,60,web
C0978,276.55,11,57,tienda
C0979,80.13,3,5,web
C0980,535.87,6,58,tienda
C0981,608.62,5,57,web
C0982,66.27,2,46,tienda
C0983,220.13,14,46,web
C0984,656.45,5,45,tienda
C0985,72.86,2,13,app
C0986,477.4,5,40,tienda
C0987,647.25,8,48,app
C0988,193.37,14,15,app
C0989,232.47,10,17,web
C0990,74.12,3,39,app
C0991,92.35,4,59,web
C0992,619.9,5,53,tienda
C0993,227.49,21,60,web
C0994,227.73,12,4,app
C0995,69.4,2,45,web
C0996,197.13,16,45,app
C0997,88.88,3,1,tienda
C0998,257.11,11,47,app
C0999,791.75,5,1,web
C1000,80.36,2,51,web
C1001,259.97,10,7,app
C1002,74.81,2,16,app
C1003,70.93,3,41,tienda
C1004,79.82,2,37,tienda
C1005,627.75,4,26,web
C1006,110.32,2,9,tienda
C1007,73.28,2,18,web
C1008,257.75,13,8,tienda
C1009,235.73,17,35,web
C1010,81.26,2,23,app
C1011,69.58,4,30,tienda
C1012,678.63,4,50,web
C1013,173.53,9,8,tienda
C1014,854.21,4,10,tienda
C1015,62.07,2,32,app
C1016,80.07,2,39,tienda
C1017,512.16,4,34,web
C1018,268.97,16,43,app
C1019,97.31,3,41,app
C1020,234.41,8,39,tienda
C1021,71.66,2,46,app
C1022,95.51,2,39,tienda
C1023,202.23,11,18,web
C1024,87.15,3,59,tienda
C1025,458.91,8,30,tienda
C1026,211.4,15,34,web
C1027,234.96,10,34,tienda
C1028,204.63,12,39,app
C1029,256.37,13,49,web
C1030,169.44,8,25,app
C1031,214.53,15,36,web
C1032,645.32,6,45,tienda
C1033,74.87,4,48,tienda
C1034,180.79,13,53,app
C1035,614.4,5,54,tienda
C1036,89.21,3,17,web
C1037,82.86,2,14,tienda
C1038,88.78,2,56,tienda
C1039,101.37,3,57,tienda
C1040,159,12,48,app
C1041,231.14,11,23,web
C1042,280.3,12,8,web
C1043,217.06,11,51,web
C1044,230.81,17,19,app
C1045,201.53,11,30,app
C1046,74.4,3,39,tienda
C1047,78.19,3,55,tienda
C1048,78.19,5,11,tienda
C1049,67.83,3,49,app
C1050,86.15,2,2,tienda
C1051,69.29,3,54,web
C1052,289.04,9,37,app
C1053,242.23,17,37,tienda
C1054,92.8,3,54,tienda
C1055,89.45,2,59,tienda
C1056,245.42,20,58,app
C1057,210.63,12,27,web
C1058,188.06,13,27,app
C1059,183.26,15,22,app
C1060,274.2,14,8,web
C1061,262.35,9,11,web
C1062,286.53,11,1,app
C1063,625.51,6,58,tienda
C1064,98.02,3,32,web
C1065,182.42,14,44,app
C1066,209.67,15,49,web
C1067,744.2,6,21,tienda
C1068,79.18,3,24,web
C1069,245.37,12,7,app
C1070,183.99,10,26,app
C1071,252.8,11,8,app
C1072,72.8,4,49,web
C1073,247.33,11,32,tienda
C1074,533.02,4,37,web
C1075,263.54,11,8,tienda
C1076,63.14,2,14,tienda
C1077,101.82,2,35,app
C1078,74.09,3,19,web
C1079,704.47,4,60,web
C1080,77.24,3,11,tienda
C1081,95.32,2,7,tienda
C1082,210.72,16,9,app
C1083,80.67,3,19,web
C1084,68.04,3,55,web
C1085,78.52,3,40,web
C1086,199.25,11,9,web
C1087,754.97,4,34,tienda
C1088,252.55,10,18,app
C1089,72.65,3,28,tienda
C1090,84.11,2,19,web
C1091,82.99,3,21,app
C1092,76.64,4,28,tienda
C1093,527.67,4,23,app
C1094,110.28,3,6,tienda
C1095,254.91,13,27,app
C1096,77.98,3,35,web
C1097,209.2,8,30,web
C1098,73.66,3,33,tienda
C1099,552.66,7,50,web
C1100,188.59,15,28,app
C1101,609.53,3,11,web
C1102,638.29,5,33,web
C1103,69.94,3,8,tienda
C1104,91.83,2,45,web
C1105,70.28,3,39,tienda
C1106,93.67,2,41,tienda
C1107,79.21,2,53,tienda
C1108,82.17,2,52,tienda
C1109,227.13,14,11,app
C1110,201.68,16,37,app
C1111,537.29,6,33,web
C1112,257.66,13,58,web
C1113,200.41,15,36,app
C1114,465.99,6,59,web
C1115,456.27,4,37,web
C1116,533.51,5,39,web
C1117,226.92,12,20,tienda
C1118,202.97,15,60,app
C1119,61.14,2,5,tienda
C1120,75.91,3,7,web
C1121,594.52,6,56,web
C1122,511.52,4,26,web
C1123,83.38,3,57,tienda
C1124,219.97,9,54,app
C1125,113.2,2,52,tienda
C1126,239.88,16,26,app
C1127,140.55,8,32,app
C1128,506.51,5,40,tienda
C1129,234.51,17,17,tienda
C1130,577.52,5,16,web
C1131,72.61,3,48,app
C1132,611.36,5,19,web
C1133,648.06,5,56,web
C1134,93.11,3,59,tienda
C1135,583.43,6,50,tienda
C1136,207.68,13,44,app
C1137,80.31,1,2,tienda
C1138,156.18,21,46,web
C1139,210.64,14,2,web
C1140,196.42,20,5,web
C1141,583.02,4,18,web
C1142,661.37,5,50,web
C1143,193.61,12,21,tienda
C1144,77.99,2,8,tienda
C1145,85.6,2,20,tienda
C1146,263.07,12,38,web
C1147,98.68,3,18,tienda
C1148,291.07,14,47,app
C1149,248.88,10,29,web
C1150,676.63,8,8,web
C1151,81.54,3,40,tienda
C1152,595.13,5,22,web
C1153,271.2,16,51,tienda
C1154,272.36,11,53,tienda
C1155,75.51,2,48,web
C1156,259.6,18,21,app
C1157,69.68,3,27,web
C1158,557.65,6,12,web
C1159,83.87,2,26,tienda
C1160,95.04,3,5,tienda
C1161,206.7,8,15,app
C1162,673.24,4,27,tienda
C1163,205.88,13,48,app
C1164,214.88,13,5,app
C1165,191.79,10,53,web
C1166,75.61,3,52,web
C1167,82.61,3,40,web
C1168,599.67,5,28,web
C1169,234.08,16,22,tienda
C1170,98.24,3,35,tienda
C1171,100.34,4,37,tienda
C1172,651.44,4,41,web
C1173,56.06,3,12,tienda
C1174,80.01,3,36,web
C1175,78.81,3,25,web
C1176,84.17,3,27,tienda
C1177,209.13,10,34,app
C1178,193.98,15,11,app
C1179,81.23,3,46,tienda
C1180,690.53,3,11,tienda
C1181,93.79,3,33,tienda
C1182,712.66,5,48,web
C1183,180.21,11,30,tienda
C1184,83.13,2,26,web
C1185,247.27,13,30,tienda
C1186,91.47,2,8,tienda
C1187,80.43,2,54,app
C1188,59.79,3,16,tienda
C1189,96.58,3,51,tienda
C1190,245.05,10,56,app
C1191,689.31,4,34,web
C1192,72.89,2,13,web
C1193,270.14,15,16,web
C1194,80.55,3,51,web
C1195,243,12,21,app
C1196,86.39,3,40,tienda
C1197,101.66,3,20,tienda
C1198,82.91,2,31,tienda
C1199,500.21,7,47,app
C1200,197.3,12,37,web
C1201,222.23,11,17,app
C1202,275.86,11,5,web
C1203,657.73,7,9,app
C1204,71.2,2,51,web
C1205,678.79,5,38,app
C1206,202.52,17,47,app
C1207,190.01,13,51,app
C1208,229.89,17,11,app
C1209,203.41,15,39,app
C1210,69.24,3,34,tienda
C1211,96.98,2,34,tienda
C1212,78,2,48,tienda
C1213,201.38,13,46,tienda
C1214,240.75,17,22,tienda
C1215,748.36,6,2,tienda
C1216,646.87,4,31,web
C1217,690.49,5,32,tienda
C1218,90.71,3,12,tienda
C1219,65.72,2,49,app
C1220,656.12,4,52,web
C1221,594.94,4,42,tienda
C1222,212.53,10,25,web
C1223,83.75,2,20,tienda
C1224,80.33,2,28,tienda
C1225,81.25,2,28,web
C1226,95.61,3,56,app
C1227,67.28,2,32,tienda
C1228,150.68,12,36,app
C1229,80.72,3,41,tienda
C1230,63.84,3,54,web
C1231,199.43,14,50,tienda
C1232,83.12,2,18,tienda
C1233,445.83,5,27,tienda
C1234,858.65,5,14,tienda
C1235,187.75,15,17,tienda
C1236,569.19,5,31,tienda
C1237,231.52,11,47,web
C1238,64.42,2,43,tienda
C1239,187.68,10,41,app
C1240,265.37,10,28,app
C1241,267.63,8,12,web
C1242,597.13,6,39,tienda
C1243,467.57,5,25,tienda
C1244,86.65,3,49,tienda
C1245,255.7,13,33,app
C1246,239.37,14,20,app
C1247,92.78,2,12,web
C1248,598.59,5,52,tienda
C1249,66.78,2,32,web
C1250,67.98,3,57,tienda
C1251,80.56,3,60,web
C1252,497.91,7,44,tienda
C1253,102.68,2,32,tienda
C1254,88.96,2,40,web
C1255,58.83,2,28,tienda
C1256,238.08,13,60,app
C1257,75.45,1,6,web
C1258,256.14,13,9,app
C1259,66.11,3,30,app
C1260,594.48,6,48,tienda
C1261,812.96,5,7,web
C1262,92.67,2,12,web
C1263,208.43,15,23,app
C1264,64.63,3,2,web
C1265,267.34,12,48,app
C1266,227.54,14,32,app
C1267,273.73,17,19,app
C1268,208.13,12,28,web
C1269,90.4,2,35,tienda
C1270,83.14,3,40,web
C1271,81.16,2,58,tienda
C1272,233.5,10,37,tienda
C1273,573.82,4,30,tienda
C1274,106.19,3,18,web
C1275,96.3,2,28,tienda
C1276,162.91,13,30,app
C1277,64.18,4,6,app
C1278,610.47,5,54,tienda
C1279,184,11,44,web
C1280,772.9,7,13,app
C1281,87.21,3,53,web
C1282,73.25,3,27,tienda
C1283,181.4,12,59,app
C1284,511.65,5,11,web
C1285,90.23,2,52,app
C1286,79.46,2,23,web
C1287,200.71,11,56,web
C1288,238.25,11,53,web
C1289,249.81,13,20,tienda
C1290,559.63,5,44,tienda
C1291,1050.56,4,7,web
C1292,220.49,14,14,tienda
C1293,583.19,6,8,app
C1294,256.1,14,6,web
C1295,68.64,2,13,tienda
C1296,628.83,6,51,tienda
C1297,305.77,13,4,app
C1298,701.11,5,25,web
C1299,195.71,16,20,app
C1300,653.2,5,29,web
C1301,205.88,13,39,tienda
C1302,75.11,4,8,tienda
C1303,191.14,13,39,app
C1304,640.02,4,43,web
C1305,550.29,4,25,tienda
C1306,68.17,2,23,tienda
C1307,221.66,14,40,app
C1308,95.27,3,17,tienda
C1309,647.03,4,42,tienda
C1310,721.32,5,57,web
C1311,66.49,2,14,web
C1312,72.38,2,36,web
C1313,198.25,11,4,app
C1314,240.2,15,50,app
C1315,67.88,3,60,tienda
C1316,84.48,2,16,tienda
C1317,75.79,3,26,tienda
C1318,76.89,2,15,tienda
C1319,74.91,2,7,tienda
C1320,230.61,18,36,web
C1321,631.05,7,58,web
C1322,203.04,20,16,app
C1323,166.32,11,25,app
C1324,72.94,2,46,tienda
C1325,236.4,12,21,web
C1326,68.35,3,6,app
C1327,713.91,5,47,web
C1328,62.44,2,27,tienda
C1329,91.7,3,36,tienda
C1330,90.49,2,9,web
C1331,617.03,5,23,web
C1332,74.81,5,53,tienda
C1333,823.91,5,57,tienda
C1334,216.5,16,25,app
C1335,570.83,4,3,tienda
C1336,252.62,13,1,app
C1337,259.17,8,14,web
C1338,155.1,13,57,app
C1339,246.36,11,35,tienda
C1340,236.67,12,25,app
C1341,74.15,2,21,web
C1342,78.64,2,14,tienda
C1343,234.61,9,17,app
C1344,595.77,8,42,tienda
C1345,529.67,6,25,web
C1346,782.39,4,3,tienda
C1347,72.57,3,3,app
C1348,106.2,2,33,app
C1349,83.6,2,59,tienda
C1350,258.76,16,41,app
C1351,93.98,4,8,tienda
C1352,203.69,12,35,web
C1353,75.82,2,31,tienda
C1354,214.5,17,51,app
C1355,640.72,6,40,tienda
C1356,206.93,12,45,tienda
C1357,769.17,6,60,web
C1358,227.22,7,31,app
C1359,197.31,13,38,web
C1360,262.2,11,55,app
C1361,89.42,3,24,tienda
C1362,88.06,3,18,web
C1363,77.96,2,53,web
C1364,80.29,2,52,tienda
C1365,74.38,2,54,app
C1366,76.05,4,1,tienda
C1367,71.98,2,33,tienda
C1368,84.32,3,19,tienda
C1369,664.8,3,48,tienda
C1370,229.8,15,6,app
C1371,637.93,6,10,web
C1372,210.57,12,53,web
C1373,70.47,2,44,tienda
C1374,498.56,4,37,tienda
C1375,644,4,35,app
C1376,77.42,3,1,tienda
C1377,103.47,2,51,web
C1378,229.12,9,53,app
C1379,606.76,7,44,app
C1380,99.89,2,5,tienda
C1381,77.52,2,19,tienda
C1382,709.29,5,46,tienda
C1383,76.51,2,30,web
C1384,83.25,3,47,tienda
C1385,84.08,3,37,tienda
C1386,697.21,6,13,web
C1387,218.97,12,9,app
C1388,627.4,4,39,tienda
C1389,583.37,6,1,web
C1390,84.69,3,41,tienda
C1391,83.14,2,49,web
C1392,83.72,3,53,tienda
C1393,207.46,14,13,app
C1394,212.39,13,50,web
C1395,78.86,2,39,web
C1396,559.81,6,39,tienda
C1397,233.11,14,17,tienda
C1398,203.03,13,34,app
C1399,192.85,14,21,app
C1400,77.8,2,46,tienda
C1401,630.22,3,14,web
C1402,495.12,6,38,tienda
C1403,60,3,40,tienda
C1404,255.66,14,20,app
C1405,580.51,6,25,tienda
C1406,99.05,2,16,tienda
C1407,61.29,3,27,tienda
C1408,250.83,9,12,tienda
C1409,76.8,3,39,tienda
C1410,290.14,13,45,web
C1411,822.8,6,20,app
C1412,191.41,10,26,tienda
C1413,775.41,5,7,web
C1414,83.18,3,49,web
C1415,83.25,2,25,tienda
C1416,80.05,2,25,tienda
C1417,238.91,11,60,app
C1418,99.92,3,4,web
C1419,620.39,4,26,tienda
C1420,63.25,2,11,tienda
C1421,215.85,12,41,app
C1422,183.67,15,23,app
C1423,266.85,10,22,app
C1424,191.52,12,56,web
C1425,212.34,9,24,web
C1426,753.91,5,9,tienda
C1427,202.98,12,50,web
C1428,697.19,4,36,web
C1429,79.7,3,35,web
C1430,84.05,2,25,app
C1431,577.25,9,45,tienda
C1432,246.79,14,7,app
C1433,98.03,4,3,tienda
C1434,231.35,11,30,tienda
C1435,227.12,12,9,tienda
C1436,633.55,6,54,web
C1437,76.67,2,52,app
C1438,205.35,12,38,app
C1439,796.75,5,39,tienda
C1440,72.51,2,24,tienda
C1441,82.6,2,56,tienda
C1442,239.49,13,26,web
C1443,528.22,5,29,web
C1444,204.81,12,52,tienda
C1445,69.87,3,2,tienda
C1446,69.91,2,6,tienda
C1447,228.54,9,12,tienda
C1448,229.42,8,36,app
C1449,533.71,3,51,web
C1450,240.98,15,53,tienda
C1451,226.12,15,59,web
C1452,186.19,9,11,tienda
C1453,870.67,4,39,tienda
C1454,757.6,6,36,tienda
C1455,77.95,3,50,tienda
C1456,1065.78,5,4,web
C1457,682.24,6,15,tienda
C1458,228.38,20,52,app
C1459,302.5,8,54,app
C1460,526.52,5,9,tienda
C1461,242.41,17,35,tienda
C1462,72.34,2,18,tienda
C1463,76.72,2,45,tienda
C1464,528.14,4,31,tienda
C1465,239.77,14,22,web
C1466,223.28,13,52,tienda
C1467,95.95,2,54,tienda
C1468,78.04,3,11,tienda
C1469,193.48,11,31,web
C1470,93.93,2,41,tienda
C1471,73.74,2,47,web
C1472,220.27,14,5,app
C1473,97.77,2,32,tienda
C1474,120.15,2,31,tienda
C1475,275.83,15,35,web
C1476,82.29,3,12,tienda
C1477,74.74,3,29,tienda
C1478,71.66,3,31,web
C1479,83.03,2,23,tienda
C1480,242.01,12,18,app
C1481,539,5,53,web
C1482,76.77,3,59,tienda
C1483,218.48,10,34,web
C1484,632.58,6,49,web
C1485,88.8,3,18,tienda
C1486,81.53,3,31,tienda
C1487,192.11,12,26,web
C1488,84.53,2,14,tienda
C1489,66.48,2,21,web
C1490,75.8,3,10,tienda
C1491,75.42,3,28,tienda
C1492,68.52,4,52,tienda
C1493,666.82,4,58,web
C1494,71.57,2,11,tienda
C1495,180.16,16,2,tienda
C1496,733.58,5,60,tienda
C1497,657.79,3,28,app
C1498,495.6,4,25,web
C1499,83.05,2,35,tienda
C1500,105.27,3,41,web
C1501,564.65,5,13,tienda
C1502,563.06,5,55,tienda
C1503,74.75,3,59,app
C1504,188.96,15,47,app
C1505,81.01,3,25,tienda
C1506,204.33,8,10,tienda
C1507,87.34,2,7,web
C1508,245.87,16,56,web
C1509,65.27,3,16,tienda
C1510,650.17,3,45,web
C1511,62.23,3,26,tienda
C1512,735.58,3,25,web
C1513,185.41,12,42,web
C1514,59.01,3,24,web
C1515,83.03,4,28,web
C1516,52.81,2,13,web
C1517,182.96,14,51,app
C1518,81.89,4,33,tienda
C1519,89.78,3,45,tienda
C1520,576.62,5,39,web
C1521,86.65,3,42,tienda
C1522,272.83,12,28,web
C1523,74.31,2,5,web
C1524,71.36,2,29,tienda
C1525,624.05,4,23,app
C1526,698.97,4,20,tienda
C1527,538.44,5,17,web
C1528,160.65,8,4,app
C1529,257.8,10,13,tienda
C1530,215.95,10,54,web
C1531,232.29,15,54,app
C1532,641.32,5,30,web
C1533,74.81,2,6,tienda
C1534,215.24,12,19,web
C1535,95.11,2,54,web
C1536,245.67,14,39,tienda
C1537,92.67,2,23,tienda
C1538,216.02,14,34,web
C1539,199.11,12,46,app
C1540,219.81,9,47,tienda
C1541,657.75,4,32,web
C1542,80.7,3,10,tienda
C1543,74.26,3,21,tienda
C1544,573.58,4,20,tienda
C1545,639.31,5,8,web
C1546,88.4,4,51,app
C1547,523.95,7,15,tienda
C1548,600.43,4,19,app
C1549,549.41,6,28,tienda
C1550,188.86,11,16,web
C1551,76.35,4,12,tienda
C1552,733,6,40,web
C1553,220.81,8,32,app
C1554,609.33,4,14,tienda
C1555,79.38,3,27,web
C1556,192.71,10,28,tienda
C1557,91.08,2,13,tienda
C1558,97.33,2,58,web
C1559,683.32,4,32,tienda
C1560,204.26,11,28,app
C1561,77.99,3,51,tienda
C1562,181.99,11,35,web
C1563,89.89,3,12,app
C1564,60.58,2,28,web
C1565,69.46,3,37,tienda
C1566,176.01,10,56,app
C1567,82.48,3,14,web
C1568,675.77,7,37,tienda
C1569,654,4,48,app
C1570,59.34,3,13,tienda
C1571,200.36,15,33,app
C1572,266.68,17,11,tienda
C1573,93.76,2,22,tienda
C1574,89.78,2,22,tienda
C1575,500.16,3,26,web
C1576,204.94,11,14,tienda
C1577,651.37,6,43,tienda
C1578,248.52,10,35,app
C1579,80.58,1,11,tienda
C1580,232.25,15,60,tienda
C1581,592.73,4,41,web
C1582,76.97,2,54,app
C1583,647.27,5,49,web
C1584,229.02,14,59,app
C1585,681.78,4,29,tienda
C1586,236.03,10,50,app
C1587,87.07,3,32,tienda
C1588,213.73,7,29,tienda
C1589,55.18,2,22,tienda
C1590,199.76,13,3,web
C1591,660.17,4,25,web
C1592,226.29,9,17,tienda
C1593,88.96,3,52,tienda
C1594,81.82,2,37,web
C1595,239.3,14,19,app
C1596,200.01,10,50,web
C1597,236.93,12,50,app
C1598,80.45,3,5,tienda
C1599,65.9,2,5,tienda
C1600,279.88,10,5,app
C1601,237.93,10,2,web
C1602,96.37,2,56,web
C1603,506.66,4,21,tienda
C1604,192.52,9,42,app
C1605,230.55,10,28,app
C1606,757.87,5,15,web
C1607,80.13,3,57,web
C1608,72.93,2,14,tienda
C1609,78.67,3,23,tienda
C1610,92.94,3,28,tienda
C1611,105.96,2,33,tienda
C1612,268.44,10,26,web
C1613,242.49,12,33,app
C1614,239.96,15,31,web
C1615,226.82,11,3,tienda
C1616,628.15,5,39,tienda
C1617,219.32,13,13,tienda
C1618,106.95,3,23,tienda
C1619,117.74,2,29,tienda
C1620,102.52,2,24,web
C1621,180.5,13,29,app
C1622,220.51,11,36,tienda
C1623,244.81,17,59,app
C1624,69.44,3,41,tienda
C1625,69.27,3,33,app
C1626,252.89,18,29,web
C1627,283.46,15,43,app
C1628,65.62,2,54,web
C1629,249.07,11,23,app
C1630,252.54,16,8,web
C1631,207.79,16,60,tienda
C1632,79.64,2,51,web
C1633,243.37,16,15,web
C1634,230.54,12,49,app
C1635,233.49,17,27,app
C1636,174.4,16,53,tienda
C1637,78.36,3,12,web
C1638,191.94,13,41,tienda
C1639,721.06,3,18,tienda
C1640,235.54,17,26,tienda
C1641,634.81,5,32,web
C1642,241.44,7,56,tienda
C1643,85.93,3,12,tienda
C1644,229.42,13,6,app
C1645,82.94,2,57,web
C1646,660.44,6,40,tienda
C1647,81.44,2,39,tienda
C1648,196.66,8,59,app
C1649,83.93,3,24,tienda
C1650,69.9,3,47,tienda
C1651,279.87,14,34,app
C1652,658.96,5,60,web
C1653,222.48,13,53,web
C1654,62.98,2,51,tienda
C1655,781.81,5,45,web
C1656,68.86,2,8,tienda
C1657,648.38,6,30,app
C1658,190.66,12,4,tienda
C1659,872.68,5,10,tienda
C1660,110.95,3,34,web
C1661,58.18,3,40,web
C1662,506.89,4,35,web
C1663,254.24,11,43,app
C1664,69.62,3,46,tienda
C1665,187.14,14,32,app
C1666,270.4,8,35,web
C1667,97.66,2,19,web
C1668,231.71,20,49,web
C1669,191.48,9,47,tienda
C1670,222.68,15,5,app
C1671,78.95,2,9,web
C1672,66.93,2,49,tienda
C1673,83.96,3,46,tienda
C1674,244.87,7,55,app
C1675,80.55,3,8,web
C1676,589.31,5,40,tienda
C1677,102.12,3,25,web
C1678,213.13,14,22,app
C1679,263.38,11,17,app
C1680,72.03,3,1,tienda
C1681,153.02,12,49,web
C1682,214.61,10,22,app
C1683,683.63,5,32,web
C1684,231.98,9,21,app
C1685,70.24,2,8,tienda
C1686,634.02,5,59,tienda
C1687,77.49,2,46,tienda
C1688,587.38,4,46,tienda
C1689,92.05,3,26,web
C1690,193.94,12,15,web
C1691,691.13,3,17,web
C1692,70.69,4,11,tienda
C1693,78.03,4,53,tienda
C1694,79.98,3,4,tienda
C1695,79.13,2,20,web
C1696,236.06,12,37,tienda
C1697,84.58,2,57,web
C1698,272.7,9,11,tienda
C1699,88.22,2,22,tienda
C1700,777.09,6,21,tienda
C1701,279.11,9,38,web
C1702,82.88,2,34,tienda
C1703,677.01,6,13,web
C1704,638.55,4,45,app
C1705,284.21,11,10,tienda
C1706,274.51,13,23,app
C1707,580.44,5,60,tienda
C1708,245.35,13,58,app
C1709,635.52,4,38,web
C1710,213.15,11,28,tienda
C1711,255.87,13,39,app
C1712,90.44,3,60,tienda
C1713,676.01,5,41,web
C1714,91.39,3,39,tienda
C1715,87.62,3,44,tienda
C1716,212.66,17,9,web
C1717,231.76,13,19,app
C1718,190.99,12,21,web
C1719,85.79,3,2,web
C1720,181.35,16,11,web
C1721,788.03,4,33,tienda
C1722,70.14,2,54,tienda
C1723,75.32,3,49,app
C1724,217.05,13,20,app
C1725,180.27,10,32,web
C1726,87.13,2,21,tienda
C1727,64.48,3,5,web
C1728,611.58,5,14,tienda
C1729,842.1,6,34,tienda
C1730,271.83,11,32,app
C1731,64.04,2,54,tienda
C1732,253.46,11,51,web
C1733,605.1,5,12,tienda
C1734,90.73,2,4,tienda
C1735,227.7,13,6,tienda
C1736,82.39,3,58,tienda
C1737,720.47,5,49,web
C1738,79.83,4,38,app
C1739,244.2,13,16,app
C1740,92.92,3,30,tienda
C1741,87.84,3,57,tienda
C1742,200.07,16,11,app
C1743,602,5,42,web
C1744,659.86,6,36,web
C1745,174.59,15,53,app
C1746,82.98,3,58,tienda
C1747,71.89,3,32,tienda
C1748,89.4,2,50,tienda
C1749,591.72,5,15,web
C1750,610.22,5,47,tienda
C1751,219.94,13,5,app
C1752,73.4,2,1,tienda
C1753,166.81,13,60,app
C1754,158.63,10,57,web
C1755,99.01,2,32,tienda
C1756,92.42,3,17,tienda
C1757,236.63,9,28,app
C1758,190.56,12,33,web
C1759,57.3,3,2,web
C1760,191.56,12,36,app
C1761,83.35,3,26,tienda
C1762,504.66,7,15,app
C1763,216.1,13,56,app
C1764,648.91,6,30,tienda
C1765,82.2,3,29,app
C1766,69.41,3,6,tienda
C1767,83.26,3,17,web
C1768,212.75,16,29,web
C1769,83.11,3,38,web
C1770,89.56,2,36,tienda
C1771,207.29,8,45,app
C1772,551.31,3,35,tienda
C1773,80.65,4,57,web
C1774,66.8,3,7,web
C1775,701.93,5,39,web
C1776,87.48,2,23,tienda
C1777,99.77,2,52,web
C1778,257.44,8,2,app
C1779,253.54,10,24,app
C1780,648.23,3,50,web
C1781,253.02,12,6,web
C1782,84.71,2,45,web
C1783,107.89,4,7,web
C1784,71.26,3,1,tienda
C1785,74.68,2,9,web
C1786,476.71,5,51,web
C1787,568.02,4,21,web
C1788,77.37,3,3,tienda
C1789,641.64,6,50,tienda
C1790,694.45,4,20,web
C1791,75.27,2,35,tienda
C1792,706.27,5,22,tienda
C1793,459.79,6,38,web
C1794,540.77,5,50,web
C1795,667.55,6,50,tienda
C1796,224.9,14,56,tienda
C1797,83,2,28,app
C1798,565.61,5,22,app
C1799,491.8,4,23,web
C1800,496.43,5,24,web
C1801,251,8,21,app
C1802,829.54,5,41,web
C1803,81.45,3,11,tienda
C1804,105.93,3,60,tienda
C1805,538.16,6,30,web
C1806,74.31,3,59,tienda
C1807,193.49,14,26,tienda
C1808,80.95,3,12,web
C1809,291.53,9,35,app
C1810,645.37,5,51,tienda
C1811,659.74,4,2,tienda
C1812,91.98,3,46,app
C1813,216.23,10,34,app
C1814,215.44,19,14,app
C1815,71.08,4,19,tienda
C1816,214.34,13,16,web
C1817,83.15,3,23,app
C1818,250.96,10,55,tienda
C1819,291.24,15,40,app
C1820,71.25,3,13,web
C1821,75.27,2,5,tienda
C1822,66.85,3,57,tienda
C1823,503.7,5,27,tienda
C1824,625.15,6,43,web
C1825,102.47,3,20,tienda
C1826,524.72,4,49,tienda
C1827,169.28,7,6,app
C1828,85.01,3,4,tienda
C1829,85.52,2,59,tienda
C1830,238.1,13,56,app
C1831,85,3,1,tienda
C1832,188.74,13,51,web
C1833,232.07,14,37,web
C1834,240.03,12,26,web
C1835,708.64,3,11,tienda
C1836,752.3,5,55,web
C1837,60.91,3,35,tienda
C1838,221.38,11,31,web
C1839,85.47,2,45,web
C1840,89.14,3,57,tienda
C1841,111.3,3,39,app
C1842,83.33,3,40,tienda
C1843,255.71,11,1,app
C1844,216.03,8,51,web
C1845,261.13,9,29,app
C1846,70.23,3,2,web
C1847,640.91,8,20,web
C1848,99.81,2,42,web
C1849,274.92,16,11,web
C1850,583.1,5,49,web
C1851,762.29,4,41,tienda
C1852,71.06,3,6,web
C1853,71.48,2,16,tienda
C1854,676.32,5,52,web
C1855,78.92,4,54,tienda
C1856,218.28,15,22,app
C1857,84.68,3,54,tienda
C1858,77.4,3,15,web
C1859,82.46,3,29,app
C1860,81.98,2,9,web
C1861,632.74,5,51,tienda
C1862,231.49,14,39,app
C1863,775.3,7,54,tienda
C1864,64.17,2,57,tienda
C1865,174.9,13,40,app
C1866,77.09,4,13,tienda
C1867,72.63,3,6,tienda
C1868,85.2,2,17,app
C1869,258.7,10,28,tienda
C1870,69.37,2,52,tienda
C1871,86.78,4,55,tienda
C1872,615.32,4,35,web
C1873,91.77,3,50,tienda
C1874,88.06,2,43,web
C1875,72.91,2,45,tienda
C1876,688.33,5,58,web
C1877,559.91,5,42,web
C1878,681.17,7,50,tienda
C1879,235.47,13,57,tienda
C1880,63.11,2,49,tienda
C1881,158.75,13,30,app
C1882,245.79,11,35,app
C1883,97.58,2,39,app
C1884,206.52,14,11,app
C1885,722.04,3,46,web
C1886,196.12,13,56,app
C1887,627.22,6,3,tienda
C1888,694.66,5,4,tienda
C1889,212.74,11,56,app
C1890,170.21,10,23,app
C1891,75.52,2,23,tienda
C1892,254.55,19,23,app
C1893,202.63,10,15,app
C1894,80.62,1,48,tienda
C1895,227.15,10,19,app
C1896,92.43,3,59,web
C1897,612.99,4,29,web
C1898,170.53,12,51,tienda
C1899,223.75,14,20,tienda
C1900,194.41,10,11,app
C1901,255.03,9,8,app
C1902,94.03,3,50,tienda
C1903,70.38,3,22,tienda
C1904,89.61,2,7,web
C1905,635.14,5,38,app
C1906,270.45,11,2,app
C1907,86.58,2,47,web
C1908,61.08,3,30,web
C1909,276.55,17,5,app
C1910,660.72,7,43,web
C1911,543.41,4,2,tienda
C1912,93.31,4,15,web
C1913,154.29,10,56,app
C1914,550.18,6,41,tienda
C1915,219.71,11,15,app
C1916,225.06,9,36,app
C1917,271.22,12,51,app
C1918,96.13,2,22,app
C1919,242.97,13,11,tienda
C1920,88.11,3,41,tienda
C1921,113.35,4,38,web
C1922,60.29,2,4,tienda
C1923,214.28,17,28,app
C1924,107.01,2,41,tienda
C1925,96.52,3,45,web
C1926,74.95,4,44,tienda
C1927,617.41,5,46,tienda
C1928,173.96,10,43,app
C1929,89.29,3,38,web
C1930,76.31,2,40,tienda
C1931,73.9,3,33,tienda
C1932,66.64,3,58,tienda
C1933,659,5,13,tienda
C1934,209.59,13,49,app
C1935,275.48,13,39,web
C1936,69.76,3,48,tienda
C1937,210.62,10,2,app
C1938,78.49,3,43,app
C1939,90.06,2,27,tienda
C1940,198.42,12,48,app
C1941,62.88,3,54,tienda
C1942,198.21,9,14,app
C1943,57.75,4,14,tienda
C1944,585.7,5,54,app
C1945,732.51,4,13,tienda
C1946,76.29,3,9,web
C1947,102.88,4,43,web
C1948,76.45,3,36,web
C1949,216.51,16,31,web
C1950,518.77,6,10,web
C1951,234.81,14,58,app
C1952,80.63,2,21,tienda
C1953,264.68,13,16,app
C1954,220,15,37,web
C1955,555.73,5,60,web
C1956,243.37,11,25,app
C1957,205.48,17,41,app
C1958,200.37,8,54,tienda
C1959,89.34,2,27,tienda
C1960,76.27,2,36,tienda
C1961,87.56,2,10,tienda
C1962,83.91,2,34,web
C1963,156.5,11,10,web
C1964,445.9,5,58,web
C1965,647.21,4,60,web
C1966,76.21,4,46,tienda
C1967,102.95,3,21,tienda
C1968,96.08,2,39,tienda
C1969,853.28,6,1,web
C1970,77.15,1,23,tienda
C1971,71.81,4,59,tienda
C1972,201.01,15,37,web
C1973,85.39,2,19,tienda
C1974,73.45,2,14,tienda
C1975,706.78,4,15,web
C1976,90,2,31,tienda
C1977,610.43,5,42,web
C1978,610.21,5,36,app
C1979,67.95,3,15,tienda
C1980,207.47,17,8,app
C1981,202.55,8,21,tienda
C1982,239.58,10,1,app
C1983,95.98,3,11,tienda
C1984,74.54,2,48,tienda
C1985,87.99,3,40,tienda
C1986,57.16,3,9,tienda
C1987,205.67,13,26,app
C1988,220.34,12,49,tienda
C1989,91.71,3,30,tienda
C1990,196.71,8,18,web
C1991,75.37,3,22,web
C1992,94.04,2,54,tienda
C1993,68.44,2,45,tienda
C1994,203.31,9,37,web
C1995,178.78,9,7,web
C1996,75.31,3,53,app
C1997,64.55,2,10,tienda
C1998,228.47,16,11,app
C1999,642.96,5,50,tienda
C2000,688.99,5,35,app
C2001,62.46,3,37,tienda
C2002,61.12,2,17,web
C2003,75,3,28,tienda
C2004,255.16,11,11,tienda
C2005,91.28,2,57,web
C2006,185.86,14,40,tienda
C2007,546.3,5,9,tienda
C2008,213.76,13,39,web
C2009,237.56,11,38,app
C2010,87.61,3,52,tienda
C2011,80.41,2,32,tienda
C2012,181.32,10,29,app
C2013,215.17,19,41,app
C2014,218.32,15,4,app
C2015,72.64,3,14,web
C2016,84.26,3,19,tienda
C2017,599.74,4,25,tienda
C2018,79.08,3,43,web
C2019,719.8,5,27,tienda
C2020,551.41,5,7,web
C2021,583.53,5,25,tienda
C2022,60.53,2,11,tienda
C2023,632.9,5,32,web
C2024,206.91,17,57,web
C2025,84.67,3,13,tienda
C2026,78.23,3,48,tienda
C2027,690.43,7,31,tienda
C2028,89.67,3,8,tienda
C2029,621.19,6,4,app
C2030,221.72,9,54,app
C2031,553.9,5,39,web
C2032,203.81,8,3,app
C2033,223.07,13,51,app
C2034,64.18,2,42,web
C2035,245.83,12,24,tienda
C2036,73.2,2,50,tienda
C2037,53.08,3,34,web
C2038,616.42,6,21,tienda
C2039,263.08,9,5,web
C2040,81.64,2,50,web
C2041,213.22,12,23,web
C2042,83.59,2,48,tienda
C2043,287.38,9,14,tienda
C2044,220.67,13,59,app
C2045,93.35,2,23,tienda
C2046,209.96,13,40,app
C2047,77.49,3,34,tienda
C2048,68.93,3,44,web
C2049,105.74,2,38,tienda
C2050,112.54,2,50,web
C2051,624.09,5,31,tienda
C2052,237.15,13,29,tienda
C2053,63.55,2,9,tienda
C2054,292.51,9,16,app
C2055,642.62,5,56,app
C2056,262.74,9,10,tienda
C2057,708.2,7,27,web
C2058,599.85,5,56,tienda
C2059,87.34,2,10,app
C2060,88.26,3,27,tienda
C2061,85.72,3,21,tienda
C2062,102.28,2,1,tienda
C2063,208.18,12,27,app
C2064,77.02,2,18,tienda
C2065,748.63,6,9,web
C2066,143.09,12,34,web
C2067,263.54,13,57,tienda
C2068,260.03,12,10,app
C2069,195.79,12,24,app
C2070,628.08,4,17,web
C2071,72.09,2,52,web
C2072,649.97,6,36,tienda
C2073,539.58,4,39,app
C2074,563.33,4,51,web
C2075,85.33,3,34,web
C2076,279.09,18,11,web
C2077,97.42,2,37,app
C2078,166,11,57,app
C2079,683.18,6,15,web
C2080,752.76,6,7,tienda
C2081,100.96,2,24,tienda
C2082,107.33,2,46,tienda
C2083,74.53,3,58,web
C2084,82.16,2,22,web
C2085,75.44,3,50,tienda
C2086,85.56,3,49,tienda
C2087,76.39,1,19,app
C2088,819.89,4,52,app
C2089,82.13,2,8,web
C2090,70.08,3,52,tienda
C2091,80.43,4,48,web
C2092,68.63,3,30,web
C2093,210.05,17,5,web
C2094,466.22,7,30,tienda
C2095,62.24,3,24,tienda
C2096,568.28,7,55,web
C2097,88.74,3,44,tienda
C2098,500.06,5,2,web
C2099,182.35,13,12,app
C2100,90.8,2,47,web
C2101,224.73,10,46,app
C2102,188.3,11,55,web
C2103,60.79,2,38,tienda
C2104,87.87,3,6,web
C2105,827.17,4,26,tienda
C2106,68.01,2,32,app
C2107,573.05,5,46,tienda
C2108,663.34,5,50,tienda
C2109,71.66,3,45,tienda
C2110,538.81,5,11,tienda
C2111,792.39,5,25,web
C2112,237.51,13,41,app
C2113,675.22,5,57,web
C2114,249.61,15,9,tienda
C2115,521.87,3,54,web
C2116,213.49,12,50,app
C2117,100.47,3,36,tienda
C2118,591.21,4,16,tienda
C2119,83.01,2,58,web
C2120,70.99,2,34,tienda
C2121,234.94,14,27,app
C2122,205.74,10,58,app
C2123,188.98,9,60,app
C2124,224.31,16,38,app
C2125,75.44,2,54,tienda
C2126,271.25,15,28,app
C2127,77.54,1,11,tienda
C2128,209.53,9,12,app
C2129,101.72,2,5,app
C2130,70.73,2,35,tienda
C2131,626.82,5,49,web
C2132,74.11,3,35,tienda
C2133,196.67,14,56,app
C2134,618.63,4,51,web
C2135,83.64,2,33,web
C2136,153.4,11,34,app
C2137,523.49,7,60,tienda
C2138,658.25,6,28,web
C2139,318.79,21,28,web
C2140,243.4,8,24,app
C2141,80.28,2,40,tienda
C2142,569.45,6,46,web
C2143,260.04,13,46,tienda
C2144,65.1,2,9,app
C2145,74.85,3,29,tienda
C2146,60.25,3,1,tienda
C2147,84.9,2,48,tienda
C2148,207.96,8,23,app
C2149,214.4,13,58,app
C2150,93.89,2,36,tienda
C2151,536.95,5,33,web
C2152,242.99,10,59,web
C2153,195.49,12,60,app
C2154,682.45,5,6,web
C2155,229.08,11,54,app
C2156,80.94,2,8,web
C2157,266.85,15,49,tienda
C2158,91.81,2,25,app
C2159,63.35,2,34,tienda
C2160,69.08,3,57,web
C2161,97.91,2,23,tienda
C2162,81.85,3,23,web
C2163,532.36,6,51,web
C2164,621.94,5,6,web
C2165,184.74,11,36,tienda
C2166,73.91,3,8,tienda
C2167,92.44,2,29,tienda
C2168,78.18,4,43,tienda
C2169,816.39,6,52,tienda
C2170,641.48,5,10,tienda
C2171,240.91,17,59,tienda
C2172,67.03,2,4,web
C2173,233.34,8,33,app
C2174,671.83,3,17,web
C2175,69.8,2,5,tienda
C2176,203.14,8,17,tienda
C2177,660.03,4,10,web
C2178,65.18,3,26,web
C2179,86.07,2,17,web
C2180,188.92,7,31,app
C2181,618.9,5,30,web
C2182,530.66,4,55,app
C2183,78.59,3,12,web
C2184,627.82,6,50,tienda
C2185,208.03,14,8,app
C2186,55.28,3,10,web
C2187,722.88,4,40,tienda
C2188,215.4,13,57,web
C2189,597.76,8,5,tienda
C2190,290.57,12,56,app
C2191,75.39,2,7,web
C2192,70.16,3,15,tienda
C2193,219.85,15,22,web
C2194,645.58,5,50,tienda
C2195,230.87,17,3,web
C2196,217.77,9,4,web
C2197,918.57,7,58,tienda
C2198,83.13,2,37,tienda
C2199,628.41,4,43,web
C2200,773.56,4,20,web
C2201,69.02,3,47,tienda
C2202,661.13,6,17,web
C2203,210.51,11,49,web
C2204,71.22,2,55,app
C2205,257.8,14,27,web
C2206,65.39,3,49,web
C2207,59.26,4,34,web
C2208,181.42,15,41,web
C2209,220.3,12,14,web
C2210,221.49,14,54,tienda
C2211,280.63,14,12,app
C2212,104.31,3,25,web
C2213,77.87,2,21,web
C2214,215.39,9,37,app
C2215,607.99,5,10,tienda
C2216,76.74,3,37,web
C2217,989.84,6,43,tienda
C2218,80.32,3,50,web
C2219,619.79,5,52,tienda
C2220,122.27,4,29,web
C2221,601.08,6,55,tienda
C2222,57.3,3,60,app
C2223,572.66,3,17,tienda
C2224,281.23,20,17,app
C2225,79.76,3,29,tienda
C2226,607.16,5,11,web
C2227,513.49,4,19,tienda
C2228,184.09,10,39,app
C2229,73.07,2,25,web
C2230,235.5,9,9,web
C2231,93.44,2,7,tienda
C2232,625.56,4,33,tienda
C2233,758.21,5,33,web
C2234,268.54,9,28,app
C2235,92.29,2,33,web
C2236,661.02,5,37,tienda
C2237,244.62,16,46,tienda
C2238,94.75,3,39,tienda
C2239,674.04,8,58,tienda
C2240,94.71,4,60,tienda
C2241,70.2,2,27,tienda
C2242,73.72,3,38,tienda
C2243,84.53,2,42,tienda
C2244,202.03,10,51,web
C2245,197.06,16,21,app
C2246,526.69,6,14,web
C2247,201.54,14,21,app
C2248,92.51,3,25,web
C2249,168.28,11,12,app
C2250,508.53,6,58,web
C2251,72.91,3,7,web
C2252,64.83,3,5,app
C2253,180.21,13,12,app
C2254,630.57,5,50,app
C2255,265.79,13,59,web
C2256,247.78,9,10,app
C2257,696.09,4,58,app
C2258,579.69,6,57,tienda
C2259,633.97,7,29,web
C2260,229.17,17,57,app
C2261,276.81,8,25,web
C2262,540.92,7,58,tienda
C2263,69.54,2,11,tienda
C2264,82.2,3,23,web
C2265,271.08,14,10,app
C2266,77.64,2,45,app
C2267,658.8,5,49,tienda
C2268,116.96,2,40,tienda
C2269,81.18,3,14,tienda
C2270,215.54,11,24,app
C2271,206.88,13,9,app
C2272,230.65,10,16,tienda
C2273,267.55,16,51,web
C2274,74.61,3,31,app
C2275,83.3,2,55,tienda
C2276,877.95,3,3,web
C2277,86.14,2,22,web
C2278,224.14,13,13,app
C2279,220.41,13,23,app
C2280,73.72,2,33,tienda
C2281,68.9,2,45,tienda
C2282,97.06,2,41,app
C2283,593.86,6,5,app
C2284,88.41,2,14,tienda
C2285,236.19,17,41,app
C2286,496.99,6,15,tienda
C2287,230.18,11,57,web
C2288,92.06,4,22,tienda
C2289,205.88,9,41,tienda
C2290,82.37,3,32,tienda
C2291,67.68,2,52,app
C2292,97.36,2,2,tienda
C2293,196.09,10,42,web
C2294,628.87,8,40,web
C2295,670.24,6,5,tienda
C2296,78.31,3,17,tienda
C2297,243.55,12,59,web
C2298,236.82,13,49,app
C2299,243.91,10,19,web
C2300,72.32,2,49,tienda
C2301,215.29,10,29,tienda
C2302,664.66,5,42,web
C2303,107.04,3,30,app
C2304,200.14,16,36,app
C2305,464.69,6,58,tienda
C2306,79.86,2,35,web
C2307,64.21,2,7,web
C2308,667.34,5,28,web
C2309,87.44,3,30,tienda
C2310,98.58,3,33,app
C2311,758.36,5,32,app
C2312,91.32,2,28,tienda
C2313,742.47,5,31,web
C2314,215.17,10,23,app
C2315,77.64,2,42,web
C2316,67.11,2,14,tienda
C2317,71.18,2,12,web
C2318,198.43,16,11,app
C2319,85.93,2,7,app
C2320,87.97,3,40,tienda
C2321,667.61,6,6,tienda
C2322,709.93,4,32,web
C2323,72.39,2,28,tienda
C2324,202.21,13,17,app
C2325,243.25,19,41,app
C2326,79.02,3,53,tienda
C2327,83.08,1,7,web
C2328,70.94,2,50,tienda
C2329,207.57,10,39,app
C2330,70.49,2,53,web
C2331,175.22,11,28,app
C2332,198.25,8,51,app
C2333,225.59,12,29,app
C2334,79.7,2,51,tienda
C2335,87.41,4,12,tienda
C2336,218.05,11,35,app
C2337,87,2,46,web
C2338,176.88,9,12,app
C2339,579.87,6,27,tienda
C2340,696.81,4,50,web
C2341,202.77,10,32,app
C2342,452.79,5,14,tienda
C2343,212.15,9,44,web
C2344,202.92,12,29,app
C2345,214.33,15,46,tienda
C2346,88.22,3,4,tienda
C2347,107.78,3,3,tienda
C2348,609.3,5,18,tienda
C2349,910.96,4,32,app
C2350,542.46,3,7,web
C2351,63.62,2,1,web
C2352,82.93,2,38,tienda
C2353,56.69,3,20,tienda
C2354,88.52,3,58,tienda
C2355,72.14,3,45,tienda
C2356,73.79,3,55,web
C2357,224.07,10,5,app
C2358,76.15,3,15,web
C2359,65.18,2,53,web
C2360,105.74,3,8,web
C2361,180.42,14,48,app
C2362,213.93,10,48,tienda
C2363,92.62,3,12,web
C2364,208.81,17,3,app
C2365,78.84,3,11,tienda
C2366,211.35,12,8,web
C2367,85.17,2,8,tienda
C2368,215.92,9,31,tienda
C2369,83.7,3,4,web
C2370,213.68,12,13,app
C2371,75.42,3,33,app
C2372,604.62,4,41,tienda
C2373,563.6,3,18,tienda
C2374,70.43,3,59,tienda
C2375,243.04,14,12,web
C2376,233.42,11,38,app
C2377,98.78,3,45,tienda
C2378,87.46,3,21,tienda
C2379,265.82,12,54,tienda
C2380,275.33,14,5,app
C2381,204.39,11,20,app
C2382,87.85,2,11,tienda
C2383,474.36,4,41,web
C2384,212.67,13,8,app
C2385,204.18,14,25,app
C2386,293.07,17,43,app
C2387,739.23,5,51,app
C2388,210.87,19,8,app
C2389,653.87,4,30,tienda
C2390,250.09,15,21,app
C2391,214.38,10,58,tienda
C2392,188.34,12,60,app
C2393,249.28,15,60,app
C2394,214.73,12,13,web
C2395,239.8,12,29,app
C2396,72.85,2,49,web
C2397,185.17,11,10,tienda
C2398,92.82,2,13,tienda
C2399,637.02,7,42,web
C2400,231.15,13,4,app
C2401,256.4,15,34,app
C2402,738.04,7,42,tienda
C2403,91.68,3,12,web
C2404,609.14,4,54,tienda
C2405,329.5,16,16,app
C2406,88.63,2,17,web
C2407,206.68,9,50,web
C2408,90.85,2,57,tienda
C2409,212.31,11,47,web
C2410,69.87,2,34,tienda
C2411,60.13,3,40,app
C2412,75.32,3,3,tienda
C2413,187.67,19,36,app
C2414,288.87,11,11,app
C2415,227.43,9,56,web
C2416,559.85,7,32,web
C2417,82.03,2,8,tienda
C2418,64.9,3,26,tienda
C2419,563.76,4,16,web
C2420,99.45,2,40,app
C2421,253.29,10,31,web
C2422,83.59,2,39,tienda
C2423,218.71,13,53,app
C2424,78.16,3,44,tienda
C2425,94.01,2,24,web
C2426,248.18,15,52,app
C2427,233.53,10,7,tienda
C2428,91.61,3,20,tienda
C2429,70.23,2,22,tienda
C2430,290.18,13,31,web
C2431,66.17,2,5,tienda
C2432,102.35,2,59,tienda
C2433,236.38,11,42,app
C2434,526.49,5,40,web
C2435,177.81,12,39,web
C2436,259.65,12,22,app
C2437,662.49,5,22,tienda
C2438,72.34,2,6,tienda
C2439,61.01,2,41,tienda
C2440,86.7,2,53,web
C2441,80.41,3,26,tienda
C2442,168.58,12,10,app
C2443,74.92,3,1,tienda
C2444,92.36,3,25,web
C2445,66.17,3,39,web
C2446,83.21,2,14,tienda
C2447,197.95,9,10,web
C2448,71.78,2,45,tienda
C2449,77.6,3,21,web
C2450,77.2,3,4,tienda
C2451,63.94,3,17,tienda
C2452,88.59,3,7,tienda
C2453,194.74,14,1,tienda
C2454,702.07,3,44,web
C2455,76.34,3,59,web
C2456,486.32,5,51,web
C2457,235.2,12,7,tienda
C2458,115.55,2,28,tienda
C2459,231.26,8,26,app
C2460,744.44,5,9,tienda
C2461,85.15,2,35,web
C2462,65.92,2,43,tienda
C2463,569.34,5,24,tienda
C2464,178.94,14,46,app
C2465,280.59,11,7,app
C2466,213.64,11,5,tienda
C2467,247.8,10,13,web
C2468,213.08,9,38,app
C2469,69.67,3,59,web
C2470,94.22,2,27,app
C2471,244.6,10,42,app
C2472,71.99,3,44,tienda
C2473,243.57,14,11,app
C2474,184.55,11,44,app
C2475,80.32,3,34,tienda
C2476,221.36,12,13,web
C2477,217.87,12,19,tienda
C2478,534.84,5,25,tienda
C2479,213.8,13,42,tienda
C2480,269.68,9,15,app
C2481,655.8,5,5,tienda
C2482,217.04,17,16,web
C2483,224.3,9,19,web
C2484,61.57,3,19,tienda
C2485,279.4,9,44,app
C2486,78.46,2,19,tienda
C2487,668.19,6,56,tienda
C2488,72.71,2,41,web
C2489,993.02,6,57,app
C2490,202.68,16,31,app
C2491,68.57,2,8,web
C2492,783.4,6,47,tienda
C2493,666.27,7,30,tienda
C2494,72.44,2,13,tienda
C2495,175.69,11,41,web
C2496,70.52,2,51,web
C2497,93.14,3,22,tienda
C2498,232.28,13,32,tienda
C2499,59.09,4,10,app
C2500,207.69,10,37,web
C2501,77.81,2,58,tienda
C2502,604.64,4,4,tienda
C2503,222.52,9,8,app
C2504,201.5,9,42,app
C2505,501.57,5,18,web
C2506,95.89,3,19,web
C2507,96.25,2,17,app
C2508,88.79,2,19,web
C2509,589.44,5,53,tienda
C2510,205.45,15,44,tienda
C2511,89.26,3,10,tienda
C2512,638.65,7,30,web
C2513,73.78,2,22,tienda
C2514,222.19,10,28,app
C2515,697.66,4,39,tienda
C2516,70.31,4,49,web
C2517,226.33,11,12,app
C2518,188.35,9,5,app
C2519,215.41,10,14,app
C2520,140.26,11,42,tienda
C2521,196.25,12,48,app
C2522,79.13,2,55,tienda
C2523,87.51,2,56,web
C2524,79.85,2,21,web
C2525,568.6,4,3,web
C2526,73.66,2,23,web
C2527,199.34,12,24,app
C2528,76.64,2,19,tienda
C2529,98.75,3,9,tienda
C2530,622.29,4,15,web
C2531,672.53,4,20,tienda
C2532,244.37,12,49,app
C2533,528.27,5,24,tienda
C2534,88.57,3,8,tienda
C2535,824.89,5,22,tienda
C2536,626.72,5,1,tienda
C2537,109.55,2,57,tienda
C2538,234.18,14,45,web
C2539,218.96,9,18,app
C2540,250.34,18,21,tienda
C2541,228.2,11,25,app
C2542,69,2,5,web
C2543,242.5,14,36,app
C2544,537.43,2,29,tienda
C2545,723.15,5,13,tienda
C2546,698.88,5,30,tienda
C2547,632.53,6,34,tienda
C2548,575.09,4,37,tienda
C2549,231.85,9,10,app
C2550,73.22,2,48,tienda
C2551,220.36,10,12,web
C2552,166.72,9,48,tienda
C2553,258.42,9,16,app
C2554,109.44,2,40,web
C2555,540.49,4,18,tienda
C2556,227.28,11,50,web
C2557,200.41,13,47,web
C2558,569.95,6,1,tienda
C2559,880.45,4,20,tienda
C2560,209.01,11,55,web
C2561,67.64,2,50,tienda
C2562,642.24,4,42,web
C2563,82.74,3,19,web
C2564,86.43,4,31,tienda
C2565,593.28,4,11,tienda
C2566,216.68,8,6,app
C2567,94.42,3,5,web
C2568,71.36,2,10,app
C2569,88.8,2,5,tienda
C2570,89.86,3,19,tienda
C2571,87.97,4,25,tienda
C2572,535.83,5,32,web
C2573,582.94,6,57,web
C2574,211.94,19,13,app
C2575,496.59,5,60,tienda
C2576,709.43,3,31,tienda
C2577,590.33,7,2,tienda
C2578,88.69,3,29,tienda
C2579,283.62,12,31,web
C2580,85.61,3,20,tienda
C2581,632.38,4,5,tienda
C2582,221.25,15,10,app
C2583,63.86,3,2,tienda
C2584,74.09,2,21,tienda
C2585,569.13,8,41,web
C2586,664.65,4,25,web
C2587,62.59,4,39,tienda
C2588,77.01,3,11,tienda
C2589,203.55,17,50,web
C2590,480.97,5,45,tienda
C2591,571.22,4,27,web
C2592,668.04,5,54,web
C2593,72.29,3,29,web
C2594,281.53,14,16,tienda
C2595,593.8,4,44,tienda
C2596,755.43,5,3,web
C2597,220.9,13,35,tienda
C2598,640.54,5,12,tienda
C2599,88.81,4,10,tienda
C2600,199.99,13,34,app
C2601,244.89,8,45,web
C2602,70.21,2,27,tienda
C2603,642.55,4,25,tienda
C2604,560.99,5,31,web
C2605,169.19,10,42,app
C2606,611.9,5,2,tienda
C2607,232.67,8,53,tienda
C2608,208.57,15,43,app
C2609,205.8,17,6,tienda
C2610,74.72,3,15,tienda
C2611,83.16,1,5,tienda
C2612,94.06,2,7,tienda
C2613,422.88,5,11,tienda
C2614,76.3,3,3,web
C2615,255.68,15,3,web
C2616,223.73,12,7,app
C2617,175.15,11,6,web
C2618,170.78,12,47,tienda
C2619,58.81,3,37,web
C2620,88.88,2,46,app
C2621,806.25,7,13,tienda
C2622,542.32,5,6,app
C2623,82.47,3,49,web
C2624,64.93,3,47,web
C2625,86.18,2,32,tienda
C2626,74.8,2,57,tienda
C2627,174.49,15,23,web
C2628,864.41,6,17,tienda
C2629,473.33,4,9,app
C2630,597.04,4,54,tienda
C2631,88.51,2,10,web
C2632,90.38,3,55,web
C2633,679.2,4,54,app
C2634,598.94,5,45,app
C2635,83.43,3,50,app
C2636,92.37,2,45,web
C2637,857.67,5,26,web
C2638,236.56,10,28,app
C2639,81.68,2,45,web
C2640,193.23,12,51,app
C2641,154.54,16,30,app
C2642,224.22,11,52,app
C2643,191.26,13,33,app
C2644,605.26,6,20,web
C2645,725.06,5,36,web
C2646,178.07,11,35,app
C2647,78.69,4,29,web
C2648,595.04,5,50,app
C2649,529.19,5,32,web
C2650,103.7,2,25,tienda
C2651,78.51,3,6,tienda
C2652,228.31,9,10,web
C2653,91.01,3,30,tienda
C2654,228.68,11,28,app
C2655,513.93,5,40,web
C2656,625.94,5,30,tienda
C2657,88.55,3,7,tienda
C2658,215.29,10,9,app
C2659,85.03,2,53,web
C2660,80.13,3,21,web
C2661,60.55,1,33,tienda
C2662,192.86,13,26,web
C2663,86.57,2,43,tienda
C2664,81.88,3,31,web
C2665,613.12,6,35,tienda
C2666,73.5,2,44,tienda
C2667,201.65,16,1,web
C2668,74.62,2,24,web
C2669,195.62,9,16,app
C2670,237.09,13,6,tienda
C2671,76.74,2,43,app
C2672,70.32,2,38,app
C2673,533.41,6,60,tienda
C2674,533.99,3,40,tienda
C2675,208.34,13,14,web
C2676,484.34,5,31,web
C2677,183.17,12,52,app
C2678,261.18,14,5,web
C2679,117.64,2,12,tienda
C2680,678,6,47,web
C2681,65.16,2,16,web
C2682,72.78,1,26,web
C2683,160.23,11,3,app
C2684,226.33,11,44,app
C2685,534.87,6,45,tienda
C2686,75.94,2,20,tienda
C2687,172.81,14,25,app
C2688,789.1,5,27,tienda
C2689,259.97,13,27,app
C2690,181.68,15,56,app
C2691,300.62,12,44,app
C2692,602.36,5,16,tienda
C2693,637.97,6,13,web
C2694,75.29,3,17,tienda
C2695,203.62,11,54,web
C2696,70.15,3,31,tienda
C2697,178.56,7,58,app
C2698,101.5,5,46,tienda
C2699,692.07,4,40,web
C2700,238.35,11,31,web
C2701,79.3,3,11,web
C2702,100.66,2,8,tienda
C2703,209.84,11,59,app
C2704,235.66,14,12,app
C2705,91.03,3,30,app
C2706,82.71,3,59,web
C2707,817.69,5,12,tienda
C2708,80.72,4,42,tienda
C2709,199.95,14,15,tienda
C2710,97.97,3,46,web
C2711,77.51,3,25,tienda
C2712,235.9,11,37,app
C2713,205.1,9,53,web
C2714,183.64,14,47,tienda
C2715,72.35,3,54,web
C2716,81.56,3,59,tienda
C2717,90.61,3,3,tienda
C2718,200.78,14,28,web
C2719,231.65,12,44,web
C2720,251.73,16,7,app
C2721,70.36,3,55,tienda
C2722,170.55,11,32,app
C2723,494.12,3,55,tienda
C2724,69.65,2,22,tienda
C2725,60.71,3,16,tienda
C2726,777.15,6,1,web
C2727,75.17,3,34,web
C2728,629.12,4,24,web
C2729,478.17,5,27,web
C2730,72.4,3,52,web
C2731,85.27,3,4,web
C2732,543.92,4,7,web
C2733,72.02,3,1,tienda
C2734,749.34,5,36,web
C2735,670.39,5,59,tienda
C2736,592.46,5,44,web
C2737,597.76,5,51,web
C2738,292.38,11,45,web
C2739,165.22,7,56,app
C2740,62.79,3,40,web
C2741,543.15,4,29,web
C2742,80.32,2,52,app
C2743,79.5,3,18,web
C2744,430.37,5,32,web
C2745,107.06,5,1,web
C2746,97.54,4,53,tienda
C2747,88.18,2,49,tienda
C2748,77.88,2,34,web
C2749,74.43,3,22,tienda
C2750,187.68,13,7,tienda
C2751,78.46,2,7,web
C2752,72.6,2,12,app
C2753,67.6,2,10,web
C2754,226.65,12,12,web
C2755,688.67,7,17,web
C2756,65.56,3,19,tienda
C2757,67.22,3,53,app
C2758,205,13,12,app
C2759,731.74,6,53,web
C2760,445.78,5,52,web
C2761,73.43,3,9,tienda
C2762,586.7,6,51,tienda
C2763,706.18,8,49,tienda
C2764,197.46,15,31,app
C2765,93.23,3,42,tienda
C2766,99.62,2,24,tienda
C2767,248.38,7,27,app
C2768,243.46,10,60,web
C2769,173.96,8,56,web
C2770,179.96,16,25,web
C2771,582.78,5,3,tienda
C2772,212.98,12,3,web
C2773,575.25,7,21,tienda
C2774,733.27,5,43,app
C2775,607.56,4,36,tienda
C2776,56.84,2,22,tienda
C2777,227.52,8,46,web
C2778,618.99,4,48,tienda
C2779,661.8,6,59,web
C2780,657.43,6,59,tienda
C2781,102.8,2,39,tienda
C2782,166.04,14,60,app
C2783,99.44,2,25,tienda
C2784,217.9,11,38,web
C2785,546.71,4,19,tienda
C2786,72.23,2,16,tienda
C2787,220.27,19,32,web
C2788,643.53,4,30,web
C2789,68.5,3,40,tienda
C2790,105.89,3,27,tienda
C2791,89.38,2,40,tienda
C2792,203.77,12,10,web
C2793,77.8,2,3,tienda
C2794,53.86,3,21,app
C2795,588.96,5,22,web
C2796,82.34,4,30,tienda
C2797,732.65,6,56,web
C2798,502.3,6,58,tienda
C2799,102.43,3,45,web
C2800,737.52,6,39,tienda
C2801,623.11,6,58,app
C2802,72.09,2,40,app
C2803,179.24,8,12,tienda
C2804,58.64,3,54,tienda
C2805,631.31,5,25,tienda
C2806,87.24,2,56,web
C2807,71.96,2,57,tienda
C2808,218.92,9,47,web
C2809,249.92,15,2,web
C2810,230.4,12,29,app
C2811,83.32,2,38,app
C2812,222.38,8,2,tienda
C2813,89.94,3,40,tienda
C2814,222.68,11,38,web
C2815,92.07,2,59,app
C2816,220.22,13,58,app
C2817,70.11,3,13,tienda
C2818,70.43,3,55,web
C2819,235.21,13,3,app
C2820,71.56,2,23,tienda
C2821,247.74,10,38,web
C2822,89.36,3,48,tienda
C2823,602.13,5,54,tienda
C2824,238.69,7,31,web
C2825,282.86,18,12,web
C2826,57.73,2,41,tienda
C2827,190.09,13,36,web
C2828,623.74,5,34,web
C2829,69.71,2,34,tienda
C2830,694.84,4,48,tienda
C2831,80.75,2,26,app
C2832,580.41,5,50,web
C2833,72.46,2,57,tienda
C2834,489.97,5,31,tienda
C2835,229.09,12,10,web
C2836,70.05,2,4,tienda
C2837,757.37,4,16,tienda
C2838,319.86,11,11,web
C2839,673.32,5,60,tienda
C2840,199.36,10,10,tienda
C2841,73.91,2,51,web
C2842,203.7,15,59,web
C2843,196.41,21,24,tienda
C2844,239.11,12,18,app
C2845,239.64,14,56,tienda
C2846,620.56,6,33,web
C2847,249.64,11,52,web
C2848,653.22,2,15,tienda
C2849,80.07,2,47,tienda
C2850,763.77,5,6,tienda
C2851,198.58,14,41,web
C2852,169.13,15,4,web
C2853,205.44,12,51,app
C2854,102.23,3,29,tienda
C2855,693.61,4,30,tienda
C2856,192.69,10,24,app
C2857,88.53,2,11,tienda
C2858,60.92,3,1,tienda
C2859,221.1,18,11,web
C2860,217.97,11,6,web
C2861,75.56,2,50,web
C2862,767.67,6,46,web
C2863,104.44,2,44,tienda
C2864,259.1,13,2,tienda
C2865,218.12,12,45,app
C2866,258.08,15,36,web
C2867,87.82,3,39,web
C2868,97.05,2,54,tienda
C2869,203.53,16,4,web
C2870,88.97,2,1,app
C2871,83.97,2,36,tienda
C2872,831.36,4,1,web
C2873,272.19,12,37,tienda
C2874,501.78,5,19,tienda
C2875,565.63,6,9,web
C2876,583.9,5,56,web
C2877,73.94,2,5,web
C2878,268.88,12,7,app
C2879,202.32,9,49,web
C2880,84.73,2,56,tienda
C2881,70.98,4,25,web
C2882,61.72,2,31,web
C2883,92.1,3,34,tienda
C2884,249.92,12,56,app
C2885,212.83,18,24,app
C2886,302.75,10,31,web
C2887,646.34,4,39,web
C2888,170.6,12,48,app
C2889,187.64,14,3,web
C2890,441.2,5,21,web
C2891,71.31,2,37,tienda
C2892,107.99,2,49,app
C2893,163.49,12,14,app
C2894,111.6,3,23,web
C2895,231.07,12,2,app
C2896,218.01,12,18,tienda
C2897,162.71,13,18,tienda
C2898,98.43,4,51,tienda
C2899,63.96,2,32,tienda
C2900,75.93,3,31,app
C2901,206.25,15,46,app
C2902,352.73,13,11,web
C2903,258.92,13,1,tienda
C2904,630.5,5,22,web
C2905,211.53,11,22,app
C2906,222.52,14,2,web
C2907,464.51,5,37,tienda
C2908,527.84,5,42,web
C2909,266.27,13,6,tienda
C2910,86.68,3,47,tienda
C2911,252.02,16,40,app
C2912,92.72,3,16,app
C2913,77.15,3,26,web
C2914,703.2,4,2,tienda
C2915,239.16,11,42,tienda
C2916,202,14,34,tienda
C2917,580.09,5,22,tienda
C2918,230.78,12,46,app
C2919,582.57,8,28,web
C2920,665.9,5,49,web
C2921,210.35,11,49,app
C2922,674.34,4,23,tienda
C2923,105.45,3,10,tienda
C2924,224.68,11,12,app
C2925,632.78,3,59,tienda
C2926,241.84,13,31,app
C2927,845.65,7,54,tienda
C2928,726.7,5,31,web
C2929,668.8,4,36,tienda
C2930,93.67,2,10,tienda
C2931,118.07,3,8,tienda
C2932,658.35,4,33,web
C2933,456.97,4,50,tienda
C2934,589.34,5,55,web
C2935,72.62,2,54,web
C2936,248.75,11,50,web
C2937,78.2,2,38,tienda
C2938,81.5,2,3,web
C2939,91.89,3,1,app
C2940,220.74,13,53,app
C2941,245.49,13,39,tienda
C2942,603.81,7,13,web
C2943,72.54,2,13,tienda
C2944,768.4,6,49,web
C2945,239.94,16,57,app
C2946,82.18,2,4,tienda
C2947,480.45,6,12,tienda
C2948,104.8,3,46,web
C2949,557.41,4,26,web
C2950,91.32,3,32,tienda
C2951,588.18,8,28,app
C2952,681.21,5,19,tienda
C2953,211.25,16,57,app
C2954,67.77,3,32,web
C2955,53.21,2,20,tienda
C2956,309.71,14,11,app
C2957,245.55,7,34,app
C2958,82.55,4,13,tienda
C2959,288.3,15,38,app
C2960,75.91,3,49,web
C2961,79.16,2,56,web
C2962,69.7,2,43,web
C2963,72.96,3,42,tienda
C2964,96.93,2,4,tienda
C2965,258.53,15,36,tienda
C2966,82.92,2,15,web
C2967,207.09,11,35,app
C2968,178.25,11,6,app
C2969,246.67,13,14,app
C2970,140.84,10,35,tienda
C2971,683.41,4,45,web
C2972,243.75,13,60,web
C2973,480.27,5,10,web
C2974,570.49,5,59,tienda
C2975,602.05,5,59,web
C2976,176.07,13,52,web
C2977,222.86,10,44,web
C2978,209.52,9,23,web
C2979,67.9,2,54,tienda
C2980,801.22,5,7,web
C2981,87.81,4,21,tienda
C2982,76.28,3,21,app
C2983,75.6,2,54,tienda
C2984,893.12,6,12,tienda
C2985,69.52,2,18,web
C2986,74.32,2,7,web
C2987,81.62,2,8,tienda
C2988,601.39,5,58,web
C2989,78.99,2,55,tienda
C2990,689.7,4,45,app
C2991,494.43,5,40,web
C2992,262.8,12,2,app
C2993,88.09,3,6,app
C2994,75.11,2,59,web
C2995,191.91,7,9,web
C2996,65.66,3,33,app
C2997,85.33,2,17,web
C2998,553.47,4,33,tienda
C2999,74.59,2,42,tienda
C3000,231.38,12,3,app
C3001,193.06,10,27,tienda
C3002,696.68,6,22,web
C3003,72.62,3,23,app
C3004,240.91,9,15,tienda
C3005,614.81,8,48,tienda
C3006,83.16,2,55,tienda
C3007,571.48,6,38,web
C3008,96.89,2,32,web
C3009,94.26,3,25,web
C3010,92.39,2,34,app
C3011,513.19,6,30,web
C3012,90.55,3,37,tienda
C3013,198.29,17,5,app
C3014,100.65,2,35,app
C3015,240.35,14,59,app
C3016,71.01,2,47,web
C3017,256.46,10,36,tienda
C3018,706.41,5,4,web
C3019,183.72,7,31,tienda
C3020,529.85,6,12,app
C3021,642.25,3,46,web
C3022,627.94,5,58,web
C3023,85.51,3,20,tienda
C3024,776.76,5,5,web
C3025,503.1,6,35,tienda
C3026,65.37,2,50,tienda
C3027,88.81,2,37,tienda
C3028,231.42,11,5,app
C3029,66.2,3,15,web
C3030,80.88,2,23,tienda
C3031,192.1,12,27,tienda
C3032,698.95,5,35,web
C3033,62.77,3,36,tienda
C3034,214.27,9,41,tienda
C3035,576.95,5,43,web
C3036,215.27,9,11,app
C3037,76.74,2,23,tienda
C3038,230.68,12,14,app
C3039,192.56,12,53,app
C3040,77.98,3,56,web
C3041,241.11,11,39,app
C3042,181.16,8,9,tienda
C3043,87.66,4,2,tienda
C3044,199.21,11,17,web
C3045,592.37,7,16,tienda
C3046,78.33,2,12,tienda
C3047,79.74,3,40,tienda
C3048,230.36,9,16,app
C3049,667.39,6,35,web
C3050,75.03,2,37,app
C3051,63.07,2,60,tienda
C3052,260.38,14,26,app
C3053,222.06,10,47,app
C3054,80.27,3,41,tienda
C3055,241.89,14,19,web
C3056,731.31,5,21,tienda
C3057,195.43,13,36,app
C3058,250.82,11,34,app
C3059,73.37,3,10,tienda
C3060,607.01,5,23,tienda
C3061,227.27,13,34,web
C3062,217.29,14,54,app
C3063,688.71,4,49,web
C3064,481.77,5,11,web
C3065,187.24,15,8,tienda
C3066,92.74,2,59,app
C3067,68.97,3,60,tienda
C3068,74.85,3,29,web
C3069,169.62,10,31,tienda
C3070,103.13,2,16,tienda
C3071,328.71,12,56,tienda
C3072,786.13,4,6,web
C3073,589.84,4,18,web
C3074,422.96,5,53,tienda
C3075,92.19,4,36,web
C3076,77.88,2,55,tienda
C3077,93.78,3,20,tienda
C3078,184.97,15,47,app
C3079,635.62,5,33,tienda
C3080,556.99,4,13,tienda
C3081,537.42,5,53,web
C3082,294.17,13,55,tienda
C3083,262.3,13,51,app
C3084,66.58,2,1,tienda
C3085,287.84,12,25,app
C3086,577.86,5,13,app
C3087,70.74,3,5,web
C3088,85.75,3,12,tienda
C3089,218.65,15,22,web
C3090,642.94,5,35,web
C3091,65.93,3,38,app
C3092,83.82,2,4,tienda
C3093,215.21,12,22,app
C3094,226.74,12,20,web
C3095,68.37,3,46,web
C3096,88.22,2,6,tienda
C3097,73.86,3,25,web
C3098,93.93,2,19,tienda
C3099,735.23,10,14,web
C3100,59.52,2,23,tienda
C3101,67.5,2,21,web
C3102,725.13,4,12,app
C3103,74.37,3,43,tienda
C3104,258.28,14,7,web
C3105,67.97,3,17,web
C3106,622.49,6,29,web
C3107,84.06,3,46,tienda
C3108,85.31,3,44,tienda
C3109,166.96,12,53,app
C3110,91.69,2,29,app
C3111,61.32,3,19,web
C3112,234.08,16,54,app
C3113,230.13,14,48,web
C3114,83.39,2,18,web
C3115,71.65,3,46,tienda
C3116,79.07,3,38,tienda
C3117,215.42,14,3,tienda
C3118,201.76,13,17,app
C3119,240.47,15,31,app
C3120,92.08,2,32,tienda
C3121,593.16,4,49,web
C3122,526.86,7,27,web
C3123,623.72,6,15,tienda
C3124,716.25,4,44,tienda
C3125,517.37,5,5,tienda
C3126,729.4,6,36,web
C3127,68.43,3,46,tienda
C3128,232.59,11,40,app
C3129,425.32,7,20,tienda
C3130,85.09,2,45,web
C3131,247.93,16,18,web
C3132,213.58,8,52,tienda
C3133,265.5,16,50,app
C3134,234.59,10,39,app
C3135,623.33,7,14,app
C3136,68.23,3,25,tienda
C3137,248.53,16,56,web
C3138,678.88,4,46,tienda
C3139,531.18,7,42,tienda
C3140,71.09,2,29,tienda
C3141,610.69,6,56,tienda
C3142,100,2,20,tienda
C3143,584.49,5,56,web
C3144,207.26,10,34,tienda
C3145,199.98,21,23,app
C3146,65.6,2,44,tienda
C3147,253.61,17,53,app
C3148,92.7,3,5,tienda
C3149,76.49,3,17,tienda
C3150,71.21,2,30,tienda
C3151,227,16,19,tienda
C3152,216.03,10,57,app
C3153,75.04,2,34,tienda
C3154,79.82,2,19,tienda
C3155,156.91,14,4,app
C3156,85.12,3,16,tienda
C3157,240.39,16,56,web
C3158,76.58,2,19,web
C3159,205.18,9,20,web
C3160,101.89,2,15,tienda
C3161,222.84,11,5,app
C3162,232.04,12,8,app
C3163,613.18,5,42,web
C3164,513.16,6,27,web
C3165,183.14,10,5,web
C3166,73.59,2,39,tienda
C3167,677.43,5,44,tienda
C3168,76.51,3,44,web
C3169,83.49,2,47,web
C3170,820.78,5,59,app
C3171,186.35,10,29,app
C3172,221.67,14,58,web
C3173,91.55,2,2,web
C3174,77.28,2,18,web
C3175,578.64,4,41,tienda
C3176,605.88,5,60,web
C3177,231.9,21,44,app
C3178,101.82,2,9,web
C3179,245.91,13,50,app
C3180,205.72,14,8,web
C3181,240.95,14,6,web
C3182,64.95,3,49,web
C3183,90.67,3,30,web
C3184,168.56,12,33,app
C3185,118.55,2,30,tienda
C3186,96.16,2,8,web
C3187,261.12,15,53,app
C3188,92.6,2,14,app
C3189,229.74,13,9,app
C3190,77.87,2,8,web
C3191,82.99,4,28,tienda
C3192,81,3,18,tienda
C3193,97.11,2,37,tienda
C3194,244.07,22,60,web
C3195,69.94,2,57,tienda
C3196,596.63,5,57,tienda
C3197,216.67,9,46,web
C3198,709.71,4,23,web
C3199,254.24,16,28,app
C3200,575.04,5,4,web
C3201,249.66,21,59,app
C3202,253.35,12,37,tienda
C3203,524.64,7,49,tienda
C3204,93.86,3,3,tienda
C3205,644.3,5,53,tienda
C3206,194.5,10,10,web
C3207,179.15,16,55,web
C3208,69.58,2,3,tienda
C3209,186.92,9,19,app
C3210,78.66,3,47,tienda
C3211,77.1,3,46,tienda
C3212,71.44,3,33,tienda
C3213,68.15,2,26,web
C3214,548.15,4,48,web
C3215,95.01,2,35,tienda
C3216,106.72,3,36,web
C3217,242.27,10,51,web
C3218,101.68,3,33,tienda
C3219,684.39,10,38,app
C3220,63.86,2,33,app
C3221,148.78,12,60,app
C3222,76.75,2,17,web
C3223,196.41,13,4,app
C3224,104.5,2,12,tienda
C3225,607.75,6,51,tienda
C3226,77.48,2,41,tienda
C3227,73.31,4,49,tienda
C3228,205.86,13,15,web
C3229,89.39,2,12,web
C3230,565.46,6,35,tienda
C3231,72.97,2,54,tienda
C3232,660.24,4,3,web
C3233,212.25,10,34,app
C3234,610.4,6,8,web
C3235,90.01,2,27,tienda
C3236,69.27,2,34,tienda
C3237,690.87,6,26,tienda
C3238,269.39,10,49,web
C3239,664.06,4,42,web
C3240,605.83,3,51,tienda
C3241,688.98,6,48,web
C3242,262.54,10,4,tienda
C3243,580.55,6,40,tienda
C3244,611.89,5,7,web
C3245,660.79,5,44,tienda
C3246,88.34,2,35,web
C3247,95.74,2,3,tienda
C3248,72.7,3,59,tienda
C3249,219.6,11,28,app
C3250,196.21,11,8,tienda
C3251,78.8,2,37,tienda
C3252,251.68,13,15,tienda
C3253,68.33,2,18,tienda
C3254,91.93,2,53,tienda
C3255,73.12,3,40,web
C3256,82.54,3,57,web
C3257,82.37,2,42,tienda
C3258,687.26,7,39,web
C3259,220.22,11,41,app
C3260,237.13,13,15,app
C3261,92.1,1,35,tienda
C3262,82.95,3,25,tienda
C3263,212.39,11,48,tienda
C3264,218.46,8,7,app
C3265,245.82,14,32,web
C3266,70.81,3,1,web
C3267,205.49,13,36,app
C3268,90.55,3,30,web
C3269,238.49,15,54,tienda
C3270,68.98,2,1,tienda
C3271,608.23,3,7,tienda
C3272,86.44,2,59,web
C3273,635.49,5,15,tienda
C3274,75.81,2,42,tienda
C3275,749.41,6,18,web
C3276,82.14,2,17,web
C3277,225.28,12,6,app
C3278,91.23,2,50,tienda
C3279,64.36,3,58,tienda
C3280,224.13,13,33,app
C3281,205.95,17,38,app
C3282,67.82,2,23,tienda
C3283,539.33,6,1,tienda
C3284,80.08,3,5,web
C3285,274.52,10,2,tienda
C3286,76.44,2,58,tienda
C3287,75.82,2,27,web
C3288,84.53,2,60,tienda
C3289,214.86,11,34,app
C3290,189.87,8,46,app
C3291,211.21,11,23,web
C3292,93.55,2,36,tienda
C3293,537.75,4,10,web
C3294,189.18,15,14,tienda
C3295,190.75,10,45,tienda
C3296,193.07,10,2,app
C3297,87.31,1,58,tienda
C3298,79.89,3,55,tienda
C3299,205.42,12,55,tienda
C3300,206.06,10,39,tienda
C3301,94.56,2,50,app
C3302,203.17,12,47,app
C3303,209.13,12,33,web
C3304,69.68,2,41,tienda
C3305,215.69,15,6,app
C3306,181.29,17,41,app
C3307,97.14,3,32,tienda
C3308,67.99,2,37,tienda
C3309,76.79,3,43,tienda
C3310,76.8,3,37,tienda
C3311,628.85,3,39,app
C3312,81.3,2,28,web
C3313,211.18,13,27,web
C3314,111.94,3,5,web
C3315,658.57,4,18,tienda
C3316,680.17,5,24,tienda
C3317,73.38,3,33,tienda
C3318,588.73,6,40,tienda
C3319,65.89,2,12,tienda
C3320,81.99,5,15,tienda
C3321,253.83,13,33,tienda
C3322,92.09,3,22,tienda
C3323,97.87,3,51,tienda
C3324,224.96,13,17,app
C3325,89.58,3,19,tienda
C3326,677.98,4,3,web
C3327,74.17,2,20,tienda
C3328,624.49,5,6,web
C3329,681.6,5,57,tienda
C3330,91.37,3,48,tienda
C3331,226.51,9,34,web
C3332,239.34,15,58,app
C3333,77.27,2,20,app
C3334,76.78,3,22,tienda
C3335,64.02,3,55,web
C3336,504.13,7,47,tienda
C3337,619.38,4,14,tienda
C3338,72.76,3,33,tienda
C3339,596.88,6,30,web
C3340,710.31,4,15,tienda
C3341,54.74,3,5,tienda
C3342,549.25,5,47,web
C3343,205.76,9,59,app
C3344,67.75,3,11,tienda
C3345,214.84,14,22,web
C3346,574.9,5,4,tienda
C3347,232.27,13,18,app
C3348,530.67,4,30,tienda
C3349,215.32,14,9,tienda
C3350,215.41,13,51,web
C3351,257.89,9,37,tienda
C3352,604.5,4,29,tienda
C3353,170.03,13,57,web
C3354,214.43,9,25,app
C3355,84.64,2,8,app
C3356,215.39,13,53,app
C3357,72.04,3,58,tienda
C3358,247.38,13,17,tienda
C3359,94.43,2,23,tienda
C3360,547.57,4,20,tienda
C3361,217.84,14,28,app
C3362,212.48,15,34,tienda
C3363,185.38,22,16,web
C3364,77.31,3,29,tienda
C3365,74.45,3,19,web
C3366,267.71,8,33,app
C3367,76.63,3,20,tienda
C3368,852.31,5,58,tienda
C3369,247.09,11,52,app
C3370,256.44,15,57,app
C3371,261.98,12,5,app
C3372,708.68,6,23,web
C3373,232.28,11,30,tienda
C3374,74.56,2,3,tienda
C3375,220.33,13,19,web
C3376,511.96,6,37,tienda
C3377,79.14,2,26,tienda
C3378,83.61,2,55,web
C3379,74.51,3,54,app
C3380,225.21,12,44,app
C3381,185.22,10,58,tienda
C3382,220.46,8,51,web
C3383,77.53,3,11,tienda
C3384,594.92,6,5,tienda
C3385,179.22,13,33,tienda
C3386,227.66,17,31,web
C3387,198.09,12,10,app
C3388,204.06,13,3,app
C3389,109.52,4,26,tienda
C3390,98.9,3,3,tienda
C3391,191.12,15,40,web
C3392,80.59,3,56,app
C3393,63.07,3,48,tienda
C3394,200.92,13,57,app
C3395,79.88,5,50,web
C3396,85.49,2,53,tienda
C3397,83.98,2,56,tienda
C3398,212.99,9,20,tienda
C3399,198.62,12,14,app
C3400,208.29,8,25,web
C3401,530.27,5,60,tienda
C3402,74.7,3,42,app
C3403,74.93,3,12,tienda
C3404,238.99,11,33,tienda
C3405,315.2,11,54,app
C3406,292.59,14,51,app
C3407,76.3,2,23,tienda
C3408,240.67,17,39,app
C3409,755.76,6,7,web
C3410,85.83,3,18,web
C3411,214.29,13,21,web
C3412,72.55,3,3,web
C3413,65.2,4,55,tienda
C3414,252.35,12,30,web
C3415,71.84,2,7,tienda
C3416,206,14,16,web
C3417,206.81,12,50,app
C3418,777.78,5,8,web
C3419,627.17,4,10,web
C3420,251.86,12,58,tienda
C3421,87.2,3,56,tienda
C3422,227.04,11,59,app
C3423,79.43,3,9,tienda
C3424,193.38,10,15,tienda
C3425,656.99,4,19,tienda
C3426,627.81,6,29,tienda
C3427,254.67,9,23,app
C3428,500.69,4,35,app
C3429,625.58,4,27,web
C3430,89.57,3,42,web
C3431,98.98,3,52,tienda
C3432,686.7,5,43,tienda
C3433,229.67,10,55,tienda
C3434,613.44,5,38,tienda
C3435,96.98,3,46,tienda
C3436,224.17,8,39,web
C3437,229.76,11,13,app
C3438,539.72,5,56,tienda
C3439,240.45,16,13,tienda
C3440,80.63,2,29,app
C3441,562.76,5,50,web
C3442,738.11,6,42,web
C3443,715.77,6,20,tienda
C3444,76.75,2,36,web
C3445,231.4,13,36,web
C3446,92.88,3,18,tienda
C3447,70.52,2,38,web
C3448,585.99,5,24,web
C3449,520.65,4,21,web
C3450,295.07,15,10,web
C3451,481.66,5,32,web
C3452,98.13,3,15,tienda
C3453,232.99,11,32,tienda
C3454,208.17,7,27,app
C3455,542.43,4,55,web
C3456,171.08,14,31,web
C3457,72.03,3,33,tienda
C3458,699.84,3,50,web
C3459,92.17,2,8,app
C3460,78.49,3,28,web
C3461,95.1,2,15,tienda
C3462,68.03,2,42,web
C3463,562.03,6,32,tienda
C3464,242.31,13,35,tienda
C3465,183.4,19,3,app
C3466,571.18,5,51,web
C3467,643.59,5,2,tienda
C3468,222.93,12,4,app
C3469,278.51,8,57,app
C3470,97.84,2,47,app
C3471,688.33,5,39,tienda
C3472,571.42,5,54,tienda
C3473,203.62,12,25,tienda
C3474,61.65,4,60,web
C3475,216.29,10,52,web
C3476,245.08,13,35,web
C3477,64.56,2,43,tienda
C3478,184.01,12,26,tienda
C3479,89.39,2,40,tienda
C3480,236.85,9,29,web
C3481,545.76,5,52,tienda
C3482,201.52,12,31,app
C3483,256.46,9,36,web
C3484,422.46,7,25,tienda
C3485,102.41,2,12,web
C3486,267.77,15,44,web
C3487,198.13,14,8,web
C3488,211.02,8,23,app
C3489,93.19,2,13,web
C3490,197.42,8,40,tienda
C3491,742.5,6,27,tienda
C3492,91.12,4,35,tienda
C3493,233.78,7,47,tienda
C3494,89.3,3,10,web
C3495,97.12,3,60,tienda
C3496,760.27,5,17,tienda
C3497,187.4,10,4,web
C3498,710.75,5,39,tienda
C3499,90.71,2,39,tienda
C3500,80.1,3,43,web
C3501,235.6,10,55,tienda
C3502,98.54,2,28,web
C3503,240,11,33,app
C3504,74.14,2,27,tienda
C3505,81.15,4,57,tienda
C3506,217.1,11,26,web
C3507,75.74,2,19,web
C3508,219.39,13,26,web
C3509,70.61,2,46,tienda
C3510,218.49,14,23,app
C3511,84.9,2,40,tienda
C3512,70.84,2,44,app
C3513,77.17,3,25,web
C3514,75.66,3,37,tienda
C3515,297.47,16,19,web
C3516,592.5,4,10,tienda
C3517,680.6,5,34,tienda
C3518,88.59,3,13,tienda
C3519,281.39,11,3,tienda
C3520,212.26,11,21,tienda
C3521,250.35,15,1,app
C3522,675.85,5,15,app
C3523,118.16,2,13,tienda
C3524,205.54,9,29,tienda
C3525,487.44,6,29,web
C3526,65.46,3,6,web
C3527,225.31,11,49,tienda
C3528,700.96,4,57,tienda
C3529,93.06,2,17,web
C3530,95.02,3,31,tienda
C3531,67.53,4,31,tienda
C3532,90.04,3,29,tienda
C3533,86.88,3,7,app
C3534,679.7,5,40,tienda
C3535,74.34,2,19,tienda
C3536,81.5,3,51,tienda
C3537,91.56,4,25,web
C3538,769.6,4,14,web
C3539,173.21,14,2,app
C3540,72.78,3,32,web
C3541,78.27,3,42,tienda
C3542,219.93,19,32,app
C3543,656.78,6,50,tienda
C3544,304.61,12,1,app
C3545,245.15,11,16,web
C3546,752.53,5,41,web
C3547,209.15,13,8,tienda
C3548,733.87,3,31,app
C3549,566.03,8,37,web
C3550,256.54,12,24,web
C3551,206.55,13,30,app
C3552,205.2,10,54,app
C3553,70.91,2,22,tienda
C3554,90.67,2,51,web
C3555,646.82,5,51,app
C3556,60.87,2,8,web
C3557,226.95,13,39,tienda
C3558,462.97,5,37,app
C3559,250.37,18,31,web
C3560,69.62,3,4,web
C3561,50.4,2,39,tienda
C3562,429.59,5,23,web
C3563,648.65,5,38,web
C3564,696.1,4,23,tienda
C3565,75.73,2,37,tienda
C3566,142.34,10,18,app
C3567,103.14,2,23,web
C3568,170.58,9,36,app
C3569,190.26,11,20,tienda
C3570,559.28,6,50,tienda
C3571,276.8,9,8,app
C3572,223.58,13,29,web
C3573,68.09,4,43,app
C3574,285.2,11,18,web
C3575,197.06,7,59,tienda
C3576,676.97,7,49,tienda
C3577,64.23,2,30,tienda
C3578,67.05,3,35,tienda
C3579,72.3,2,2,tienda
C3580,593.95,4,50,tienda
C3581,560.49,5,52,tienda
C3582,934.97,5,25,web
C3583,565.63,4,29,web
C3584,291.57,16,48,app
C3585,78.94,2,49,app
C3586,100.7,3,43,tienda
C3587,234.63,13,51,app
C3588,74.89,3,7,tienda
C3589,583.25,6,12,tienda
C3590,80.35,2,23,tienda
C3591,206.8,12,1,app
C3592,205.75,10,26,tienda
C3593,79.2,2,18,tienda
C3594,196.31,18,47,app
C3595,88.01,3,11,tienda
C3596,216.31,13,45,app
C3597,72.16,3,20,tienda
C3598,104.5,3,2,web
C3599,213.78,12,30,app
C3600,593.83,6,33,tienda
C3601,102.43,3,53,tienda
C3602,621.85,6,16,tienda
C3603,563.36,5,32,tienda
C3604,63.05,2,41,tienda
C3605,87.34,2,40,web
C3606,188.17,13,37,app
C3607,71.15,3,53,tienda
C3608,211.81,11,42,web
C3609,565.99,7,39,web
C3610,83.76,2,35,web
C3611,63.31,3,59,tienda
C3612,224.14,12,47,app
C3613,235.59,13,49,app
C3614,95.56,2,48,tienda
C3615,82.57,1,30,app
C3616,185.49,12,3,tienda
C3617,554.98,3,34,tienda
C3618,496.21,4,37,web
C3619,188.02,15,37,app
C3620,229.27,9,6,app
C3621,678.47,4,7,web
C3622,83.45,3,22,tienda
C3623,90.38,3,28,tienda
C3624,195.84,11,49,app
C3625,232.01,18,21,app
C3626,73.62,2,8,app
C3627,71.99,2,3,tienda
C3628,206.06,14,53,web
C3629,77.73,3,60,app
C3630,62.1,2,12,tienda
C3631,76.65,2,33,app
C3632,79.8,2,8,web
C3633,82.13,3,47,app
C3634,89.24,3,47,app
C3635,71.52,3,1,web
C3636,250.53,16,19,app
C3637,220.88,11,59,web
C3638,91.07,1,32,web
C3639,90.12,2,15,tienda
C3640,570.57,6,8,app
C3641,66.91,2,47,web
C3642,94.97,3,29,tienda
C3643,208.67,16,17,web
C3644,213.52,16,3,web
C3645,75.61,3,49,tienda
C3646,78.49,2,57,tienda
C3647,508.86,6,27,web
C3648,90.47,3,17,tienda
C3649,244.88,13,13,web
C3650,89.78,2,4,web
C3651,76.48,2,30,web
C3652,699.74,5,8,tienda
C3653,95.65,2,42,web
C3654,537.04,4,28,tienda
C3655,469.73,4,53,tienda
C3656,677.14,6,34,tienda
C3657,502.21,3,26,web
C3658,232.28,10,9,web
C3659,181.43,13,38,app
C3660,101.61,3,40,app
C3661,644.47,6,19,tienda
C3662,261.62,15,58,tienda
C3663,212.69,11,17,app
C3664,76.66,2,52,tienda
C3665,89.99,3,43,tienda
C3666,559.41,6,6,tienda
C3667,81.61,2,49,tienda
C3668,74.38,2,38,tienda
C3669,79.24,2,37,web
C3670,546.04,5,41,web
C3671,72.05,3,24,tienda
C3672,567.36,4,5,tienda
C3673,196.47,10,30,app
C3674,549.05,6,3,app
C3675,99.5,2,47,web
C3676,81.27,3,56,tienda
C3677,81.61,3,56,tienda
C3678,739.61,4,20,tienda
C3679,73.73,4,54,web
C3680,75.48,2,17,tienda
C3681,87.83,3,11,tienda
C3682,291.89,14,32,app
C3683,838.47,4,3,tienda
C3684,197.96,8,13,tienda
C3685,88.83,3,18,tienda
C3686,238.19,12,54,app
C3687,686.68,5,19,web
C3688,703.45,5,5,web
C3689,272.57,11,19,tienda
C3690,237.46,10,8,app
C3691,94.56,2,8,web
C3692,230.61,10,35,app
C3693,223.69,10,21,app
C3694,76.99,2,9,tienda
C3695,93.52,2,23,tienda
C3696,190.7,10,28,web
C3697,64.65,3,14,app
C3698,477.19,4,29,tienda
C3699,258.51,8,32,app
C3700,241.13,12,12,web
C3701,240.83,11,8,web
C3702,71.63,3,43,web
C3703,720.46,5,29,tienda
C3704,230.56,13,48,tienda
C3705,62.32,3,30,web
C3706,75.59,2,27,tienda
C3707,76.97,2,8,tienda
C3708,219.05,10,28,tienda
C3709,622.87,3,24,web
C3710,430.78,5,12,tienda
C3711,68.41,4,42,app
C3712,620.84,3,54,web
C3713,167.62,12,10,app
C3714,574.34,4,31,web
C3715,83.02,2,3,tienda
C3716,249.83,10,36,web
C3717,654.6,6,56,web
C3718,206.54,10,59,web
C3719,83.99,3,17,web
C3720,288.37,13,4,web
C3721,512.32,7,19,web
C3722,191.08,8,45,tienda
C3723,683.43,4,14,tienda
C3724,82.18,2,7,tienda
C3725,209.8,11,2,tienda
C3726,88.73,3,9,web
C3727,76.6,3,50,web
C3728,211.65,13,37,web
C3729,234.61,11,30,web
C3730,700.58,5,40,web
C3731,84.91,3,21,web
C3732,84.1,3,50,app
C3733,185.06,13,31,tienda
C3734,80.1,4,48,tienda
C3735,75.72,4,10,tienda
C3736,192.91,11,7,app
C3737,749.03,6,45,web
C3738,238.21,12,25,app
C3739,239.99,10,2,app
C3740,228.66,14,43,app
C3741,69.02,2,36,tienda
C3742,222.56,13,44,tienda
C3743,277.31,14,13,app
C3744,75.49,3,52,web
C3745,76.95,2,37,tienda
C3746,279.85,12,20,web
C3747,688.94,4,52,web
C3748,671.59,6,10,web
C3749,595.54,3,39,web
C3750,62.34,3,32,tienda
C3751,107.05,3,14,web
C3752,242.57,11,60,tienda
C3753,85.14,3,9,tienda
C3754,747.89,4,52,tienda
C3755,239.28,12,3,app
C3756,236.92,11,43,tienda
C3757,220.84,13,41,app
C3758,180.76,11,60,app
C3759,82.22,4,43,tienda
C3760,219.98,10,48,app
C3761,776,5,10,tienda
C3762,683.08,5,60,tienda
C3763,73.08,3,33,web
C3764,81.82,3,17,web
C3765,188.16,12,11,app
C3766,195.08,16,60,app
C3767,228.99,18,2,app
C3768,221.78,13,52,app
C3769,198.46,10,17,app
C3770,556.89,5,13,web
C3771,232.31,18,25,app
C3772,244.98,11,48,app
C3773,293.27,12,23,web
C3774,540.11,6,57,tienda
C3775,242.73,11,3,app
C3776,184.48,14,35,app
C3777,80.97,2,17,web
C3778,237.5,8,7,app
C3779,66.53,2,48,tienda
C3780,63.31,3,46,tienda
C3781,79.87,3,33,tienda
C3782,777.12,3,27,app
C3783,77.84,3,50,tienda
C3784,81.85,2,56,app
C3785,62.13,2,9,tienda
C3786,96,3,20,web
C3787,512.5,5,16,web
C3788,522.24,6,22,web
C3789,698.35,7,54,web
C3790,180.56,13,23,app
C3791,82.47,2,19,app
C3792,63.88,3,17,tienda
C3793,90.47,3,11,tienda
C3794,74.03,2,10,web
C3795,91.29,2,59,tienda
C3796,227.68,12,32,app
C3797,66.79,2,46,tienda
C3798,219.62,10,42,tienda
C3799,224.73,23,10,app
C3800,196.36,11,17,app
C3801,85.03,2,5,web
C3802,193.88,10,13,app
C3803,562.4,5,16,web
C3804,81.09,3,23,web
C3805,295.66,14,15,tienda
C3806,213.96,16,52,app
C3807,79.18,2,11,tienda
C3808,106.05,2,4,tienda
C3809,261.39,10,31,app
C3810,220.78,10,50,app
C3811,175.02,15,26,web
C3812,774.46,5,59,app
C3813,254.22,14,60,app
C3814,223.87,12,60,tienda
C3815,179.01,10,34,app
C3816,662.81,3,36,web
C3817,79.03,2,6,web
C3818,631.56,6,52,tienda
C3819,580.77,5,24,web
C3820,94.67,3,39,tienda
C3821,190.08,11,29,app
C3822,158.07,13,35,web
C3823,667.19,5,40,web
C3824,71.46,2,16,web
C3825,461.3,6,31,tienda
C3826,513.92,6,39,tienda
C3827,103.64,3,58,tienda
C3828,700.35,6,49,web
C3829,178.25,17,2,tienda
C3830,570.94,5,15,tienda
C3831,86.13,2,43,web
C3832,229.76,13,56,app
C3833,111.42,2,25,tienda
C3834,92.65,2,11,tienda
C3835,540.15,6,20,web
C3836,186.91,10,56,tienda
C3837,72.14,2,28,tienda
C3838,192.52,11,51,app
C3839,88.46,3,34,web
C3840,193.24,17,25,web
C3841,673.68,4,13,web
C3842,69.79,2,21,web
C3843,242.06,19,7,app
C3844,92.8,2,44,web
C3845,253.89,11,22,tienda
C3846,677.94,5,27,tienda
C3847,81.7,3,29,tienda
C3848,58.35,3,18,web
C3849,70.91,4,44,web
C3850,551.05,5,3,web
C3851,77.33,3,22,tienda
C3852,664.75,5,18,tienda
C3853,78.44,2,50,tienda
C3854,558.59,4,2,tienda
C3855,54.79,2,20,tienda
C3856,75.61,3,32,tienda
C3857,735.31,6,26,tienda
C3858,618.64,4,14,tienda
C3859,89.52,2,35,web
C3860,609.33,4,18,app
C3861,72.46,2,54,tienda
C3862,80.65,2,34,tienda
C3863,217.29,12,56,web
C3864,76.53,3,42,tienda
C3865,210.65,10,17,app
C3866,87.98,2,52,tienda
C3867,85.3,3,7,tienda
C3868,98.25,2,42,tienda
C3869,67.55,2,39,tienda
C3870,93.99,3,21,tienda
C3871,200.98,13,11,app
C3872,98.45,2,34,tienda
C3873,74.51,3,27,tienda
C3874,68.19,2,33,tienda
C3875,597.01,6,39,web
C3876,208.15,14,57,app
C3877,94,3,25,tienda
C3878,249.3,11,20,app
C3879,648.87,4,48,web
C3880,194.79,15,2,app
C3881,76.36,2,17,web
C3882,84.53,2,19,app
C3883,877.5,5,25,tienda
C3884,63.49,2,35,web
C3885,76.25,3,22,tienda
C3886,226.95,9,32,app
C3887,238.29,9,42,app
C3888,215.62,20,51,app
C3889,189.08,14,49,web
C3890,78.98,3,58,app
C3891,226.09,11,16,web
C3892,717.33,4,41,tienda
C3893,100.44,2,50,tienda
C3894,235.85,13,3,web
C3895,80.1,2,41,tienda
C3896,81.97,2,60,tienda
C3897,844.9,4,18,web
C3898,578.47,7,29,tienda
C3899,578.93,4,46,tienda
C3900,243.64,16,9,tienda
C3901,189.17,13,31,web
C3902,230.24,7,51,app
C3903,602.43,4,2,web
C3904,450.4,4,4,web
C3905,72.53,3,43,tienda
C3906,94.88,2,42,tienda
C3907,84.58,2,25,web
C3908,192.88,10,55,app
C3909,234.86,12,30,app
C3910,258.94,8,15,tienda
C3911,739.95,5,32,tienda
C3912,192.03,11,41,app
C3913,462.76,4,10,web
C3914,82.03,3,8,tienda
C3915,97.58,2,45,web
C3916,243.89,7,19,app
C3917,64.04,2,27,tienda
C3918,70.11,3,7,web
C3919,108.91,3,9,app
C3920,74.8,3,10,web
C3921,246.21,11,19,tienda
C3922,180.37,11,1,app
C3923,508.32,3,34,tienda
C3924,55.07,4,57,tienda
C3925,107.59,3,16,web
C3926,89.28,3,31,tienda
C3927,576.21,4,35,tienda
C3928,531.9,6,12,tienda
C3929,533.69,5,48,tienda
C3930,781.93,5,56,tienda
C3931,649.01,3,3,tienda
C3932,73.15,2,25,web
C3933,99.38,3,20,web
C3934,691.02,5,3,tienda
C3935,163.96,12,47,app
C3936,77.92,2,8,tienda
C3937,84.83,2,16,tienda
C3938,71.96,2,12,web
C3939,92.42,2,9,web
C3940,176.09,11,27,app
C3941,230.37,13,20,web
C3942,458.96,3,5,tienda
C3943,82.57,2,41,tienda
C3944,217.78,10,33,app
C3945,80.03,3,38,web
C3946,79.14,3,16,web
C3947,254.71,14,30,web
C3948,649.65,10,40,web
C3949,88.2,3,44,tienda
C3950,207.93,10,6,app
C3951,241.3,15,40,tienda
C3952,584.33,4,4,tienda
C3953,188.39,10,48,app
C3954,290.08,16,40,tienda
C3955,58.14,2,12,tienda
C3956,188.3,14,7,app
C3957,87.7,3,21,web
C3958,69.43,3,49,tienda
C3959,258.5,14,58,app
C3960,672.35,6,60,tienda
C3961,211.34,17,55,app
C3962,216.15,10,41,tienda
C3963,223.65,9,2,app
C3964,244.56,8,17,app
C3965,147.71,15,13,web
C3966,84.97,2,39,web
C3967,76.11,3,44,tienda
C3968,256.41,17,26,app
C3969,75.69,4,1,tienda
C3970,636.43,4,60,tienda
C3971,91.43,3,19,tienda
C3972,819.58,4,20,tienda
C3973,845.05,8,50,tienda
C3974,231.9,12,9,web
C3975,480.15,3,40,web
C3976,69.75,4,42,tienda
C3977,742.55,3,50,web
C3978,246.15,9,51,web
C3979,178.68,10,16,web
C3980,644.07,5,22,tienda
C3981,134.77,8,34,app
C3982,91.01,2,33,tienda
C3983,57.66,3,7,web
C3984,207.4,11,42,web
C3985,227.73,13,3,tienda
C3986,281.61,14,48,tienda
C3987,195.6,12,50,tienda
C3988,490.17,4,48,web
C3989,78.08,2,43,web
C3990,445.72,6,30,app
C3991,60.81,3,59,tienda
C3992,71.23,3,22,web
C3993,568.75,4,40,web
C3994,90.44,3,59,tienda
C3995,86.08,3,58,tienda
C3996,238.47,15,32,app
C3997,99.23,2,10,tienda
C3998,607.13,7,4,tienda
C3999,213.91,10,4,app
C4000,84.6,2,55,web
C4001,551.76,4,16,web
C4002,78.05,3,49,web
C4003,622.59,4,26,tienda
C4004,90.01,2,48,web
C4005,76.32,3,13,web
C4006,211.53,13,37,tienda
C4007,480.23,7,30,tienda
C4008,78.39,2,50,tienda
C4009,211.2,10,24,app
C4010,571.17,4,23,app
C4011,184.59,13,19,app
C4012,202.96,17,10,tienda
C4013,85.87,4,20,tienda
C4014,585.97,5,30,web
C4015,597.38,9,15,web
C4016,615.54,5,17,web
C4017,83.73,3,29,tienda
C4018,87.46,3,24,tienda
C4019,637.8,4,52,web
C4020,178.76,12,56,app
C4021,96.9,3,57,tienda
C4022,704.36,4,2,web
C4023,87.3,1,24,tienda
C4024,91.05,3,8,tienda
C4025,77.26,3,60,web
C4026,643.75,5,26,tienda
C4027,226.35,15,9,tienda
C4028,218.1,13,35,web
C4029,80.03,3,58,tienda
C4030,190.33,15,43,tienda
C4031,684.84,6,39,tienda
C4032,189.45,11,43,app
C4033,644.18,5,25,web
C4034,217.77,10,41,app
C4035,224.61,12,21,app
C4036,266.01,12,13,app
C4037,528.42,6,8,web
C4038,64.38,3,24,web
C4039,733.57,5,42,app
C4040,603.48,6,38,tienda
C4041,771.17,6,6,tienda
C4042,667.33,6,30,tienda
C4043,243.5,10,5,app
C4044,513.93,5,28,tienda
C4045,252.37,12,3,web
C4046,84.46,2,60,web
C4047,90.34,2,35,tienda
C4048,252.57,13,19,web
C4049,598.18,4,60,tienda
C4050,233.24,9,57,app
C4051,282.45,11,39,app
C4052,225.42,10,29,tienda
C4053,562.4,4,16,web
C4054,97.03,2,45,web
C4055,80.33,3,31,app
C4056,655.73,5,14,tienda
C4057,283.21,10,36,app
C4058,215.58,14,46,app
C4059,233.02,10,10,app
C4060,213.2,9,11,web
C4061,201.48,10,7,app
C4062,77.75,3,59,tienda
C4063,605.41,8,54,tienda
C4064,641.93,5,28,web
C4065,681.86,6,14,web
C4066,190.65,15,4,tienda
C4067,77.7,4,24,tienda
C4068,678.19,6,47,web
C4069,682.93,4,45,web
C4070,231.94,8,29,app
C4071,228.13,11,22,app
C4072,69.78,3,47,tienda
C4073,75.37,3,34,web
C4074,75.84,2,17,app
C4075,211.64,15,30,tienda
C4076,543.07,5,41,tienda
C4077,78.48,2,48,tienda
C4078,79.37,3,12,web
C4079,222.39,17,31,app
C4080,76.11,3,28,web
C4081,603.23,6,17,tienda
C4082,74.26,2,17,web
C4083,210.79,14,40,app
C4084,215.32,12,4,tienda
C4085,641.59,5,24,tienda
C4086,226.77,11,60,app
C4087,89.78,2,8,web
C4088,70.42,2,20,tienda
C4089,84.92,1,6,tienda
C4090,454.27,5,55,tienda
C4091,93.64,3,31,tienda
C4092,181.97,8,47,app
C4093,492.03,4,21,web
C4094,222.05,11,42,web
C4095,215.3,14,52,app
C4096,568.62,5,8,tienda
C4097,100.82,3,12,tienda
C4098,252.11,11,11,app
C4099,226.15,11,47,app
C4100,633.44,7,20,tienda
C4101,253.93,11,15,app
C4102,83.14,3,39,web
C4103,93.3,3,11,tienda
C4104,91.77,3,44,tienda
C4105,67.13,3,22,tienda
C4106,89.82,4,57,web
C4107,197.37,9,29,web
C4108,95.38,3,53,app
C4109,69.72,2,51,tienda
C4110,272.35,13,42,tienda
C4111,614.5,4,41,tienda
C4112,643.34,5,38,web
C4113,621.69,6,26,tienda
C4114,80.24,3,53,tienda
C4115,175.65,14,48,app
C4116,528.34,5,41,tienda
C4117,77.46,3,28,tienda
C4118,263.26,12,14,web
C4119,99.29,3,46,tienda
C4120,78.91,2,49,web
C4121,65.32,2,48,web
C4122,200.36,7,39,app
C4123,223.36,10,7,tienda
C4124,62.91,2,7,web
C4125,745.78,3,47,tienda
C4126,603.24,6,8,tienda
C4127,175.43,15,32,tienda
C4128,72.3,3,4,tienda
C4129,599.11,7,10,tienda
C4130,721.24,3,37,tienda
C4131,576.95,5,17,web
C4132,195.11,9,27,web
C4133,564.45,4,21,tienda
C4134,390.21,4,22,web
C4135,251.22,11,2,tienda
C4136,76.63,3,32,app
C4137,83.48,3,7,tienda
C4138,174.87,9,18,tienda
C4139,705.18,5,11,tienda
C4140,208.64,12,24,app
C4141,72.93,2,12,tienda
C4142,459.04,5,15,web
C4143,586.99,5,52,tienda
C4144,632.28,4,20,web
C4145,219.28,13,45,tienda
C4146,705.68,5,13,web
C4147,675.57,5,46,web
C4148,115.07,2,46,tienda
C4149,246.36,11,31,app
C4150,219.5,12,58,app
C4151,277.94,12,59,app
C4152,600.43,6,43,web
C4153,90.24,2,23,tienda
C4154,215.72,18,21,web
C4155,75.93,3,21,tienda
C4156,265.42,13,53,app
C4157,75.39,2,60,web
C4158,70,2,36,web
C4159,642.12,5,33,web
C4160,194.7,11,9,web
C4161,88.59,2,54,tienda
C4162,90.76,3,54,tienda
C4163,167.25,12,6,app
C4164,77.01,2,26,tienda
C4165,111.74,2,37,web
C4166,212.23,13,23,tienda
C4167,533.27,7,7,tienda
C4168,253.26,12,1,app
C4169,216.37,12,3,web
C4170,651.56,6,44,app
C4171,698.98,9,49,tienda
C4172,185.77,9,60,app
C4173,229.7,13,40,app
C4174,88.26,3,8,web
C4175,284.7,21,48,web
C4176,469.81,7,7,tienda
C4177,197.07,11,35,web
C4178,205.7,8,41,web
C4179,80.71,2,34,tienda
C4180,717.82,6,48,web
C4181,209.67,12,52,app
C4182,241.62,9,54,tienda
C4183,264.91,15,6,tienda
C4184,82.12,4,30,web
C4185,93.98,3,27,web
C4186,63.54,2,14,tienda
C4187,87.48,3,57,tienda
C4188,90.32,1,45,web
C4189,172.89,15,4,web
C4190,78.37,3,12,web
C4191,91.83,3,51,tienda
C4192,75.04,2,55,web
C4193,70.38,3,45,app
C4194,65.81,2,12,tienda
C4195,568.55,6,40,web
C4196,66.95,4,32,web
C4197,229.64,9,15,app
C4198,719.23,4,19,tienda
C4199,210,15,19,tienda
C4200,79.8,2,60,tienda
C4201,69.22,3,6,tienda
C4202,94.18,2,17,app
C4203,217.54,14,40,app
C4204,231.68,9,50,app
C4205,459.82,7,25,web
C4206,83.26,2,55,tienda
C4207,564.97,4,15,tienda
C4208,86,2,17,web
C4209,82.56,3,18,web
C4210,580.61,7,30,web
C4211,83.43,3,44,web
C4212,629.6,3,59,tienda
C4213,258.71,11,52,tienda
C4214,181.2,11,1,app
C4215,605.79,5,12,web
C4216,70.64,3,24,tienda
C4217,121.29,2,53,tienda
C4218,577.83,6,29,web
C4219,767.74,7,53,tienda
C4220,193.94,18,57,web
C4221,84.64,1,4,tienda
C4222,166.99,9,40,tienda
C4223,95.31,2,32,tienda
C4224,71.31,2,27,tienda
C4225,736.12,5,44,tienda
C4226,583.22,4,25,web
C4227,516.29,6,38,app
C4228,209.94,11,7,web
C4229,77.46,2,12,tienda
C4230,70.02,3,10,web
C4231,82.74,2,28,web
C4232,109.97,4,17,app
C4233,670.74,7,26,web
C4234,57.52,4,35,app
C4235,320.94,10,47,app
C4236,167.67,21,17,app
C4237,110.54,3,3,app
C4238,187.26,13,55,app
C4239,84.95,2,10,app
C4240,564.3,6,2,tienda
C4241,708.47,4,2,web
C4242,66.65,2,19,tienda
C4243,81.98,1,40,web
C4244,79.03,2,49,web
C4245,196.23,9,20,tienda
C4246,72.43,2,36,web
C4247,234.76,13,58,app
C4248,245.76,9,60,tienda
C4249,237.36,14,58,web
C4250,239.64,14,35,web
C4251,212.19,18,25,app
C4252,171.82,13,32,app
C4253,202.31,13,49,tienda
C4254,292.8,11,59,app
C4255,88.74,3,37,tienda
C4256,222.38,13,54,app
C4257,67.3,2,20,web
C4258,249.18,12,37,tienda
C4259,136.75,3,11,tienda
C4260,286.43,14,2,web
C4261,254.45,12,22,web
C4262,79.89,2,47,web
C4263,580.32,4,23,web
C4264,99.72,3,29,tienda
C4265,610.93,7,15,tienda
C4266,200.8,15,22,tienda
C4267,227.76,12,31,app
C4268,100.4,2,1,tienda
C4269,628.85,5,33,web
C4270,88.53,2,6,tienda
C4271,235,11,42,app
C4272,258.51,11,38,web
C4273,162.79,18,16,app
C4274,201.69,13,18,tienda
C4275,172.8,13,27,web
C4276,226.09,9,31,tienda
C4277,660.88,7,44,app
C4278,62.77,3,44,tienda
C4279,563.26,4,9,web
C4280,67.1,3,9,app
C4281,86.53,2,59,tienda
C4282,59.04,2,21,web
C4283,90.01,4,21,tienda
C4284,266.98,16,14,tienda
C4285,675.34,4,31,web
C4286,83.58,2,36,app
C4287,268.3,11,57,app
C4288,80.34,2,29,tienda
C4289,567.98,3,18,tienda
C4290,84.9,3,40,app
C4291,77.27,3,11,tienda
C4292,872.11,6,51,tienda
C4293,78.46,2,40,tienda
C4294,216.55,9,19,app
C4295,262.03,15,39,web
C4296,204.43,8,18,app
C4297,63.72,2,56,tienda
C4298,80.08,3,13,tienda
C4299,209.97,12,29,tienda
C4300,685.96,5,38,tienda
C4301,101.71,3,26,tienda
C4302,70.69,3,14,web
C4303,71.17,3,7,tienda
C4304,617.27,7,46,web
C4305,218.88,16,2,web
C4306,486.66,6,34,tienda
C4307,75.12,3,4,tienda
C4308,290.45,10,51,app
C4309,79.73,3,30,tienda
C4310,180.71,11,11,app
C4311,71.31,2,40,tienda
C4312,73.17,3,21,app
C4313,215.99,8,32,app
C4314,99.42,2,17,app
C4315,227.4,13,7,app
C4316,630.02,4,26,web
C4317,233.95,11,28,web
C4318,103.36,2,40,tienda
C4319,544.15,5,40,tienda
C4320,586.51,5,50,app
C4321,69.26,2,17,app
C4322,746.67,5,10,web
C4323,639.44,6,40,tienda
C4324,186.89,11,34,web
C4325,88.94,2,9,web
C4326,551.57,7,55,tienda
C4327,72.86,3,16,tienda
C4328,78.58,3,36,tienda
C4329,651.38,5,7,tienda
C4330,710.41,3,47,tienda
C4331,65.06,4,45,tienda
C4332,193.43,13,38,app
C4333,236.15,9,23,tienda
C4334,72.06,2,26,tienda
C4335,194.95,12,24,web
C4336,256.81,12,55,web
C4337,480.96,7,36,app
C4338,84.05,2,27,tienda
C4339,93.13,3,1,web
C4340,62.89,2,37,tienda
C4341,252.44,12,12,web
C4342,669.28,4,37,web
C4343,82.21,3,22,tienda
C4344,208.3,11,50,web
C4345,655.15,7,19,web
C4346,88.05,3,33,web
C4347,89.56,3,34,app
C4348,87.23,2,49,tienda
C4349,516.87,5,14,tienda
C4350,86.57,4,21,web
C4351,169.81,16,26,app
C4352,79.43,2,45,app
C4353,160.37,14,41,tienda
C4354,737.93,5,31,tienda
C4355,776,5,5,tienda
C4356,194.18,9,30,tienda
C4357,241.8,12,5,web
C4358,224.73,15,13,web
C4359,52.14,3,8,web
C4360,192.36,12,6,tienda
C4361,188.94,14,7,app
C4362,99.7,2,42,tienda
C4363,162.57,13,26,app
C4364,789.78,4,45,web
C4365,508.1,6,51,web
C4366,248.39,10,56,web
C4367,62.57,2,3,tienda
C4368,225.58,12,9,web
C4369,618,8,42,web
C4370,276.18,11,14,web
C4371,215.44,6,42,app
C4372,190.83,9,34,app
C4373,165.34,9,43,app
C4374,84.17,2,40,web
C4375,595.02,5,48,web
C4376,656.87,6,35,web
C4377,75.53,2,60,tienda
C4378,180.05,7,12,web
C4379,549.57,5,46,tienda
C4380,173.47,17,42,web
C4381,206.46,10,29,web
C4382,74.53,2,57,tienda
C4383,99.68,3,40,tienda
C4384,196.39,15,27,app
C4385,76.16,3,27,app
C4386,61.9,2,31,tienda
C4387,77.29,2,56,tienda
C4388,86.46,3,34,tienda
C4389,238.99,12,38,tienda
C4390,106.7,2,4,tienda
C4391,753.59,4,15,web
C4392,484.12,5,4,tienda
C4393,283.23,14,59,app
C4394,76.49,2,47,tienda
C4395,589.9,8,41,web
C4396,585.32,4,38,web
C4397,104.87,3,18,tienda
C4398,60.61,2,28,tienda
C4399,250.35,15,43,app
C4400,102.53,3,40,tienda
C4401,644.88,6,15,tienda
C4402,66.21,4,24,tienda
C4403,641.11,4,7,tienda
C4404,78,2,25,web
C4405,213.7,9,23,tienda
C4406,74.16,2,39,tienda
C4407,96.36,2,13,app
C4408,220.05,12,4,web
C4409,543.53,5,22,web
C4410,235.64,12,36,tienda
C4411,81.91,2,36,web
C4412,239.05,9,17,app
C4413,198.25,16,58,app
C4414,163.41,14,36,app
C4415,553.06,6,36,tienda
C4416,74.3,2,4,web
C4417,465.98,5,57,web
C4418,98.62,2,6,tienda
C4419,208.68,9,20,web
C4420,201.03,16,13,app
C4421,95.91,2,1,tienda
C4422,71.17,3,1,web
C4423,681.99,5,30,web
C4424,196.42,14,14,tienda
C4425,103.45,2,47,web
C4426,717.47,4,3,web
C4427,93.2,2,33,tienda
C4428,81.94,2,8,tienda
C4429,234.63,10,51,tienda
C4430,214.1,14,1,web
C4431,531.81,5,35,app
C4432,205.62,11,49,app
C4433,69.29,2,48,web
C4434,69.18,3,3,tienda
C4435,94.12,3,1,tienda
C4436,493.03,7,25,web
C4437,96.13,3,36,web
C4438,232.74,14,13,app
C4439,80.02,2,12,tienda
C4440,88.97,3,20,web
C4441,644.22,4,58,tienda
C4442,657.82,7,26,web
C4443,192.04,13,18,tienda
C4444,76.84,2,22,tienda
C4445,81.76,3,51,tienda
C4446,84.45,2,31,tienda
C4447,203.57,10,60,web
C4448,102.48,2,25,web
C4449,214.71,10,20,app
C4450,69.48,2,24,web
C4451,273.83,10,51,tienda
C4452,105.98,3,56,web
C4453,99.15,3,60,web
C4454,260.32,11,58,app
C4455,514.57,5,6,web
C4456,80.19,2,13,tienda
C4457,464.76,6,16,app
C4458,575.17,5,21,tienda
C4459,60.93,2,58,app
C4460,84.95,2,7,app
C4461,76.37,2,31,web
C4462,86.46,3,8,tienda
C4463,91.89,3,44,tienda
C4464,529.34,3,43,tienda
C4465,79.15,2,13,web
C4466,94.19,3,32,tienda
C4467,484.41,6,25,tienda
C4468,586.2,6,18,tienda
C4469,570.27,5,20,tienda
C4470,216.57,13,40,tienda
C4471,677.81,5,14,tienda
C4472,182.74,13,4,app
C4473,79.3,3,48,web
C4474,88.77,2,27,web
C4475,70.17,3,54,web
C4476,82.25,3,31,tienda
C4477,198.66,13,28,tienda
C4478,72.13,2,12,web
C4479,90.13,3,12,tienda
C4480,211.49,17,17,app
C4481,68.28,2,51,web
C4482,447.74,4,37,web
C4483,622.59,5,49,tienda
C4484,95.86,3,44,web
C4485,81.35,2,50,tienda
C4486,68.19,4,22,tienda
C4487,733.66,3,25,web
C4488,659,5,40,web
C4489,527.75,7,26,web
C4490,667.43,6,51,web
C4491,239.42,10,57,app
C4492,181.66,15,55,tienda
C4493,72.5,2,54,tienda
C4494,72.53,2,53,web
C4495,567.93,4,12,web
C4496,200.53,12,3,web
C4497,206.04,10,59,tienda
C4498,97.1,2,57,web
C4499,233.12,10,23,web
C4500,534.95,6,29,tienda
C4501,606.86,6,31,tienda
C4502,562.11,5,22,tienda
C4503,177.28,11,31,tienda
C4504,119.36,3,28,app
C4505,251.76,20,44,app
C4506,281.86,15,11,app
C4507,219.37,12,45,app
C4508,197.65,13,7,app
C4509,272.35,15,54,app
C4510,78.9,3,60,web
C4511,69.63,3,7,tienda
C4512,80.08,3,37,web
C4513,67.75,3,44,tienda
C4514,210.41,14,27,tienda
C4515,709.82,5,4,tienda
C4516,454.96,5,45,tienda
C4517,165.31,10,55,tienda
C4518,133.55,12,58,app
C4519,605.93,5,26,web
C4520,180.58,10,49,web
C4521,919.38,7,34,web
C4522,582.54,6,18,web
C4523,613.97,5,16,web
C4524,85.33,3,14,tienda
C4525,202.93,15,29,app
C4526,427.8,6,59,app
C4527,540.58,9,33,tienda
C4528,541.85,5,21,tienda
C4529,66.56,2,2,tienda
C4530,247.01,11,41,web
C4531,97.7,2,21,tienda
C4532,674.74,3,33,web
C4533,81.82,3,16,tienda
C4534,222.43,12,18,app
C4535,232.59,16,10,tienda
C4536,101.81,2,32,tienda
C4537,213.44,10,51,web
C4538,247.58,11,3,app
C4539,187.84,11,35,tienda
C4540,78.41,2,31,app
C4541,102.92,3,33,tienda
C4542,599.92,4,52,web
C4543,66.35,3,34,app
C4544,209.18,15,30,app
C4545,81.96,3,45,web
C4546,515.31,5,11,tienda
C4547,74.71,3,9,web
C4548,95.81,2,42,tienda
C4549,223.61,8,34,tienda
C4550,478.92,6,44,web
C4551,207.58,11,31,web
C4552,216.06,8,15,app
C4553,174.43,11,48,web
C4554,166.89,12,19,web
C4555,592.67,4,25,web
C4556,164.04,10,26,app
C4557,704.51,6,46,tienda
C4558,67.52,3,20,app
C4559,646.27,4,36,web
C4560,96.17,2,27,app
C4561,67.47,2,8,tienda
C4562,91.35,2,45,tienda
C4563,193.52,10,26,app
C4564,850.07,5,14,tienda
C4565,87.82,3,45,web
C4566,227.55,12,39,tienda
C4567,460.63,4,39,web
C4568,75.92,2,55,tienda
C4569,87.6,2,34,tienda
C4570,616.85,5,6,web
C4571,268.87,16,55,app
C4572,82.15,2,8,web
C4573,213.74,11,4,app
C4574,832.8,5,24,web
C4575,240.95,13,33,app
C4576,272.46,16,52,web
C4577,742.06,6,3,tienda
C4578,545.95,5,38,tienda
C4579,222.44,16,20,app
C4580,603.09,9,28,tienda
C4581,914.52,6,8,app
C4582,169.03,7,4,web
C4583,206.91,13,51,app
C4584,65.16,2,2,web
C4585,638.68,6,39,web
C4586,261.58,10,51,web
C4587,97.29,3,15,tienda
C4588,74.77,2,6,tienda
C4589,78.3,2,35,app
C4590,571.1,6,56,web
C4591,628.22,5,41,web
C4592,84.47,3,7,web
C4593,101.13,2,32,tienda
C4594,277.08,15,60,web
C4595,214.3,9,60,tienda
C4596,81.63,2,16,tienda
C4597,164.85,11,37,app
C4598,76.69,2,14,web
C4599,172.69,9,39,tienda
C4600,734.68,5,3,app
C4601,871.42,7,2,tienda
C4602,182.53,16,21,web
C4603,261.17,9,21,app
C4604,66.2,3,12,tienda
C4605,588.53,4,33,web
C4606,121.23,2,59,web
C4607,64.28,3,21,tienda
C4608,79.4,3,4,app
C4609,90.51,3,28,app
C4610,89.06,3,54,web
C4611,207.94,8,19,web
C4612,78.92,3,32,app
C4613,244.32,9,44,app
C4614,85.7,3,59,tienda
C4615,86.06,2,25,tienda
C4616,512.42,5,59,web
C4617,73.52,3,60,tienda
C4618,513.49,4,7,web
C4619,83.61,2,15,app
C4620,668.99,6,7,tienda
C4621,66.68,3,52,web
C4622,242.49,10,46,app
C4623,238.03,13,54,app
C4624,90.47,3,12,web
C4625,82.6,3,4,tienda
C4626,77.41,2,55,tienda
C4627,75.76,3,31,tienda
C4628,775.71,6,54,tienda
C4629,100.75,3,14,web
C4630,76.79,4,17,web
C4631,219.24,10,8,web
C4632,193.61,9,4,web
C4633,77.31,3,3,tienda
C4634,646.95,7,54,web
C4635,597.53,7,55,web
C4636,753.21,4,27,web
C4637,271.84,12,1,tienda
C4638,221.14,16,60,tienda
C4639,79.69,2,41,app
C4640,209.98,14,23,app
C4641,88.45,2,34,web
C4642,178.76,17,3,tienda
C4643,909.87,4,47,tienda
C4644,525.69,5,27,web
C4645,576.25,4,55,tienda
C4646,84.95,2,42,web
C4647,89.89,4,14,tienda
C4648,209.63,11,2,web
C4649,74.93,2,54,tienda
C4650,85.6,2,12,web
C4651,680.63,6,15,tienda
C4652,66.31,3,20,tienda
C4653,88.1,2,37,web
C4654,71.95,2,51,tienda
C4655,602.09,6,57,tienda
C4656,68.35,3,33,tienda
C4657,77.94,2,47,web
C4658,249.1,11,20,web
C4659,169.25,10,14,app
C4660,245.6,13,29,app
C4661,227.52,13,59,tienda
C4662,190.17,12,55,web
C4663,84.47,3,29,tienda
C4664,239.98,11,50,tienda
C4665,645.2,6,27,web
C4666,840.62,4,32,tienda
C4667,84.75,2,2,tienda
C4668,218.5,13,4,app
C4669,689.81,6,39,web
C4670,76.7,3,37,tienda
C4671,188.97,13,49,web
C4672,68.47,3,19,tienda
C4673,105.68,2,44,web
C4674,230.71,14,3,app
C4675,82.41,3,51,tienda
C4676,229.36,12,2,app
C4677,77.74,2,40,web
C4678,68.6,2,48,web
C4679,76.03,3,31,tienda
C4680,255.01,13,40,web
C4681,213.1,16,42,web
C4682,99.63,2,42,tienda
C4683,74.23,2,42,web
C4684,94.67,3,38,tienda
C4685,79.7,3,5,app
C4686,75,2,55,tienda
C4687,768.67,6,28,tienda
C4688,259.87,10,49,tienda
C4689,821.47,4,1,app
C4690,163.78,11,42,app
C4691,95.38,4,9,tienda
C4692,205.35,9,44,app
C4693,68.03,3,26,tienda
C4694,487.15,4,54,web
C4695,589.9,6,26,web
C4696,680.23,5,31,web
C4697,74.79,3,3,tienda
C4698,586.85,4,33,web
C4699,87.74,2,29,web
C4700,657.11,9,6,web
C4701,650.56,5,46,web
C4702,639.81,6,23,tienda
C4703,202.23,9,46,app
C4704,76.34,3,52,app
C4705,698.05,8,48,web
C4706,101.88,2,2,tienda
C4707,90.15,3,11,tienda
C4708,85.35,2,23,web
C4709,69.71,2,33,web
C4710,514.26,5,1,web
C4711,64.12,3,4,tienda
C4712,73.39,4,25,web
C4713,215.53,6,46,app
C4714,66.8,2,52,tienda
C4715,90.58,3,58,tienda
C4716,200.63,18,39,app
C4717,470.22,4,13,tienda
C4718,82.56,2,14,web
C4719,233.12,9,44,app
C4720,549.33,4,35,web
C4721,99.34,2,18,web
C4722,75.55,2,17,tienda
C4723,206.72,7,49,app
C4724,214.82,13,32,web
C4725,90.04,2,38,tienda
C4726,72.19,2,10,tienda
C4727,72.11,2,16,web
C4728,605.31,6,48,tienda
C4729,81.37,3,23,tienda
C4730,113.76,2,43,tienda
C4731,66.11,3,21,web
C4732,68.95,2,57,tienda
C4733,207.13,14,31,app
C4734,93.49,2,54,tienda
C4735,227.3,26,42,app
C4736,749.22,6,33,tienda
C4737,81.03,2,31,tienda
C4738,77.26,2,34,tienda
C4739,73.02,3,43,tienda
C4740,249.94,11,25,web
C4741,46.42,2,15,web
C4742,628.58,5,44,app
C4743,186.99,14,51,web
C4744,288.71,10,23,app
C4745,200.25,11,13,app
C4746,76.92,2,50,tienda
C4747,79.1,3,7,tienda
C4748,81.06,2,44,app
C4749,215.15,11,25,app
C4750,229.52,12,9,app
C4751,211.19,12,8,app
C4752,78.78,2,9,tienda
C4753,248.54,11,22,web
C4754,199.64,17,5,app
C4755,227.94,11,37,app
C4756,176.51,19,23,app
C4757,115.64,3,9,web
C4758,69.97,2,4,web
C4759,85.68,3,51,tienda
C4760,251.58,11,45,tienda
C4761,197.35,13,46,app
C4762,198.66,10,19,tienda
C4763,75.35,2,44,tienda
C4764,486.92,6,57,web
C4765,469.81,5,9,web
C4766,89.11,4,48,tienda
C4767,81.76,2,25,tienda
C4768,82.55,2,11,web
C4769,235.91,14,18,tienda
C4770,61.81,3,5,tienda
C4771,670.48,7,39,tienda
C4772,655.26,5,18,web
C4773,67.03,2,5,tienda
C4774,232.74,12,3,app
C4775,537.67,6,12,web
C4776,184.38,12,50,tienda
C4777,88.02,3,35,tienda
C4778,231.06,14,11,app
C4779,646.76,4,2,app
C4780,232.21,13,29,app
C4781,69.15,3,45,tienda
C4782,80.05,2,34,tienda
C4783,87.31,2,35,web
C4784,68.07,3,12,tienda
C4785,81.14,2,57,tienda
C4786,91.91,3,36,app
C4787,223.05,11,58,app
C4788,76.55,3,57,web
C4789,217.14,8,21,app
C4790,665.59,5,3,tienda
C4791,663.76,5,15,tienda
C4792,648.54,5,42,tienda
C4793,206.5,10,36,app
C4794,192.48,13,37,app
C4795,173.11,10,8,app
C4796,625.76,6,42,tienda
C4797,260.53,9,17,web
C4798,598.76,8,54,tienda
C4799,82.09,3,51,web
C4800,256.18,13,49,web
C4801,60.69,4,8,tienda
C4802,61.55,2,23,tienda
C4803,66.97,2,14,tienda
C4804,230.68,12,29,web
C4805,295.06,16,39,app
C4806,87.37,2,7,tienda
C4807,200.85,12,32,app
C4808,267.83,10,4,tienda
C4809,86.02,3,28,tienda
C4810,67.39,2,33,web
C4811,489.56,6,35,app
C4812,599.92,5,27,app
C4813,96.47,2,18,tienda
C4814,84.25,2,19,web
C4815,95.27,3,41,web
C4816,68.27,3,27,tienda
C4817,592.6,4,3,tienda
C4818,246.17,12,17,app
C4819,90.82,3,38,tienda
C4820,99.87,3,57,tienda
C4821,547.89,6,46,web
C4822,63.53,2,36,web
C4823,81.8,2,35,web
C4824,69.77,2,41,web
C4825,203.67,11,24,app
C4826,220.62,16,15,tienda
C4827,268.7,12,56,app
C4828,232.56,17,35,web
C4829,63.49,3,18,web
C4830,652.29,3,32,tienda
C4831,702.38,6,43,tienda
C4832,221.01,20,27,web
C4833,247.08,14,40,tienda
C4834,242.86,9,28,tienda
C4835,275.42,11,4,app
C4836,244.95,11,28,tienda
C4837,65.65,2,25,tienda
C4838,61.55,4,5,tienda
C4839,182.45,13,22,tienda
C4840,270.6,11,7,app
C4841,82.29,2,5,tienda
C4842,77.07,4,7,tienda
C4843,185.98,10,48,web
C4844,71.77,2,24,web
C4845,220.53,10,35,app
C4846,228.94,14,44,tienda
C4847,260.8,6,58,tienda
C4848,186.28,13,7,tienda
C4849,115.53,3,49,tienda
C4850,241.55,9,57,app
C4851,74.9,2,33,tienda
C4852,80.6,2,47,tienda
C4853,86.07,2,33,tienda
C4854,228.07,13,35,app
C4855,190.74,13,47,app
C4856,627.31,6,51,web
C4857,64.73,3,37,tienda
C4858,636.43,6,2,tienda
C4859,211.6,15,53,app
C4860,85.01,2,51,web
C4861,205.07,11,37,app
C4862,560.54,5,52,tienda
C4863,51,3,28,tienda
C4864,77.28,2,2,tienda
C4865,532.26,6,50,web
C4866,68.29,2,4,web
C4867,261.14,15,53,app
C4868,175.52,12,13,app
C4869,237.11,22,30,app
C4870,81.96,2,20,web
C4871,658.62,5,10,web
C4872,103.24,3,26,web
C4873,216.12,10,27,web
C4874,60.5,2,20,web
C4875,84.36,2,23,tienda
C4876,234.81,13,25,tienda
C4877,635.58,6,24,web
C4878,71.03,2,59,tienda
C4879,702.05,3,46,tienda
C4880,63.67,3,31,tienda
C4881,170.35,11,50,web
C4882,603.09,5,44,web
C4883,198.02,11,56,web
C4884,253.83,15,10,app
C4885,150.37,9,8,web
C4886,702.32,5,28,web
C4887,204.47,14,26,app
C4888,81.34,3,33,tienda
C4889,220.69,10,35,app
C4890,73.41,2,57,tienda
C4891,204.25,11,33,app
C4892,68.59,2,38,tienda
C4893,181.05,10,53,tienda
C4894,217.24,11,12,tienda
C4895,204.89,13,12,web
C4896,64.14,3,44,tienda
C4897,76.38,2,20,web
C4898,73.51,3,31,tienda
C4899,74.14,3,34,tienda
C4900,713.08,5,5,web
C4901,75.9,2,25,web
C4902,80.36,4,12,web
C4903,561.68,5,18,web
C4904,72.73,2,4,web
C4905,76.02,4,49,web
C4906,532.84,4,19,web
C4907,64.2,3,46,web
C4908,92.7,2,24,tienda
C4909,207.72,12,50,app
C4910,70.1,3,44,tienda
C4911,78.9,2,4,web
C4912,83.85,3,60,tienda
C4913,250.06,12,1,app
C4914,193.04,14,41,app
C4915,166.76,14,19,app
C4916,81.76,2,28,web
C4917,567.67,5,25,web
C4918,89.46,3,47,tienda
C4919,431.66,5,49,tienda
C4920,75.66,3,8,web
C4921,75.59,2,4,web
C4922,87.22,3,9,web
C4923,66.64,2,4,web
C4924,185.81,11,49,web
C4925,481.28,6,38,web
C4926,190.91,9,50,tienda
C4927,523.04,8,52,web
C4928,564.43,5,28,web
C4929,925.51,5,14,web
C4930,554.39,5,1,tienda
C4931,689.81,6,57,web
C4932,207.48,13,50,tienda
C4933,92.09,2,44,app
C4934,479.93,6,39,web
C4935,673.87,5,14,web
C4936,255.28,17,48,app
C4937,612.54,6,13,web
C4938,518.36,3,16,web
C4939,741.18,4,25,web
C4940,67.93,3,41,tienda
C4941,65.61,3,40,tienda
C4942,179.85,10,45,tienda
C4943,226.97,11,43,web
C4944,61.79,2,49,tienda
C4945,608.44,4,56,tienda
C4946,88.31,2,23,app
C4947,249.34,18,22,tienda
C4948,76.28,2,10,tienda
C4949,638.53,5,59,app
C4950,75.37,4,14,tienda
C4951,78.09,2,13,app
C4952,85.95,3,8,tienda
C4953,93.29,2,58,web
C4954,184.17,9,2,app
C4955,81.22,5,5,web
C4956,167.41,9,22,tienda
C4957,186.28,11,24,app
C4958,86.8,2,18,tienda
C4959,65.28,2,39,tienda
C4960,76.29,3,50,tienda
C4961,210.65,11,56,app
C4962,70.48,3,14,tienda
C4963,54.82,2,14,tienda
C4964,636.52,4,11,tienda
C4965,209.41,16,10,tienda
C4966,67.26,3,57,web
C4967,177.23,11,10,app
C4968,92.92,2,31,tienda
C4969,191.87,9,48,app
C4970,317.18,11,4,app
C4971,72.58,4,52,web
C4972,87.38,3,51,web
C4973,534.09,4,45,tienda
C4974,226.61,12,46,web
C4975,182.88,16,47,app
C4976,68.8,2,47,tienda
C4977,191.3,13,41,web
C4978,584.12,5,29,tienda
C4979,240.39,13,34,web
C4980,230.35,13,12,web
C4981,487.41,4,58,app
C4982,615.12,5,9,tienda
C4983,537.69,5,3,web
C4984,469.6,8,41,tienda
C4985,62.79,2,25,web
C4986,234.53,11,22,tienda
C4987,235.06,10,34,tienda
C4988,619.89,5,35,web
C4989,229.14,12,54,app
C4990,80.34,3,8,tienda
C4991,243.99,19,45,web
C4992,843.35,5,13,tienda
C4993,69.14,3,38,tienda
C4994,173.13,10,11,app
C4995,510.78,5,58,app
C4996,225.56,11,46,tienda
C4997,580,4,17,tienda
C4998,269.74,12,10,app
C4999,198.72,11,19,app
C5000,214.58,11,16,app
C5001,67.2,2,14,app
C5002,80.47,2,41,web
C5003,777.64,4,34,tienda
C5004,248.19,10,25,web
C5005,77.54,1,59,web
C5006,754.99,5,2,web
C5007,87.35,2,16,tienda
C5008,514.5,4,22,web
C5009,159.19,11,19,tienda
C5010,559.85,6,3,web
C5011,75.16,2,7,tienda
C5012,100.91,3,3,app
C5013,244.99,12,50,app
C5014,207.28,11,59,app
C5015,228.87,12,42,web
C5016,246.86,11,23,app
C5017,577.49,6,46,tienda
C5018,94.02,2,13,tienda
C5019,653.92,5,57,web
C5020,68.28,3,56,tienda
C5021,80.9,3,21,web
C5022,549.06,4,42,tienda
C5023,199.02,12,7,app
C5024,673.22,5,34,web
C5025,523.29,3,16,tienda
C5026,780.7,4,22,tienda
C5027,795.01,5,60,tienda
C5028,63.11,3,11,app
C5029,95.14,3,9,tienda
C5030,666.51,6,52,tienda
C5031,80.4,2,5,tienda
C5032,550.14,5,21,web
C5033,201.65,14,10,app
C5034,226.69,10,6,tienda
C5035,671.87,6,46,app
C5036,217.7,13,16,app
C5037,82.89,3,9,tienda
C5038,633.93,4,5,app
C5039,603.9,6,32,tienda
C5040,690.19,4,4,web
C5041,96.8,2,42,tienda
C5042,225.81,14,4,web
C5043,213.84,14,4,app
C5044,245.12,13,49,tienda
C5045,552.42,8,33,app
C5046,183.66,14,28,web
C5047,187.37,9,2,web
C5048,173.05,13,45,app
C5049,192.14,12,60,tienda
C5050,514.24,6,40,web
C5051,115.94,2,50,tienda
C5052,596.39,3,4,tienda
C5053,82.47,3,13,tienda
C5054,665.31,6,21,web
C5055,83.35,3,38,tienda
C5056,99.73,2,51,tienda
C5057,685.71,6,54,tienda
C5058,94.52,2,39,web
C5059,58.41,3,38,tienda
C5060,196.12,13,3,app
C5061,170.9,18,7,web
C5062,63.29,3,57,web
C5063,260.12,11,29,app
C5064,506.01,4,18,web
C5065,238.95,11,45,web
C5066,654.59,4,9,web
C5067,77.53,2,22,app
C5068,268.84,11,25,app
C5069,88.3,3,3,tienda
C5070,588.93,5,54,web
C5071,257.41,14,44,web
C5072,243.15,10,10,tienda
C5073,513.22,5,11,web
C5074,104.15,3,20,tienda
C5075,228.82,11,7,app
C5076,243.1,12,55,web
C5077,760.2,6,36,tienda
C5078,238.87,13,15,app
C5079,649.51,6,15,web
C5080,647.66,4,32,tienda
C5081,502.3,6,9,tienda
C5082,80.15,2,12,tienda
C5083,577.18,6,44,tienda
C5084,738.93,5,47,app
C5085,530.57,5,9,tienda
C5086,93.65,2,25,tienda
C5087,233.41,14,41,web
C5088,74.65,3,39,tienda
C5089,160.08,9,29,app
C5090,89.16,3,42,tienda
C5091,228.46,15,27,web
C5092,236.75,14,53,app
C5093,525.65,6,7,tienda
C5094,872.37,4,6,web
C5095,75.44,2,32,tienda
C5096,747.37,8,33,web
C5097,188.54,12,30,app
C5098,264.29,16,49,app
C5099,259.63,12,21,app
C5100,83.05,3,32,web
C5101,61.34,3,13,tienda
C5102,239.63,15,16,app
C5103,262.3,8,5,tienda
C5104,603.74,6,55,tienda
C5105,62.75,2,15,web
C5106,239.72,16,32,app
C5107,494.06,5,20,tienda
C5108,606.24,3,5,tienda
C5109,218.12,11,38,app
C5110,120.22,3,20,app
C5111,580.34,3,28,tienda
C5112,69.88,2,48,tienda
C5113,81.22,3,40,app
C5114,86.76,2,5,tienda
C5115,626.1,7,58,web
C5116,204.67,13,10,app
C5117,175.2,11,27,app
C5118,191.74,9,14,web
C5119,218.19,17,3,app
C5120,92.05,4,17,app
C5121,107.99,2,41,app
C5122,81.66,3,37,tienda
C5123,222.76,17,50,tienda
C5124,89.77,2,25,tienda
C5125,237.3,7,49,web
C5126,581.8,5,48,tienda
C5127,490.43,3,3,tienda
C5128,566.01,4,53,tienda
C5129,197.38,9,30,web
C5130,98.52,2,41,tienda
C5131,179.68,10,49,tienda
C5132,624.31,4,52,web
C5133,252.2,9,43,tienda
C5134,90.9,2,23,web
C5135,76.51,3,51,tienda
C5136,90.4,3,25,tienda
C5137,90.39,2,7,tienda
C5138,248.11,9,52,web
C5139,545.2,4,56,web
C5140,71.82,4,7,web
C5141,228.19,7,17,app
C5142,752.88,5,8,web
C5143,720.43,5,22,tienda
C5144,175.91,14,17,app
C5145,210.32,13,9,tienda
C5146,890.32,7,36,web
C5147,246.26,15,56,web
C5148,83.2,3,29,tienda
C5149,84.16,2,17,tienda
C5150,264.78,10,53,tienda
C5151,97.93,3,31,tienda
C5152,249.58,8,53,app
C5153,72.51,3,26,tienda
C5154,233.22,13,43,app
C5155,243.78,10,50,app
C5156,59.9,2,1,tienda
C5157,304.22,10,45,app
C5158,738.79,4,10,web
C5159,95.34,2,52,tienda
C5160,205.03,18,10,app
C5161,79.09,2,14,tienda
C5162,185.86,11,46,app
C5163,58.15,3,48,tienda
C5164,82.34,2,3,tienda
C5165,319.32,14,26,app
C5166,64.35,2,28,app
C5167,196.63,12,33,web
C5168,64.39,2,46,web
C5169,224.59,9,33,web
C5170,286.81,9,59,tienda
C5171,591.88,4,37,app
C5172,598.65,5,18,tienda
C5173,224.91,11,46,web
C5174,73.76,3,3,tienda
C5175,611.22,5,59,web
C5176,856.7,4,32,web
C5177,524.25,4,51,web
C5178,70.23,3,33,tienda
C5179,111.08,2,42,web
C5180,55.43,2,9,tienda
C5181,252.6,15,3,app
C5182,600.4,4,49,tienda
C5183,60.94,4,55,tienda
C5184,188.96,18,55,web
C5185,88.35,3,43,tienda
C5186,575.31,7,26,web
C5187,62.58,2,7,tienda
C5188,212.55,12,37,web
C5189,515.32,6,11,app
C5190,641.94,6,10,tienda
C5191,72.59,3,47,tienda
C5192,579.92,9,8,tienda
C5193,75.75,3,29,tienda
C5194,644.81,6,48,tienda
C5195,86.15,2,11,tienda
C5196,71.84,2,28,tienda
C5197,88.62,2,50,tienda
C5198,85.26,2,26,tienda
C5199,646.53,4,12,app
C5200,68.62,2,21,tienda
C5201,212.5,11,39,tienda
C5202,75.69,2,21,tienda
C5203,734.09,4,22,web
C5204,65.44,4,57,tienda
C5205,86.58,2,15,web
C5206,274.97,16,39,tienda
C5207,72.01,3,37,tienda
C5208,179.21,10,35,app
C5209,188.76,9,30,tienda
C5210,208.18,11,5,app
C5211,563.09,5,22,web
C5212,562.62,5,52,tienda
C5213,80.86,2,54,tienda
C5214,272.14,12,10,app
C5215,202.3,13,19,app
C5216,216.1,11,43,app
C5217,57.69,2,26,web
C5218,58.93,3,23,tienda
C5219,98.03,2,48,tienda
C5220,607.54,5,38,web
C5221,78.72,2,13,tienda
C5222,80.26,1,59,tienda
C5223,85.27,3,33,web
C5224,69.1,2,41,tienda
C5225,504.18,4,39,tienda
C5226,635.86,5,4,tienda
C5227,60,3,37,tienda
C5228,68.45,3,8,app
C5229,100.75,4,30,tienda
C5230,277.8,10,54,tienda
C5231,535.69,5,13,web
C5232,715.1,5,27,tienda
C5233,87.02,3,8,tienda
C5234,796.46,5,24,tienda
C5235,58.21,4,41,web
C5236,79.22,3,17,tienda
C5237,578.1,4,20,tienda
C5238,63.44,3,49,web
C5239,659.81,4,41,tienda
C5240,82.75,3,57,tienda
C5241,576.71,5,56,tienda
C5242,308.43,7,25,app
C5243,83.43,3,10,tienda
C5244,77.2,2,13,tienda
C5245,556.97,4,49,tienda
C5246,238.64,14,19,app
C5247,135.56,16,12,app
C5248,104.38,3,8,tienda
C5249,71.81,3,57,tienda
C5250,304.71,14,34,web
C5251,204.94,19,3,web
C5252,214.82,9,47,app
C5253,75.21,3,15,tienda
C5254,250.41,12,1,app
C5255,78.31,2,8,tienda
C5256,483.03,6,25,web
C5257,67.79,2,4,tienda
C5258,90.42,2,41,tienda
C5259,88.56,2,40,web
C5260,592.94,5,28,tienda
C5261,157.13,10,6,app
C5262,69.9,3,31,tienda
C5263,101.77,2,29,web
C5264,649.75,5,41,tienda
C5265,628.78,5,31,tienda
C5266,65.92,2,17,tienda
C5267,85.16,2,11,tienda
C5268,200.17,13,40,app
C5269,547.31,4,5,tienda
C5270,91.06,2,36,tienda
C5271,222.16,15,28,web
C5272,65.48,3,29,tienda
C5273,297.27,11,23,web
C5274,73.17,2,4,tienda
C5275,70.51,2,1,tienda
C5276,76.46,1,6,tienda
C5277,626.59,5,40,tienda
C5278,634.96,5,44,tienda
C5279,69.88,3,29,tienda
C5280,203.69,9,55,web
C5281,94.02,2,31,tienda
C5282,185.74,10,21,app
C5283,238.34,12,12,app
C5284,83.92,2,43,tienda
C5285,64.82,3,47,tienda
C5286,506.24,5,60,web
C5287,701.88,4,50,web
C5288,204.32,11,37,app
C5289,643.06,5,6,tienda
C5290,211.23,7,53,app
C5291,177.57,12,49,app
C5292,61.18,2,47,tienda
C5293,219.63,13,60,tienda
C5294,591.98,4,48,web
C5295,211.68,10,32,tienda
C5296,69.44,2,36,tienda
C5297,495.79,6,29,tienda
C5298,240.71,16,28,app
C5299,102.86,2,53,tienda
C5300,188.43,10,40,app
C5301,88.56,3,18,app
C5302,234.8,11,26,app
C5303,594.43,6,26,web
C5304,194.44,14,58,app
C5305,176.58,14,21,web
C5306,62.76,2,34,tienda
C5307,82.72,3,49,web
C5308,86.71,2,58,tienda
C5309,102.41,3,40,tienda
C5310,192.57,12,18,app
C5311,98.92,2,55,tienda
C5312,73.16,3,18,tienda
C5313,726.48,5,20,tienda
C5314,199.15,16,58,tienda
C5315,80.8,2,56,web
C5316,609.75,3,41,web
C5317,232.71,12,30,web
C5318,78.52,3,53,tienda
C5319,810.55,5,19,web
C5320,79.89,3,14,tienda
C5321,70.79,2,28,tienda
C5322,205.81,10,21,tienda
C5323,501.95,5,31,web
C5324,176.41,14,38,app
C5325,89.86,3,44,web
C5326,212.97,13,26,web
C5327,217.31,10,29,tienda
C5328,74.81,2,31,tienda
C5329,75.89,2,18,tienda
C5330,210.77,12,14,app
C5331,591.59,3,39,tienda
C5332,206.39,17,23,app
C5333,97.48,3,30,web
C5334,245.82,13,25,app
C5335,233.48,18,5,web
C5336,185.52,13,20,app
C5337,544.25,6,16,tienda
C5338,697.76,4,33,web
C5339,589.33,5,38,tienda
C5340,182.41,10,46,web
C5341,65.61,3,44,web
C5342,75.65,3,41,tienda
C5343,205.3,9,51,web
C5344,69.56,3,17,web
C5345,81.43,2,49,tienda
C5346,193.38,8,1,tienda
C5347,235.13,13,33,app
C5348,199.57,12,42,app
C5349,836.21,5,16,web
C5350,652.75,6,28,tienda
C5351,66.16,4,51,web
C5352,570.46,4,54,app
C5353,481.23,5,33,tienda
C5354,216.49,14,58,app
C5355,637.91,5,50,web
C5356,197.03,7,30,tienda
C5357,98.68,2,55,web
C5358,71.31,2,3,web
C5359,76.29,2,12,tienda
C5360,105.21,2,44,tienda
C5361,239.31,15,41,web
C5362,93,2,8,tienda
C5363,84.64,2,19,tienda
C5364,75.39,3,7,tienda
C5365,246.12,14,45,tienda
C5366,73.04,3,22,web
C5367,234.6,7,35,app
C5368,242.18,13,58,app
C5369,65.21,3,24,tienda
C5370,88.36,2,9,tienda
C5371,84.43,2,49,tienda
C5372,65.63,2,36,web
C5373,73.14,2,6,web
C5374,231.62,14,13,tienda
C5375,64.64,2,10,web
C5376,69.05,3,6,app
C5377,174.52,13,43,tienda
C5378,54.24,2,60,web
C5379,82.52,2,45,tienda
C5380,179.87,14,9,app
C5381,593,4,55,tienda
C5382,205.77,13,21,app
C5383,680.53,5,16,tienda
C5384,677.8,6,56,app
C5385,653.29,6,41,app
C5386,80.93,3,45,web
C5387,83.28,4,22,tienda
C5388,235.02,14,28,app
C5389,228.99,15,18,app
C5390,196.56,10,53,app
C5391,196.09,13,39,app
C5392,70.13,2,19,tienda
C5393,202.15,11,33,app
C5394,701.6,5,43,web
C5395,616.37,4,36,tienda
C5396,258.1,11,24,app
C5397,88.48,2,26,web
C5398,70.33,2,55,tienda
C5399,224.23,7,35,web
C5400,214.11,12,35,app
C5401,747.89,4,33,tienda
C5402,69.92,3,27,tienda
C5403,82.07,3,18,web
C5404,103.38,3,54,tienda
C5405,202.47,9,54,web
C5406,293.35,11,2,web
C5407,88.05,2,44,tienda
C5408,555.18,5,57,tienda
C5409,864.48,6,52,web
C5410,631.59,6,21,tienda
C5411,189.55,13,8,tienda
C5412,720.2,6,11,app
C5413,786.84,5,34,tienda
C5414,236.72,11,25,tienda
C5415,243.68,12,59,app
C5416,285.87,14,39,app
C5417,545.38,4,16,web
C5418,228.37,13,37,app
C5419,70.51,3,48,tienda
C5420,77.01,2,47,tienda
C5421,228.76,15,54,web
C5422,695.61,6,59,tienda
C5423,195.77,16,21,app
C5424,624.96,4,31,tienda
C5425,605.94,5,28,web
C5426,198.45,8,33,app
C5427,80.82,2,31,tienda
C5428,626.73,5,23,web
C5429,498.59,4,21,tienda
C5430,208.07,7,38,web
C5431,231.5,12,8,web
C5432,68.84,3,12,web
C5433,68.53,3,49,app
C5434,226.1,12,46,app
C5435,180.44,10,47,app
C5436,65.02,3,60,tienda
C5437,610.6,4,6,web
C5438,252.07,15,4,app
C5439,71.93,2,8,web
C5440,863.56,4,45,tienda
C5441,77.35,2,26,tienda
C5442,180.55,14,12,web
C5443,106.76,3,3,web
C5444,220.95,12,37,web
C5445,659.78,5,4,web
C5446,459.16,5,59,tienda
C5447,546.38,4,43,tienda
C5448,68.73,3,19,web
C5449,87.42,3,25,tienda
C5450,91.07,3,38,tienda
C5451,82.28,2,48,tienda
C5452,226.86,12,26,tienda
C5453,71.77,2,51,tienda
C5454,211.38,15,18,tienda
C5455,236.65,10,55,app
C5456,205.93,7,21,tienda
C5457,197.56,8,26,app
C5458,257.71,19,44,app
C5459,564.97,5,6,web
C5460,87.8,3,2,tienda
C5461,199.68,13,10,tienda
C5462,70.97,3,12,app
C5463,233.29,9,10,web
C5464,688.38,5,54,tienda
C5465,242.61,7,45,web
C5466,664.17,7,21,app
C5467,191.38,17,38,tienda
C5468,70.97,3,26,tienda
C5469,221.76,10,54,web
C5470,73.29,1,13,tienda
C5471,87.07,2,38,tienda
C5472,224.06,11,18,app
C5473,73.26,2,58,web
C5474,634.58,5,36,tienda
C5475,598.52,6,1,tienda
C5476,247.02,10,33,app
C5477,663.97,6,41,web
C5478,180.52,11,54,web
C5479,227.3,14,60,app
C5480,788.72,4,28,web
C5481,230.05,16,28,tienda
C5482,255.33,16,48,tienda
C5483,594.34,2,22,web
C5484,604.53,7,24,tienda
C5485,772.39,6,38,tienda
C5486,365.95,4,26,tienda
C5487,605.37,5,11,tienda
C5488,281.13,13,2,app
C5489,178.09,12,32,web
C5490,101.8,2,24,tienda
C5491,80.61,3,55,tienda
C5492,96.64,4,33,web
C5493,619.31,4,11,tienda
C5494,65.4,2,51,tienda
C5495,78.2,3,6,tienda
C5496,200.99,10,33,app
C5497,292.33,8,34,web
C5498,564.72,6,3,app
C5499,257.71,10,21,web
C5500,191.72,9,21,app
C5501,574.27,8,57,web
C5502,660.98,6,30,tienda
C5503,84.43,3,5,tienda
C5504,69.22,3,3,tienda
C5505,659.65,4,21,web
C5506,74.24,3,46,tienda
C5507,182.91,11,20,tienda
C5508,73.46,3,10,web
C5509,760.88,4,35,tienda
C5510,82.81,2,28,web
C5511,547.75,3,54,web
C5512,119.45,2,37,tienda
C5513,289.38,11,9,app
C5514,68.75,3,3,tienda
C5515,259.57,16,20,web
C5516,176.1,10,59,app
C5517,75.95,2,18,web
C5518,240.03,14,30,app
C5519,61.2,3,41,tienda
C5520,693,5,30,tienda
C5521,609.08,5,10,tienda
C5522,82.85,3,13,tienda
C5523,288.84,16,15,tienda
C5524,677.28,5,19,tienda
C5525,225.11,13,37,app
C5526,236.95,16,11,tienda
C5527,74.93,3,46,web
C5528,253.72,13,11,app
C5529,773.08,5,55,web
C5530,80.76,2,47,web
C5531,557.76,5,5,tienda
C5532,257.81,13,51,app
C5533,252.61,12,50,app
C5534,800.63,5,33,tienda
C5535,107.63,2,21,web
C5536,178.25,12,57,app
C5537,178.68,11,29,tienda
C5538,209.08,12,8,web
C5539,745.29,5,60,web
C5540,80.37,2,59,web
C5541,87.57,2,13,web
C5542,84.24,2,31,tienda
C5543,64.45,3,22,web
C5544,675.65,4,19,web
C5545,68.74,3,3,web
C5546,224.79,16,50,app
C5547,85.09,3,58,tienda
C5548,67.47,3,9,web
C5549,87.56,2,34,tienda
C5550,518.08,4,41,web
C5551,89.82,2,18,app
C5552,217.49,9,44,web
C5553,560.03,5,19,web
C5554,77.1,2,48,tienda
C5555,174.71,14,2,web
C5556,589,6,32,tienda
C5557,540.69,5,9,web
C5558,99.95,3,24,tienda
C5559,93.9,2,46,tienda
C5560,265.89,13,46,app
C5561,495,5,42,tienda
C5562,87.2,2,15,tienda
C5563,495.55,5,14,tienda
C5564,70.99,3,50,web
C5565,118.11,2,28,web
C5566,293.32,8,9,app
C5567,217.79,13,28,web
C5568,207.94,13,13,tienda
C5569,252.68,12,35,app
C5570,78.19,2,31,web
C5571,80.51,3,33,tienda
C5572,84.2,2,49,tienda
C5573,588.45,5,2,web
C5574,656.36,5,3,tienda
C5575,190.72,11,17,web
C5576,208.88,12,35,app
C5577,675.16,5,51,tienda
C5578,221.74,10,34,app
C5579,218.95,14,9,web
C5580,86.54,2,32,app
C5581,65.43,2,54,tienda
C5582,84.35,2,26,app
C5583,233.4,15,33,app
C5584,211.13,15,29,tienda
C5585,228.05,15,17,app
C5586,584.06,4,27,web
C5587,71.65,3,1,web
C5588,87.27,3,19,tienda
C5589,169.46,13,57,web
C5590,184.63,12,33,web
C5591,650.23,5,26,tienda
C5592,91.16,4,13,tienda
C5593,224.39,12,37,app
C5594,632.86,4,12,web
C5595,72.83,2,57,web
C5596,200.12,11,8,app
C5597,540.69,6,7,web
C5598,86.82,2,26,web
C5599,234.34,13,51,web
C5600,65.25,2,36,tienda
C5601,91.07,3,49,web
C5602,79.05,2,25,web
C5603,93.22,2,33,web
C5604,744.41,5,4,web
C5605,221.89,10,51,web
C5606,213.13,13,6,tienda
C5607,74.23,3,29,tienda
C5608,91.05,3,54,app
C5609,205.71,8,1,tienda
C5610,68.09,2,56,tienda
C5611,612.82,4,24,tienda
C5612,258,10,7,tienda
C5613,695.25,5,21,web
C5614,78.83,3,6,tienda
C5615,68.98,2,7,web
C5616,177.99,14,3,app
C5617,74.77,2,25,web
C5618,68.99,2,48,tienda
C5619,71.17,2,40,web
C5620,93.23,2,40,tienda
C5621,172.58,11,19,app
C5622,93.02,3,31,tienda
C5623,84.35,3,3,tienda
C5624,662.69,8,31,web
C5625,697.3,6,33,tienda
C5626,608.69,6,5,tienda
C5627,223.65,10,40,app
C5628,688.95,5,23,web
C5629,228.43,16,4,app
C5630,603.26,5,58,tienda
C5631,95.03,2,57,app
C5632,77.06,2,43,tienda
C5633,541.71,4,22,web
C5634,71.42,5,12,web
C5635,719.53,5,48,tienda
C5636,103,2,57,web
C5637,577.59,5,12,tienda
C5638,247.1,9,47,web
C5639,67.37,2,20,tienda
C5640,81.08,3,48,tienda
C5641,204.23,12,25,app
C5642,552.61,5,3,app
C5643,204.28,10,41,app
C5644,227.22,11,25,app
C5645,725.58,4,4,web
C5646,85.62,3,30,app
C5647,73.81,3,47,tienda
C5648,303.47,9,35,app
C5649,574.56,7,21,web
C5650,489.99,6,56,web
C5651,182.93,17,28,tienda
C5652,468.1,7,52,web
C5653,224.06,10,6,tienda
C5654,586.12,5,58,web
C5655,457.96,4,51,tienda
C5656,66.21,2,52,tienda
C5657,71.84,2,54,web
C5658,74.24,2,16,web
C5659,70.1,2,26,tienda
C5660,87.83,4,31,web
C5661,253.25,10,29,web
C5662,184.36,9,49,web
C5663,178.9,8,17,app
C5664,230.64,11,24,app
C5665,220.1,11,18,app
C5666,520.28,4,48,web
C5667,79.11,2,24,tienda
C5668,82.49,2,31,web
C5669,270.56,16,19,app
C5670,266.93,11,35,app
C5671,211.93,11,50,app
C5672,674.15,4,31,tienda
C5673,81.49,2,29,tienda
C5674,70.42,2,42,web
C5675,702.97,7,45,web
C5676,65.25,2,43,tienda
C5677,282.49,11,43,web
C5678,201.38,11,18,app
C5679,279,9,11,tienda
C5680,91.76,2,45,web
C5681,242.42,10,29,web
C5682,222.98,14,54,app
C5683,76.63,3,32,tienda
C5684,198.6,8,56,app
C5685,191.94,12,26,tienda
C5686,88.07,2,36,tienda
C5687,602.57,6,21,web
C5688,622.58,4,7,tienda
C5689,75.89,3,14,tienda
C5690,470.35,5,14,web
C5691,87.59,2,12,tienda
C5692,202.48,9,52,tienda
C5693,232.02,12,35,tienda
C5694,551.06,9,48,web
C5695,782.86,3,44,tienda
C5696,183.46,10,54,app
C5697,288.66,10,19,app
C5698,59.32,3,44,web
C5699,91.41,2,41,tienda
C5700,85.35,2,15,tienda
C5701,194.17,11,53,web
C5702,77.54,2,17,web
C5703,642.6,4,32,web
C5704,588.04,4,59,app
C5705,65.96,2,45,tienda
C5706,171.74,14,44,web
C5707,619.29,4,43,web
C5708,625.83,6,46,web
C5709,79.52,2,29,app
C5710,69.39,2,37,tienda
C5711,625.51,4,34,web
C5712,260.88,10,4,app
C5713,769.65,4,22,tienda
C5714,198.11,14,14,web
C5715,86.28,2,22,web
C5716,540.63,5,37,web
C5717,99.4,3,54,tienda
C5718,668.98,4,47,web
C5719,232.55,15,3,app
C5720,210.54,16,24,app
C5721,614.47,5,57,tienda
C5722,217.63,16,24,app
C5723,565.67,5,60,web
C5724,160.92,10,7,app
C5725,791.12,5,59,tienda
C5726,95.86,3,46,tienda
C5727,98.66,3,17,app
C5728,600.59,4,28,web
C5729,515.72,7,50,web
C5730,608.3,5,42,tienda
C5731,235.2,12,11,app
C5732,492.2,7,7,tienda
C5733,271.37,13,9,app
C5734,158.87,13,15,app
C5735,85.18,3,19,web
C5736,75.77,3,5,web
C5737,272.85,13,21,app
C5738,553.86,5,53,tienda
C5739,650.46,4,34,web
C5740,80.04,2,49,tienda
C5741,766.54,5,56,tienda
C5742,203.65,11,9,app
C5743,449.09,6,31,tienda
C5744,88.7,3,28,tienda
C5745,85.12,3,16,web
C5746,210.99,10,17,app
C5747,89.33,2,21,web
C5748,249.84,12,21,app
C5749,68.94,2,22,app
C5750,73.61,3,6,tienda
C5751,233.17,8,49,web
C5752,70.2,3,6,tienda
C5753,217.76,12,32,app
C5754,741.83,5,35,web
C5755,704.44,5,1,tienda
C5756,257.25,9,26,app
C5757,81.24,3,39,web
C5758,215.86,19,6,app
C5759,217.25,13,43,app
C5760,204.36,13,13,tienda
C5761,249.44,9,54,tienda
C5762,705.55,5,32,tienda
C5763,88.89,2,56,web
C5764,63.92,2,25,web
C5765,77.27,2,48,tienda
C5766,82.37,3,1,app
C5767,546.8,5,35,tienda
C5768,251.55,12,50,tienda
C5769,92.28,4,4,web
C5770,76.3,2,34,web
C5771,75.41,2,35,tienda
C5772,237.2,12,39,app
C5773,94.58,2,48,web
C5774,258.95,13,29,tienda
C5775,225.95,15,52,app
C5776,76.01,3,34,tienda
C5777,91.37,2,8,app
C5778,696.8,4,50,web
C5779,87.67,3,16,tienda
C5780,80.64,3,11,tienda
C5781,707.08,7,27,tienda
C5782,232.62,11,57,app
C5783,249.17,13,48,tienda
C5784,84.02,2,11,tienda
C5785,608.73,6,5,web
C5786,559.98,5,10,tienda
C5787,556.11,5,52,web
C5788,74.87,3,25,tienda
C5789,83.48,3,10,tienda
C5790,629.41,7,49,tienda
C5791,548.31,5,55,web
C5792,86.85,2,40,web
C5793,180.15,11,46,app
C5794,88.02,2,14,app
C5795,179.03,12,23,web
C5796,91.5,3,44,tienda
C5797,229.06,9,56,web
C5798,57.97,2,15,tienda
C5799,98.77,2,10,tienda
C5800,228.03,12,54,app
C5801,86.62,2,1,web
C5802,604.88,5,59,web
C5803,82.69,3,4,web
C5804,286.7,12,44,app
C5805,576.71,5,58,tienda
C5806,172.83,11,18,web
C5807,198.49,14,46,app
C5808,96.58,2,20,web
C5809,61.62,2,44,tienda
C5810,195,14,51,tienda
C5811,182.07,18,47,web
C5812,207.55,15,36,app
C5813,241.02,13,23,tienda
C5814,260.03,11,1,web
C5815,71.05,3,28,web
C5816,226.14,14,23,web
C5817,537.54,4,60,tienda
C5818,64.9,2,42,tienda
C5819,82.1,2,11,web
C5820,594.19,6,26,web
C5821,78.73,2,41,tienda
C5822,183.89,8,60,web
C5823,76.92,3,57,app
C5824,560.81,6,19,web
C5825,584.38,5,49,web
C5826,646.14,5,39,tienda
C5827,97.09,2,36,tienda
C5828,80.6,2,5,tienda
C5829,242.86,12,22,tienda
C5830,82.89,3,8,tienda
C5831,62.71,2,4,web
C5832,706.42,4,20,web
C5833,195.12,16,16,app
C5834,84.51,2,4,tienda
C5835,572.07,4,51,tienda
C5836,548.53,5,35,web
C5837,78.2,2,55,tienda
C5838,211.7,13,42,web
C5839,247.72,9,57,tienda
C5840,226.05,13,44,web
C5841,77.12,3,50,tienda
C5842,65.69,3,60,tienda
C5843,231.04,11,47,web
C5844,208.64,15,51,app
C5845,57.35,2,2,tienda
C5846,183.43,8,2,web
C5847,188.64,14,36,app
C5848,276.1,14,34,app
C5849,79.33,4,31,tienda
C5850,83.57,2,25,tienda
C5851,78.87,4,25,tienda
C5852,67.82,2,32,tienda
C5853,90.69,2,59,web
C5854,84.43,2,44,tienda
C5855,91,3,34,app
C5856,243.52,8,45,app
C5857,69.85,2,33,tienda
C5858,76.41,2,35,web
C5859,95.3,2,1,tienda
C5860,683,7,43,app
C5861,177.33,17,45,app
C5862,225.27,9,14,web
C5863,600.88,5,13,tienda
C5864,85.07,2,58,tienda
C5865,187.83,17,57,app
C5866,244.48,11,55,app
C5867,95.77,3,8,web
C5868,85.36,2,28,tienda
C5869,469.03,6,47,tienda
C5870,199.07,10,43,web
C5871,250.4,8,29,web
C5872,260.03,11,47,app
C5873,208.29,10,4,tienda
C5874,64.88,3,27,web
C5875,230.91,17,29,web
C5876,633.98,4,4,app
C5877,194.54,16,10,app
C5878,218.99,9,30,web
C5879,321.19,9,41,web
C5880,225.42,16,30,web
C5881,243.13,11,55,app
C5882,249.84,11,12,web
C5883,603.58,6,44,tienda
C5884,99.65,3,59,web
C5885,256.05,11,13,app
C5886,105.95,4,43,tienda
C5887,81.1,2,14,tienda
C5888,268.17,17,2,web
C5889,70.5,3,37,tienda
C5890,171.19,13,47,tienda
C5891,61.96,2,44,tienda
C5892,95.9,3,3,tienda
C5893,66.79,2,20,web
C5894,92.18,4,1,tienda
C5895,70.99,1,21,web
C5896,618.82,7,1,web
C5897,242.58,14,56,app
C5898,228.98,17,8,web
C5899,856.9,4,36,app
C5900,76.88,3,12,web
C5901,606.77,5,50,tienda
C5902,652.16,6,1,web
C5903,76.22,2,26,tienda
C5904,70.22,3,4,tienda
C5905,236.27,7,33,web
C5906,66.02,3,22,tienda
C5907,241.95,17,34,tienda
C5908,77.78,3,47,web
C5909,202.93,12,6,web
C5910,234.67,15,2,app
C5911,198.76,13,34,app
C5912,567.82,4,19,tienda
C5913,76.15,3,26,tienda
C5914,95.9,3,29,tienda
C5915,510.93,4,48,app
C5916,68.58,3,60,tienda
C5917,194.57,12,9,app
C5918,93.39,3,55,app
C5919,80.29,4,4,tienda
C5920,81.87,2,14,tienda
C5921,186.11,11,14,tienda
C5922,77.12,2,57,web
C5923,76.32,3,8,web
C5924,234.11,14,30,app
C5925,88.73,2,20,tienda
C5926,226.53,14,55,tienda
C5927,205.43,13,15,tienda
C5928,198.13,15,13,app
C5929,77.64,3,29,web
C5930,78.07,2,34,web
C5931,520.88,7,11,web
C5932,683.3,5,15,tienda
C5933,79.7,3,21,tienda
C5934,81.32,3,50,web
C5935,203.07,11,15,tienda
C5936,241.93,10,32,tienda
C5937,588.34,5,43,tienda
C5938,74.52,2,12,tienda
C5939,81.98,3,19,tienda
C5940,177.91,8,17,web
C5941,616.18,4,39,tienda
C5942,246.2,11,9,app
C5943,855.23,4,55,tienda
C5944,85.42,2,57,web
C5945,66.2,3,41,tienda
C5946,267.28,11,25,app
C5947,208.68,9,58,app
C5948,191.54,15,21,app
C5949,230.25,13,37,app
C5950,743.3,4,41,app
C5951,86.04,2,41,tienda
C5952,72.35,3,8,tienda
C5953,229.57,9,4,web
C5954,224.06,18,8,tienda
C5955,618.55,5,7,web
C5956,215.46,14,24,app
C5957,220.63,14,43,web
C5958,174.76,12,11,web
C5959,60.66,2,2,app
C5960,185.51,16,6,tienda
C5961,501.57,6,41,tienda
C5962,103.96,2,35,tienda
C5963,72.7,3,5,tienda
C5964,84.86,3,10,tienda
C5965,251.32,14,18,tienda
C5966,67.62,2,55,web
C5967,266.1,9,32,tienda
C5968,440.29,4,31,web
C5969,214.89,16,49,app
C5970,72.12,3,33,tienda
C5971,246.76,11,31,app
C5972,190.42,11,54,tienda
C5973,190.67,9,45,tienda
C5974,84.38,2,46,tienda
C5975,269.06,9,40,web
C5976,591.45,4,13,tienda
C5977,514.34,6,58,web
C5978,515.4,6,8,tienda
C5979,59.26,2,1,tienda
C5980,70.87,3,16,tienda
C5981,70.04,3,3,tienda
C5982,270.36,12,56,tienda
C5983,744.89,5,58,tienda
C5984,69.35,3,58,tienda
C5985,297.69,15,21,app
C5986,79.74,3,54,tienda
C5987,207.66,9,9,app
C5988,74.6,2,37,web
C5989,74.04,4,33,tienda
C5990,235,9,57,app
C5991,252.18,13,53,tienda
C5992,81.99,3,17,tienda
C5993,715.65,5,56,web
C5994,71.45,1,29,tienda
C5995,545.01,5,26,tienda
C5996,837.17,5,36,app
C5997,604.71,7,33,tienda
C5998,288.5,10,59,app
C5999,775.99,5,19,web
C6000,263.12,10,2,app
C6001,212.07,12,15,app
C6002,63.58,2,17,tienda
C6003,103.68,3,60,tienda
C6004,268.83,14,24,app
C6005,245.25,9,33,web
C6006,61.82,3,50,tienda
C6007,210.49,15,58,web
C6008,578.79,7,26,tienda
C6009,248.97,8,26,app
C6010,608.92,5,58,tienda
C6011,504.07,6,13,tienda
C6012,70.69,4,50,tienda
C6013,89.13,2,52,tienda
C6014,244.16,10,16,app
C6015,80.39,3,21,tienda
C6016,272.48,11,6,web
C6017,114.78,2,48,tienda
C6018,656.09,6,11,web
C6019,86.08,2,7,tienda
C6020,75.98,2,7,tienda
C6021,219.46,17,4,app
C6022,224.46,12,25,app
C6023,667.88,5,45,tienda
C6024,598.46,5,30,web
C6025,99.19,3,25,web
C6026,84.71,3,42,tienda
C6027,92.7,3,28,web
C6028,79.28,2,36,web
C6029,682.14,6,48,tienda
C6030,66.91,3,28,tienda
C6031,185.72,12,20,app
C6032,71.05,2,42,app
C6033,582.75,6,40,web
C6034,77.92,2,19,tienda
C6035,105.87,3,33,tienda
C6036,65.01,3,12,web
C6037,82.65,3,47,tienda
C6038,189.44,9,32,tienda
C6039,266.18,11,31,tienda
C6040,70.13,2,25,tienda
C6041,60.87,3,30,tienda
C6042,71.7,2,59,web
C6043,81.52,2,33,app
C6044,70.27,2,32,tienda
C6045,846.04,3,56,app
C6046,91.03,3,58,tienda
C6047,219.34,14,28,app
C6048,78.54,3,43,web
C6049,520.57,4,24,web
C6050,659.54,4,25,tienda
C6051,584.72,5,57,web
C6052,227.09,10,34,web
C6053,346.5,17,60,web
C6054,87.57,3,39,web
C6055,618.66,7,6,app
C6056,62.2,4,2,tienda
C6057,208.45,19,15,tienda
C6058,223.84,13,34,tienda
C6059,85.92,2,12,tienda
C6060,210.3,12,47,app
C6061,743.38,4,15,web
C6062,205.57,8,47,app
C6063,87.75,3,10,web
C6064,632.59,6,19,tienda
C6065,80.85,3,30,web
C6066,666.26,4,22,tienda
C6067,707.5,5,23,tienda
C6068,66.39,2,51,tienda
C6069,222.57,13,24,app
C6070,80.2,2,22,tienda
C6071,590.33,5,29,app
C6072,91.51,2,36,web
C6073,715.67,4,50,web
C6074,217.89,10,31,web
C6075,227.29,13,30,web
C6076,696.71,5,22,web
C6077,805.79,5,26,web
C6078,68.5,2,59,web
C6079,67.35,2,31,tienda
C6080,549.01,3,56,web
C6081,78.57,3,54,web
C6082,64.48,2,59,tienda
C6083,568.42,5,2,web
C6084,73.76,2,60,tienda
C6085,229.65,12,3,web
C6086,571.39,5,22,tienda
C6087,68.25,3,59,tienda
C6088,92.16,3,34,tienda
C6089,85.41,3,37,app
C6090,201.72,14,29,web
C6091,85.4,2,14,tienda
C6092,69.16,2,30,web
C6093,710.22,4,59,tienda
C6094,76.11,2,22,tienda
C6095,238.98,10,10,web
C6096,75.39,4,5,app
C6097,232.98,16,39,tienda
C6098,73.83,2,32,tienda
C6099,226.97,11,52,web
C6100,91.14,2,7,app
C6101,623.51,5,55,app
C6102,675.06,4,23,web
C6103,81.2,2,26,tienda
C6104,227.2,17,19,app
C6105,236.25,14,30,app
C6106,274.79,12,60,app
C6107,67.7,3,53,web
C6108,88.54,2,6,tienda
C6109,290.45,9,55,tienda
C6110,220.53,12,16,web
C6111,204.89,14,33,app
C6112,210.67,11,56,app
C6113,529.95,4,15,web
C6114,195.77,13,30,app
C6115,185,12,11,web
C6116,78.01,2,41,tienda
C6117,855.99,4,8,tienda
C6118,75.06,2,12,app
C6119,553.7,5,6,web
C6120,750.05,5,57,tienda
C6121,90.99,2,20,web
C6122,219.81,11,1,app
C6123,244.03,13,13,app
C6124,65.93,3,59,web
C6125,70.96,3,44,tienda
C6126,73.92,2,1,tienda
C6127,251.45,10,15,web
C6128,205.84,13,11,app
C6129,285.72,11,33,app
C6130,76.22,3,42,web
C6131,695.73,6,30,web
C6132,84.95,3,42,tienda
C6133,703.47,4,59,app
C6134,82.06,2,14,tienda
C6135,649.63,6,38,tienda
C6136,174.08,12,4,web
C6137,183.63,8,52,app
C6138,492.88,4,52,web
C6139,268.44,14,27,web
C6140,88.39,2,1,tienda
C6141,628.36,5,39,tienda
C6142,100.99,2,32,web
C6143,53.22,3,8,web
C6144,262.64,16,12,app
C6145,69.59,2,12,tienda
C6146,71.44,2,54,tienda
C6147,89.23,2,49,app
C6148,235.13,13,23,tienda
C6149,231.04,10,43,tienda
C6150,221.65,9,53,app
C6151,98.78,3,36,web
C6152,71.41,3,22,tienda
C6153,562.38,5,46,tienda
C6154,164.75,10,50,tienda
C6155,561.04,3,5,app
C6156,96.2,4,6,tienda
C6157,65.53,4,8,tienda
C6158,669.62,4,24,web
C6159,702.8,4,41,tienda
C6160,648.4,7,56,web
C6161,788.41,5,56,web
C6162,69.75,3,9,tienda
C6163,89.53,3,3,tienda
C6164,107.88,3,55,web
C6165,282.55,12,50,app
C6166,219.54,12,17,app
C6167,560.24,5,41,web
C6168,72.64,3,8,tienda
C6169,72.21,2,24,web
C6170,78.24,3,53,app
C6171,283.42,16,46,app
C6172,70.8,3,22,tienda
C6173,563.46,6,26,tienda
C6174,205.28,22,7,web
C6175,90,3,58,tienda
C6176,86.38,3,39,tienda
C6177,82.53,2,43,app
C6178,682.19,6,49,tienda
C6179,222.38,15,8,web
C6180,80.77,3,18,tienda
C6181,654.91,7,37,app
C6182,73.58,3,3,tienda
C6183,254.68,10,33,app
C6184,517.75,7,28,tienda
C6185,328.97,17,6,web
C6186,59.46,2,3,tienda
C6187,65.58,2,4,tienda
C6188,534.51,5,21,web
C6189,262.83,18,22,app
C6190,78.17,2,23,tienda
C6191,513.63,6,10,tienda
C6192,68.93,3,38,web
C6193,105.37,2,17,web
C6194,84.13,3,40,web
C6195,72.7,2,55,tienda
C6196,199.19,13,23,web
C6197,85.14,2,4,web
C6198,85.36,2,13,tienda
C6199,220.09,12,22,app
C6200,766.9,5,41,app
C6201,79.54,3,40,tienda
C6202,207.77,9,6,app
C6203,79.57,3,57,tienda
C6204,585.14,5,34,web
C6205,683.56,5,56,app
C6206,99.93,2,27,tienda
C6207,646.6,4,36,web
C6208,78.15,3,41,web
C6209,156.16,12,7,web
C6210,78.24,2,40,web
C6211,71.63,2,46,tienda
C6212,95.13,3,43,tienda
C6213,189.41,18,19,web
C6214,265.04,18,60,app
C6215,621.68,4,29,tienda
C6216,103.46,3,31,tienda
C6217,216.06,16,21,web
C6218,77.81,3,23,tienda
C6219,193.66,12,49,web
C6220,69.37,4,44,tienda
C6221,199.45,10,46,app
C6222,173.85,13,44,web
C6223,190.51,10,44,tienda
C6224,160.1,10,55,app
C6225,225.61,10,33,app
C6226,506.1,4,32,web
C6227,630.73,7,45,tienda
C6228,762.57,5,42,web
C6229,237.69,12,5,app
C6230,245.64,10,28,app
C6231,579.8,5,46,web
C6232,94.12,2,10,tienda
C6233,80.85,3,55,tienda
C6234,576.54,6,17,tienda
C6235,562.98,4,56,tienda
C6236,197.44,10,24,app
C6237,87.9,2,17,web
C6238,88.23,2,20,app
C6239,77.2,2,30,tienda
C6240,77.47,3,15,tienda
C6241,225.29,11,25,app
C6242,221.05,10,22,tienda
C6243,512.38,4,55,app
C6244,495.17,5,43,web
C6245,509.55,5,21,web
C6246,233.56,12,27,app
C6247,241.72,13,30,tienda
C6248,513.24,5,53,tienda
C6249,74.2,2,38,web
C6250,565.15,5,12,web
C6251,54.8,3,32,tienda
C6252,60.34,2,29,tienda
C6253,665.93,6,7,tienda
C6254,76.74,2,12,tienda
C6255,81.58,2,3,web
C6256,90.2,3,33,tienda
C6257,94.63,3,55,web
C6258,74.5,3,33,web
C6259,499.7,4,12,web
C6260,78,3,14,tienda
C6261,240.5,12,54,app
C6262,810.7,6,39,web
C6263,283.1,16,4,app
C6264,89.92,3,5,tienda
C6265,210.3,9,2,tienda
C6266,211.99,14,12,app
C6267,263.04,8,17,web
C6268,270.12,15,36,web
C6269,73.7,2,27,web
C6270,56.27,2,6,web
C6271,475.82,3,49,tienda
C6272,82.63,2,29,tienda
C6273,77.56,4,34,tienda
C6274,67.61,3,39,tienda
C6275,82.73,2,54,web
C6276,64.05,2,1,tienda
C6277,579.88,4,25,app
C6278,621.78,4,26,tienda
C6279,186.92,12,4,app
C6280,754.69,6,52,tienda
C6281,728.52,6,23,web
C6282,67.53,3,45,tienda
C6283,681.02,4,18,web
C6284,615.03,5,9,web
C6285,767.33,5,11,web
C6286,730.95,5,45,web
C6287,65.62,2,26,tienda
C6288,69.62,3,51,app
C6289,732.68,6,7,tienda
C6290,70.2,2,23,tienda
C6291,63.87,3,55,tienda
C6292,218.23,15,60,app
C6293,707.68,6,10,tienda
C6294,79.29,2,57,web
C6295,62.61,3,56,app
C6296,88.65,3,50,web
C6297,713.61,5,36,web
C6298,85.03,2,54,app
C6299,542.96,5,30,app
C6300,631.74,5,43,tienda
C6301,199.88,17,45,app
C6302,114.48,1,36,tienda
C6303,272.17,21,44,tienda
C6304,54.92,3,44,tienda
C6305,604.37,4,5,web
C6306,70.68,3,26,web
C6307,77.76,3,47,tienda
C6308,89.29,3,16,web
C6309,202.99,12,58,app
C6310,73.94,3,57,tienda
C6311,90.94,3,14,tienda
C6312,685.81,6,46,tienda
C6313,601.53,6,3,web
C6314,620.12,5,57,tienda
C6315,591.9,4,3,tienda
C6316,213.74,12,5,web
C6317,245.04,13,23,app
C6318,211,12,24,web
C6319,225.57,9,13,app
C6320,237.65,16,57,app
C6321,186.74,11,20,tienda
C6322,551.48,5,30,tienda
C6323,189.2,10,54,app
C6324,246.61,17,36,web
C6325,101,2,24,web
C6326,96.77,2,37,tienda
C6327,257.04,15,13,app
C6328,77.26,2,21,web
C6329,248.22,17,47,app
C6330,182.71,11,20,web
C6331,229.75,13,20,app
C6332,65.9,3,27,app
C6333,268.64,11,25,app
C6334,70.8,2,31,tienda
C6335,76.49,3,24,tienda
C6336,115.4,4,54,tienda
C6337,74.2,3,60,tienda
C6338,86.98,3,3,app
C6339,193.34,13,55,app
C6340,85.64,2,39,app
C6341,290.91,10,47,app
C6342,598.86,5,17,app
C6343,686.04,5,11,web
C6344,228.04,10,55,app
C6345,182.47,15,37,tienda
C6346,218.45,14,15,app
C6347,217.56,13,55,web
C6348,89.86,4,9,tienda
C6349,76.42,3,26,tienda
C6350,194.98,16,2,web
C6351,181.22,8,20,web
C6352,76.03,2,6,web
C6353,109.66,3,28,web
C6354,82.94,2,11,tienda
C6355,78.26,3,39,web
C6356,179.83,16,21,app
C6357,89.48,3,23,web
C6358,692.55,4,46,web
C6359,705.25,6,34,web
C6360,191.87,11,56,tienda
C6361,622.22,5,22,tienda
C6362,85.21,2,56,tienda
C6363,67.3,2,40,tienda
C6364,232.49,16,56,tienda
C6365,590.93,7,31,web
C6366,91.99,2,27,web
C6367,68.93,3,16,web
C6368,272.49,11,24,app
C6369,182.04,11,57,app
C6370,642.41,5,53,web
C6371,164.82,16,12,web
C6372,78.93,2,39,tienda
C6373,102.46,3,21,web
C6374,65.68,2,7,tienda
C6375,223.56,10,60,web
C6376,174.24,11,13,web
C6377,194.07,10,10,web
C6378,215.34,14,55,tienda
C6379,542.24,4,7,tienda
C6380,92.11,2,24,web
C6381,75.45,3,19,tienda
C6382,505.14,4,45,web
C6383,574.76,6,18,tienda
C6384,575.24,4,34,tienda
C6385,567,6,25,app
C6386,745.68,4,54,tienda
C6387,82.98,2,21,tienda
C6388,211.65,10,9,app
C6389,256.5,12,6,app
C6390,761.6,4,7,tienda
C6391,78.94,3,32,tienda
C6392,69.44,2,46,tienda
C6393,81.42,3,51,tienda
C6394,205.62,8,13,web
C6395,221.97,10,43,app
C6396,172.62,13,45,tienda
C6397,255.07,12,18,app
C6398,534.95,4,14,web
C6399,582.71,5,57,web
C6400,238.67,10,7,web
C6401,750.39,6,55,web
C6402,88.56,3,59,tienda
C6403,502.66,6,41,web
C6404,76.93,3,13,tienda
C6405,63.04,2,53,tienda
C6406,86.76,5,22,tienda
C6407,792.88,5,30,web
C6408,88.07,3,45,web
C6409,206.79,17,35,app
C6410,805.56,6,19,web
C6411,84.33,3,47,tienda
C6412,78.36,2,9,web
C6413,196.78,9,51,app
C6414,502.14,6,41,web
C6415,75.56,3,49,tienda
C6416,624.8,4,6,web
C6417,243.88,13,47,app
C6418,200.44,14,34,tienda
C6419,168.1,11,40,app
C6420,71.56,2,43,tienda
C6421,202.96,15,48,tienda
C6422,285.2,12,49,tienda
C6423,195.54,13,5,tienda
C6424,84.82,2,43,tienda
C6425,674.13,4,29,tienda
C6426,802.76,3,31,web
C6427,534.14,6,18,web
C6428,788.4,5,56,web
C6429,70.46,2,49,tienda
C6430,63.56,2,24,app
C6431,211.39,16,59,app
C6432,888.34,5,52,app
C6433,248.87,11,45,web
C6434,180.43,17,8,web
C6435,228.38,11,25,web
C6436,539.19,5,19,tienda
C6437,81.72,2,15,tienda
C6438,547.16,7,23,web
C6439,574.68,5,31,tienda
C6440,281.34,9,59,web
C6441,85.29,3,41,web
C6442,202.6,17,37,web
C6443,627.08,5,27,web
C6444,78.78,2,8,tienda
C6445,631.37,4,48,web
C6446,182.57,10,14,app
C6447,61.88,2,52,web
C6448,88.49,3,35,web
C6449,83.38,3,53,web
C6450,189.71,9,4,app
C6451,90.61,2,19,app
C6452,696.56,4,2,web
C6453,588.96,5,57,tienda
C6454,91.79,2,17,tienda
C6455,192.19,10,52,tienda
C6456,92.1,3,25,tienda
C6457,545.31,5,47,tienda
C6458,217.74,8,11,app
C6459,193.16,18,23,app
C6460,566.19,6,24,tienda
C6461,690.97,4,33,web
C6462,92.09,2,32,tienda
C6463,89.47,2,29,web
C6464,107.86,2,35,tienda
C6465,80.87,3,28,web
C6466,87.54,3,40,web
C6467,524.38,7,37,web
C6468,72.4,4,54,tienda
C6469,153.62,11,15,tienda
C6470,102.64,3,37,app
C6471,214.24,7,50,tienda
C6472,79.1,2,20,tienda
C6473,92.02,2,27,tienda
C6474,61.26,2,60,tienda
C6475,173.74,13,8,app
C6476,90.92,2,1,web
C6477,65,1,22,tienda
C6478,602.04,5,42,web
C6479,66.01,3,2,tienda
C6480,441.64,3,48,tienda
C6481,222.38,12,24,app
C6482,236.48,11,54,app
C6483,86.42,3,37,tienda
C6484,90.1,3,42,app
C6485,100.82,2,55,tienda
C6486,648.21,5,3,web
C6487,249.37,13,18,app
C6488,59.89,3,1,web
C6489,718.31,4,16,tienda
C6490,214.68,6,10,app
C6491,91.5,2,10,tienda
C6492,223.3,12,24,app
C6493,75.53,2,46,tienda
C6494,241.48,9,39,app
C6495,75.94,3,20,tienda
C6496,740.3,4,34,tienda
C6497,217.97,15,14,web
C6498,597.1,4,36,web
C6499,91.54,3,2,web
C6500,661.73,3,22,tienda
C6501,278.58,11,23,app
C6502,59.6,3,38,tienda
C6503,187.01,17,12,app
C6504,76.54,3,57,tienda
C6505,178.38,8,24,app
C6506,753.71,4,20,tienda
C6507,177.5,13,35,app
C6508,228.21,15,60,app
C6509,542.63,4,45,web
C6510,248.77,14,34,web
C6511,232.23,13,6,app
C6512,248.39,9,9,app
C6513,212.91,11,52,app
C6514,75.62,3,21,web
C6515,773.39,6,37,web
C6516,92.04,3,34,tienda
C6517,207.58,12,35,web
C6518,565.08,5,40,tienda
C6519,224.56,13,47,web
C6520,261.25,10,58,app
C6521,65.03,2,55,web
C6522,254.44,9,18,web
C6523,685.89,6,27,app
C6524,256.65,12,41,app
C6525,204.86,12,37,app
C6526,78.89,3,36,web
C6527,85.6,2,33,tienda
C6528,783.82,4,24,tienda
C6529,258.73,7,4,tienda
C6530,664.29,10,12,web
C6531,82.13,3,34,tienda
C6532,77.25,3,55,tienda
C6533,100.08,2,16,tienda
C6534,78.05,3,42,web
C6535,221.4,9,54,tienda
C6536,64.95,3,34,app
C6537,226.05,8,30,web
C6538,760.33,9,38,tienda
C6539,74.27,2,55,web
C6540,255.24,15,46,tienda
C6541,71.85,3,56,tienda
C6542,89.74,2,49,tienda
C6543,90.32,3,29,tienda
C6544,653.52,4,1,web
C6545,68.77,2,11,tienda
C6546,251.92,10,25,app
C6547,92.32,3,40,tienda
C6548,83.83,2,53,tienda
C6549,257.94,9,58,app
C6550,76.62,3,51,web
C6551,71.8,2,19,tienda
C6552,70.4,3,39,tienda
C6553,75.31,3,27,tienda
C6554,223.74,13,2,web
C6555,717.26,4,12,tienda
C6556,111.57,3,19,web
C6557,296.39,9,45,app
C6558,693.59,4,51,app
C6559,288.96,12,1,web
C6560,641.37,4,33,tienda
C6561,226.85,14,60,web
C6562,78.67,2,12,web
C6563,88.55,3,23,tienda
C6564,65.28,3,54,tienda
C6565,715.82,3,49,web
C6566,286.09,11,35,web
C6567,317.04,8,9,web
C6568,550.9,6,43,app
C6569,214.53,10,30,web
C6570,96.71,3,19,tienda
C6571,61.11,2,7,web
C6572,241.83,13,23,web
C6573,66.7,2,32,tienda
C6574,178.48,14,39,tienda
C6575,231.83,13,3,app
C6576,293.66,12,33,app
C6577,228.61,7,13,app
C6578,283.81,11,2,web
C6579,89.34,2,32,tienda
C6580,62.09,2,7,app
C6581,89.45,2,42,web
C6582,234.96,11,51,app
C6583,275.06,17,36,tienda
C6584,91.49,2,43,tienda
C6585,101.25,2,30,web
C6586,455.79,6,47,web
C6587,94.88,3,44,web
C6588,60.05,2,45,app
C6589,98.28,2,25,app
C6590,218.43,10,54,app
C6591,197.99,11,38,app
C6592,76.71,3,47,tienda
C6593,86.16,2,32,web
C6594,262.15,12,7,app
C6595,232.81,11,7,tienda
C6596,74.83,2,29,web
C6597,617.18,4,12,tienda
C6598,240.11,10,55,app
C6599,78.39,2,26,web
C6600,67.35,2,29,tienda
C6601,72.1,3,41,tienda
C6602,78.54,2,59,web
C6603,90.06,4,37,tienda
C6604,208.78,11,59,app
C6605,234.81,13,5,app
C6606,83.2,4,53,tienda
C6607,161.08,10,46,app
C6608,628.31,4,53,tienda
C6609,74.97,3,10,app
C6610,231.05,19,38,app
C6611,84.47,3,21,tienda
C6612,478.39,3,8,app
C6613,91.63,4,43,tienda
C6614,228.29,11,18,web
C6615,258.46,12,30,app
C6616,186.51,14,24,app
C6617,190.5,10,21,tienda
C6618,78.75,3,13,web
C6619,252.14,14,40,web
C6620,267.37,14,49,tienda
C6621,105.42,3,42,app
C6622,175.12,14,7,app
C6623,57.94,3,54,app
C6624,687.36,7,60,web
C6625,664.57,4,57,app
C6626,90.95,3,37,web
C6627,481.68,7,11,web
C6628,598.88,6,16,web
C6629,65.45,4,53,app
C6630,269.21,12,49,app
C6631,93.54,2,20,tienda
C6632,80.94,3,24,web
C6633,247.43,9,40,app
C6634,561.93,3,12,web
C6635,163.05,10,18,app
C6636,553.81,5,11,tienda
C6637,79.23,2,55,app
C6638,82.93,2,20,tienda
C6639,58.15,2,29,tienda
C6640,212.8,10,29,app
C6641,177.74,12,14,app
C6642,75.96,3,22,tienda
C6643,77.88,3,39,tienda
C6644,658.71,5,24,tienda
C6645,185.05,14,51,web
C6646,299.87,15,24,app
C6647,187.61,10,19,app
C6648,733.76,6,44,web
C6649,679.86,4,48,web
C6650,85.35,2,12,app
C6651,238.8,12,31,web
C6652,197.38,13,57,app
C6653,652.47,4,13,web
C6654,68.21,2,15,tienda
C6655,195.93,13,39,app
C6656,66.27,2,56,tienda
C6657,619.37,4,44,tienda
C6658,169.9,12,17,tienda
C6659,610.51,4,56,web
C6660,208.23,10,49,web
C6661,649.87,4,58,tienda
C6662,218.01,12,16,app
C6663,187.67,12,22,app
C6664,217.32,12,27,tienda
C6665,77.07,3,2,tienda
C6666,69.26,2,5,web
C6667,254.92,11,25,app
C6668,266.9,16,21,web
C6669,56.98,3,1,tienda
C6670,69.47,3,45,tienda
C6671,66.98,2,30,tienda
C6672,88.34,3,32,web
C6673,66.65,3,33,web
C6674,88.91,2,39,tienda
C6675,234.86,16,12,web
C6676,664.86,6,23,app
C6677,110.82,3,24,tienda
C6678,233.23,9,52,web
C6679,247.65,11,51,app
C6680,73.18,2,59,web
C6681,665.62,4,22,tienda
C6682,517.72,5,25,web
C6683,239.63,13,13,tienda
C6684,238.77,11,44,app
C6685,281.15,10,23,web
C6686,79.79,2,5,tienda
C6687,255.19,12,39,app
C6688,130.94,3,49,web
C6689,287.47,9,49,app
C6690,540.93,5,41,web
C6691,73.33,2,58,tienda
C6692,237.51,15,21,app
C6693,225.14,12,55,app
C6694,173.96,14,44,app
C6695,84.57,3,53,web
C6696,554.65,6,43,web
C6697,108.25,2,41,tienda
C6698,186.62,9,18,tienda
C6699,78.59,3,45,tienda
C6700,74.69,2,42,tienda
C6701,88.18,2,38,tienda
C6702,79.33,2,34,web
C6703,592.34,6,44,tienda
C6704,71.32,3,1,web
C6705,587.94,5,6,web
C6706,73.01,3,32,tienda
C6707,235.59,11,17,app
C6708,186.93,8,26,app
C6709,681.82,5,4,tienda
C6710,103.67,2,25,tienda
C6711,652.05,5,42,web
C6712,87.34,2,53,app
C6713,92.13,3,14,web
C6714,509.87,5,38,web
C6715,86.86,3,37,tienda
C6716,93.66,2,24,web
C6717,64.55,2,52,web
C6718,582.94,7,31,web
C6719,473.78,5,19,web
C6720,61.22,2,18,web
C6721,188.85,11,43,tienda
C6722,374.93,11,29,app
C6723,197.89,9,3,app
C6724,204.47,12,15,web
C6725,275.28,14,22,app
C6726,231.76,17,1,tienda
C6727,238.08,12,24,web
C6728,79.83,3,53,web
C6729,103.4,3,56,app
C6730,230.5,8,8,web
C6731,294.99,11,19,app
C6732,70.18,2,7,tienda
C6733,63.3,3,32,web
C6734,59.11,3,23,tienda
C6735,514.99,4,16,tienda
C6736,90.83,3,57,tienda
C6737,95.52,3,33,tienda
C6738,175.29,15,6,tienda
C6739,75.46,2,2,tienda
C6740,228.91,17,8,app
C6741,124.93,3,44,web
C6742,188.56,15,9,tienda
C6743,236.31,12,10,app
C6744,190.63,15,52,app
C6745,187.22,7,40,app
C6746,108.64,2,1,web
C6747,60.53,3,36,tienda
C6748,247.62,17,25,app
C6749,526.99,4,38,web
C6750,68.97,3,9,web
C6751,81.99,3,46,tienda
C6752,72.52,3,21,web
C6753,75.04,2,28,web
C6754,472.18,8,46,app
C6755,74.18,3,44,web
C6756,79.32,2,41,tienda
C6757,532.98,4,22,web
C6758,723.4,4,59,web
C6759,757.15,8,58,web
C6760,102.92,3,53,web
C6761,626.86,4,29,web
C6762,225.83,10,13,app
C6763,93.39,2,51,tienda
C6764,79.13,2,24,app
C6765,637.68,5,13,web
C6766,595.7,5,59,web
C6767,225.71,14,48,app
C6768,613.58,4,5,tienda
C6769,216.39,11,43,app
C6770,199.68,10,33,tienda
C6771,332.87,12,50,web
C6772,479.79,5,41,tienda
C6773,588.71,7,40,web
C6774,830.05,3,2,tienda
C6775,562.41,4,29,app
C6776,230.25,11,25,app
C6777,65.54,2,13,app
C6778,72.2,4,36,app
C6779,66.76,2,60,tienda
C6780,81.88,3,43,app
C6781,201.41,14,59,tienda
C6782,709.22,5,13,tienda
C6783,83.47,2,4,tienda
C6784,656.65,4,47,tienda
C6785,228.66,11,25,tienda
C6786,209.32,12,59,app
C6787,77.73,2,50,app
C6788,67.77,2,48,web
C6789,81.88,2,7,web
C6790,78.3,2,35,app
C6791,271.06,12,7,web
C6792,58.12,3,13,web
C6793,58.89,3,10,tienda
C6794,228.47,10,14,web
C6795,98.23,2,15,web
C6796,86.53,2,7,web
C6797,591.79,4,26,tienda
C6798,220.7,14,43,tienda
C6799,82.38,2,21,web
C6800,73.24,1,17,tienda
C6801,84.66,2,48,tienda
C6802,594.44,5,28,tienda
C6803,265.92,15,27,tienda
C6804,643.26,5,54,tienda
C6805,233.04,14,54,tienda
C6806,89.29,3,15,tienda
C6807,86.93,2,38,tienda
C6808,89.82,2,33,tienda
C6809,295.86,11,39,web
C6810,90.57,3,42,tienda
C6811,188.05,14,58,app
C6812,232.36,11,47,tienda
C6813,261.75,14,40,web
C6814,78.08,2,12,tienda
C6815,78.99,2,47,tienda
C6816,71.48,4,20,web
C6817,223.16,14,57,app
C6818,117.39,2,59,tienda
C6819,188.41,9,33,tienda
C6820,228.28,13,41,app
C6821,202.82,17,25,tienda
C6822,585.1,4,30,web
C6823,209.98,11,6,app
C6824,105.13,2,18,tienda
C6825,201.49,8,17,app
C6826,97.96,3,27,tienda
C6827,241.03,10,21,app
C6828,182.88,10,28,web
C6829,245.88,11,40,app
C6830,78.94,2,56,tienda
C6831,180.66,12,34,web
C6832,700.97,4,48,tienda
C6833,672.35,3,43,tienda
C6834,695.5,6,25,web
C6835,312.5,10,54,web
C6836,536.96,5,12,web
C6837,89.59,4,13,tienda
C6838,77.34,2,52,web
C6839,207.81,14,7,app
C6840,98.36,3,59,tienda
C6841,195.78,13,32,tienda
C6842,176.61,10,9,tienda
C6843,264.23,13,25,app
C6844,79.16,3,47,tienda
C6845,85,3,14,app
C6846,244.07,16,29,tienda
C6847,473.14,3,35,web
C6848,62.03,4,15,tienda
C6849,215.86,11,30,web
C6850,199.29,12,27,web
C6851,70.88,3,10,app
C6852,207.43,12,19,app
C6853,889.45,5,11,web
C6854,95.19,2,33,tienda
C6855,84.54,2,49,tienda
C6856,593.23,5,1,tienda
C6857,57.48,4,28,web
C6858,66.7,2,16,web
C6859,108.7,2,10,tienda
C6860,84.44,2,2,tienda
C6861,546.66,6,32,web
C6862,77.41,4,53,tienda
C6863,191.29,15,6,tienda
C6864,229.06,14,16,app
C6865,193.98,15,39,web
C6866,676.83,4,19,tienda
C6867,94.02,3,51,app
C6868,651.89,6,46,web
C6869,71.43,3,43,tienda
C6870,65.53,2,55,tienda
C6871,74.95,2,1,tienda
C6872,86.55,3,54,web
C6873,82.65,2,4,web
C6874,214.46,12,54,tienda
C6875,289.61,12,46,web
C6876,76.29,3,17,app
C6877,73.04,4,20,tienda
C6878,90.18,3,44,tienda
C6879,196.12,12,27,web
C6880,71.9,2,6,tienda
C6881,190.03,10,2,app
C6882,615.58,5,52,tienda
C6883,625.13,5,54,web
C6884,190.47,11,52,web
C6885,78.09,3,44,tienda
C6886,255.79,8,13,app
C6887,184.94,13,36,app
C6888,79.63,3,38,web
C6889,793.72,6,4,tienda
C6890,607.52,4,49,web
C6891,216.08,13,2,app
C6892,85.84,3,30,tienda
C6893,84.56,3,59,tienda
C6894,65.55,2,39,app
C6895,65.38,3,49,tienda
C6896,213.93,11,29,tienda
C6897,83.25,3,30,app
C6898,230.25,15,23,app
C6899,584.77,5,59,tienda
C6900,543.58,6,12,web
C6901,77.29,3,58,tienda
C6902,611.04,6,33,web
C6903,69.53,4,5,tienda
C6904,77.64,3,35,app
C6905,193.62,12,43,tienda
C6906,530.83,4,39,web
C6907,474.11,4,8,web
C6908,291.59,10,23,tienda
C6909,696.9,5,26,tienda
C6910,664.78,5,49,tienda
C6911,74.1,2,25,app
C6912,90.56,2,31,tienda
C6913,236.47,23,28,web
C6914,82.71,3,47,tienda
C6915,639.48,5,36,tienda
C6916,110.87,3,57,web
C6917,746.79,6,30,tienda
C6918,103.33,3,56,web
C6919,258.28,14,49,web
C6920,84.86,2,21,web
C6921,82.45,3,59,tienda
C6922,312.24,9,14,app
C6923,205.92,16,2,app
C6924,247.17,11,6,app
C6925,228.18,12,44,tienda
C6926,268.05,9,42,tienda
C6927,69.11,4,55,web
C6928,163.09,18,51,app
C6929,758.04,6,18,web
C6930,684.26,4,8,tienda
C6931,61.93,3,19,tienda
C6932,194.86,12,18,web
C6933,57.67,4,49,web
C6934,88.47,4,48,tienda
C6935,758,6,40,tienda
C6936,60.84,3,52,web
C6937,744.83,6,28,app
C6938,599.34,3,10,tienda
C6939,94.58,3,34,tienda
C6940,70.77,2,23,web
C6941,260.12,8,51,tienda
C6942,540.89,4,35,tienda
C6943,648.82,3,10,web
C6944,75.49,3,49,tienda
C6945,244.44,10,1,tienda
C6946,644.47,5,51,tienda
C6947,279.17,12,5,web
C6948,82.92,3,17,web
C6949,81.95,3,20,app
C6950,86.38,3,11,tienda
C6951,81.12,4,1,tienda
C6952,88.06,2,6,tienda
C6953,67.49,2,11,web
C6954,624.08,4,34,web
C6955,242.2,10,3,web
C6956,574.25,4,28,web
C6957,537.41,7,31,tienda
C6958,168.15,16,57,app
C6959,252.37,14,35,app
C6960,669.09,4,21,app
C6961,199.73,10,4,app
C6962,86.19,2,23,web
C6963,73,2,29,tienda
C6964,91.95,3,25,tienda
C6965,81.85,4,2,tienda
C6966,73.94,2,34,tienda
C6967,660.61,5,25,tienda
C6968,210.14,10,30,app
C6969,512.16,6,50,tienda
C6970,778.02,5,50,web
C6971,182.61,13,44,app
C6972,81.17,3,18,tienda
C6973,599.81,6,38,web
C6974,213.12,14,13,tienda
C6975,206.41,11,13,web
C6976,174.83,12,16,app
C6977,60.67,2,11,web
C6978,90.91,3,46,web
C6979,46.71,2,42,web
C6980,493.99,6,39,web
C6981,85.48,3,35,app
C6982,517.79,6,19,tienda
C6983,76.84,3,7,app
C6984,86.12,3,6,tienda
C6985,666.02,4,49,web
C6986,243.07,10,49,web
C6987,70.04,3,8,tienda
C6988,301.65,17,27,web
C6989,170.46,14,42,tienda
C6990,216.3,12,53,app
C6991,782.88,7,54,web
C6992,173.65,16,47,web
C6993,505.77,5,35,tienda
C6994,197.86,10,40,web
C6995,64.72,3,49,tienda
C6996,61.91,3,43,tienda
C6997,483.47,7,12,tienda
C6998,691.24,4,18,tienda
C6999,78.82,2,48,tienda
C7000,253.05,9,56,app
C7001,97.14,3,28,web
C7002,217.73,10,34,app
C7003,84.05,2,10,app
C7004,556.7,5,58,web
C7005,569.15,5,51,web
C7006,94.23,2,15,tienda
C7007,185.36,13,16,app
C7008,795.12,6,23,tienda
C7009,238.5,11,26,app
C7010,77.54,2,40,web
C7011,253.68,11,13,app
C7012,72.21,3,1,web
C7013,671.31,4,15,web
C7014,251.69,9,9,app
C7015,101.02,3,43,tienda
C7016,175.78,10,28,app
C7017,703.91,6,42,tienda
C7018,621.79,5,38,web
C7019,81.66,3,28,tienda
C7020,223.01,11,37,web
C7021,565.54,6,35,tienda
C7022,77.93,2,6,tienda
C7023,85.19,3,48,app
C7024,79.93,3,59,web
C7025,520.85,5,33,web
C7026,85.32,3,59,tienda
C7027,231.57,13,60,tienda
C7028,315.26,12,11,app
C7029,198.3,10,1,web
C7030,634.39,5,38,web
C7031,191.21,14,58,tienda
C7032,250.4,12,58,web
C7033,215.57,12,24,app
C7034,87.52,3,20,tienda
C7035,553.61,4,32,web
C7036,696.17,4,28,tienda
C7037,508.56,5,27,tienda
C7038,608.63,4,37,app
C7039,588.56,6,57,web
C7040,686.7,4,4,web
C7041,272.23,13,36,app
C7042,829.58,5,40,web
C7043,82.13,2,41,web
C7044,70.36,2,36,web
C7045,80.72,3,38,tienda
C7046,595.61,4,42,web
C7047,208.4,13,27,app
C7048,75.01,2,6,web
C7049,261.84,13,47,app
C7050,82.11,3,2,web
C7051,549.21,5,43,tienda
C7052,103.7,2,26,web
C7053,752.9,4,47,web
C7054,76.7,2,56,app
C7055,62.57,3,44,tienda
C7056,87.36,2,18,web
C7057,72.92,1,1,tienda
C7058,610.41,5,59,web
C7059,232.27,11,34,web
C7060,727.03,6,4,tienda
C7061,664.33,7,2,tienda
C7062,73.07,2,13,web
C7063,214.21,9,60,web
C7064,93.75,2,9,app
C7065,79.26,2,17,tienda
C7066,766.24,3,7,web
C7067,595.87,7,44,web
C7068,567.83,5,50,tienda
C7069,197.62,16,3,app
C7070,274.71,14,39,app
C7071,225.78,9,18,app
C7072,224.84,16,43,app
C7073,516.36,6,40,tienda
C7074,545.64,5,47,web
C7075,682.66,5,50,app
C7076,70.3,2,19,web
C7077,74.11,2,24,web
C7078,68.67,3,8,web
C7079,98.57,3,32,tienda
C7080,73.75,3,49,tienda
C7081,685.1,5,4,web
C7082,216.25,14,31,tienda
C7083,70.35,3,45,web
C7084,660.98,5,3,web
C7085,728.44,3,15,tienda
C7086,102.56,2,16,tienda
C7087,636.93,6,16,web
C7088,66.89,3,50,web
C7089,662.45,6,33,web
C7090,227.59,12,11,web
C7091,73.69,3,20,web
C7092,227.45,10,22,app
C7093,75.35,2,38,tienda
C7094,301.3,10,54,tienda
C7095,72.76,3,7,web
C7096,88.5,2,43,web
C7097,93.48,1,50,web
C7098,196.06,12,5,app
C7099,287.7,18,4,tienda
C7100,248.64,15,47,tienda
C7101,210.21,11,25,app
C7102,557.5,8,3,web
C7103,842.47,4,21,tienda
C7104,558.36,6,22,web
C7105,73.74,3,9,web
C7106,191.04,14,43,app
C7107,213.12,16,15,app
C7108,247.62,11,21,web
C7109,177.15,12,30,web
C7110,247.31,11,21,tienda
C7111,223.4,15,59,app
C7112,480.76,4,45,tienda
C7113,246.27,12,24,app
C7114,92.6,2,28,tienda
C7115,886.37,6,22,web
C7116,90.76,2,7,web
C7117,723.8,6,7,web
C7118,94.4,2,36,tienda
C7119,512.72,8,26,tienda
C7120,78.5,2,14,tienda
C7121,558.16,3,38,tienda
C7122,655.19,5,41,tienda
C7123,685.66,5,38,tienda
C7124,184.31,10,10,app
C7125,69.38,2,51,web
C7126,201.3,11,20,app
C7127,221.59,14,57,app
C7128,102.84,3,48,web
C7129,231.91,11,39,tienda
C7130,75.75,3,4,web
C7131,224.8,15,58,app
C7132,713.61,5,51,app
C7133,590.23,5,35,web
C7134,195.31,10,32,web
C7135,263.17,17,60,app
C7136,547.36,4,6,tienda
C7137,57.69,3,59,web
C7138,64.1,3,20,web
C7139,695.61,6,57,tienda
C7140,84.43,2,13,tienda
C7141,74.9,3,43,tienda
C7142,192.83,13,2,app
C7143,80.37,2,2,app
C7144,249.51,16,24,web
C7145,230.93,11,40,tienda
C7146,186.76,8,23,web
C7147,73.2,2,55,tienda
C7148,205.18,12,52,web
C7149,228.42,9,19,web
C7150,598.97,5,2,app
C7151,226.44,10,43,app
C7152,233.69,8,22,app
C7153,89.85,3,52,tienda
C7154,543.94,5,13,tienda
C7155,80.82,3,21,tienda
C7156,225.32,14,48,web
C7157,289.87,11,31,web
C7158,75.01,3,36,tienda
C7159,690.73,5,48,web
C7160,105.83,3,54,web
C7161,532.69,4,10,app
C7162,554.99,5,36,tienda
C7163,727.68,4,1,tienda
C7164,74.84,2,37,tienda
C7165,82.33,3,57,tienda
C7166,614.29,5,14,web
C7167,534.49,5,18,app
C7168,679.64,5,34,web
C7169,205.13,10,13,tienda
C7170,259.06,12,43,app
C7171,99.88,3,7,tienda
C7172,646.19,4,5,web
C7173,198.76,12,56,tienda
C7174,85.95,4,32,web
C7175,214.52,12,37,tienda
C7176,211.94,14,31,app
C7177,200.19,12,24,web
C7178,682.64,4,49,web
C7179,238.93,14,5,web
C7180,654.05,6,8,tienda
C7181,98.96,2,48,tienda
C7182,223.53,14,44,app
C7183,744.24,5,28,tienda
C7184,82.8,3,18,web
C7185,183.46,11,17,app
C7186,183.18,12,47,tienda
C7187,83.87,2,46,app
C7188,88.94,2,36,app
C7189,91.25,2,50,tienda
C7190,681.81,4,55,tienda
C7191,251.47,14,14,tienda
C7192,79.12,2,43,tienda
C7193,179.57,11,26,app
C7194,243.04,10,22,app
C7195,186.45,15,29,web
C7196,68.4,3,44,tienda
C7197,172.27,10,24,app
C7198,104.39,3,38,tienda
C7199,90.6,3,17,tienda
C7200,537.22,7,50,tienda
C7201,66.54,3,36,tienda
C7202,202.02,8,48,app
C7203,607.14,5,35,tienda
C7204,205.5,11,37,web
C7205,90.9,4,57,web
C7206,820.96,8,31,web
C7207,58.48,3,19,tienda
C7208,213.93,12,29,tienda
C7209,234.67,13,47,app
C7210,463.7,5,35,tienda
C7211,204.75,12,54,app
C7212,248.15,9,37,tienda
C7213,68.67,3,36,web
C7214,656.4,5,2,web
C7215,79.16,3,32,web
C7216,73.55,3,41,web
C7217,636.3,6,34,web
C7218,199.58,14,20,app
C7219,235.24,12,18,tienda
C7220,201.79,12,60,web
C7221,861.28,5,49,tienda
C7222,587.29,5,15,tienda
C7223,258.19,9,1,app
C7224,70.81,3,49,web
C7225,174.08,11,52,tienda
C7226,628.5,5,56,web
C7227,124.31,4,54,tienda
C7228,257.83,24,33,web
C7229,75.71,2,6,tienda
C7230,186.03,9,3,web
C7231,71.55,2,37,app
C7232,78.52,1,6,web
C7233,635.76,4,15,web
C7234,270.05,17,59,web
C7235,482.08,5,20,web
C7236,680.79,4,48,web
C7237,108.86,3,1,tienda
C7238,76.21,2,31,web
C7239,228.21,17,3,web
C7240,93.58,2,56,web
C7241,87.25,3,10,tienda
C7242,683.18,7,45,web
C7243,304.43,18,37,app
C7244,703.67,5,34,tienda
C7245,196.41,11,3,tienda
C7246,90.76,2,12,tienda
C7247,455.7,7,36,app
C7248,81.52,1,38,tienda
C7249,244.62,15,45,web
C7250,270.64,14,56,tienda
C7251,491.13,6,13,tienda
C7252,83.83,2,22,tienda
C7253,792.85,6,52,tienda
C7254,484.61,6,4,tienda
C7255,204.54,12,55,app
C7256,92.41,2,57,tienda
C7257,94.8,1,19,tienda
C7258,153.96,15,34,web
C7259,210.31,13,47,app
C7260,228.29,15,13,app
C7261,181.58,15,9,tienda
C7262,83.72,2,43,tienda
C7263,81.06,2,34,web
C7264,77.4,3,1,web
C7265,215.83,13,60,web
C7266,614.72,6,20,web
C7267,58.65,3,55,app
C7268,210.17,10,29,app
C7269,70.8,2,8,app
C7270,74.87,2,55,tienda
C7271,62,3,43,web
C7272,236.74,9,4,app
C7273,240.23,15,49,tienda
C7274,605.4,4,54,tienda
C7275,71.91,2,44,web
C7276,89.95,3,17,tienda
C7277,71.98,4,20,app
C7278,232.89,15,24,app
C7279,81.71,2,9,app
C7280,230.04,11,6,app
C7281,223.14,13,40,web
C7282,90.05,3,41,tienda
C7283,71.76,3,58,web
C7284,610.67,5,39,tienda
C7285,175.69,13,21,web
C7286,239.93,9,23,web
C7287,211.91,11,27,app
C7288,579.71,4,45,web
C7289,255.59,9,11,app
C7290,216.75,16,13,web
C7291,596.7,4,26,tienda
C7292,200.29,17,42,tienda
C7293,91.03,3,33,tienda
C7294,70.79,3,39,app
C7295,119.76,2,14,tienda
C7296,86.09,4,48,web
C7297,85.55,3,15,web
C7298,197.9,8,30,web
C7299,596.61,5,55,tienda
C7300,265.82,11,37,app
C7301,676.5,4,43,tienda
C7302,59.08,2,13,tienda
C7303,270.36,12,10,tienda
C7304,127.49,15,27,app
C7305,204.8,11,5,app
C7306,99.86,2,40,tienda
C7307,268.64,8,41,tienda
C7308,97.37,3,60,web
C7309,257.45,16,47,tienda
C7310,242.69,15,48,app
C7311,70.15,2,53,tienda
C7312,635.95,7,22,tienda
C7313,546.37,5,25,web
C7314,201.26,13,34,tienda
C7315,98.45,2,49,tienda
C7316,103.2,3,17,tienda
C7317,88.9,3,45,tienda
C7318,643.38,5,50,web
C7319,678.18,4,13,tienda
C7320,209.31,12,50,web
C7321,194.73,21,45,web
C7322,220.84,12,23,app
C7323,81.84,2,51,app
C7324,560.15,4,48,web
C7325,741.3,4,18,app
C7326,574.36,5,50,web
C7327,81.71,3,46,tienda
C7328,82.63,2,42,tienda
C7329,79.69,2,30,tienda
C7330,236.29,14,14,web
C7331,484.37,6,53,app
C7332,71.94,2,57,tienda
C7333,81.52,2,14,tienda
C7334,55.76,3,37,web
C7335,95.3,3,13,web
C7336,72.55,4,23,tienda
C7337,258.08,14,46,app
C7338,655.2,4,37,web
C7339,200.36,13,54,tienda
C7340,85.81,3,20,tienda
C7341,235.05,14,36,tienda
C7342,576.26,4,16,tienda
C7343,250.41,11,6,app
C7344,69.65,2,55,web
C7345,200.48,10,44,tienda
C7346,71.94,2,5,tienda
C7347,719.69,6,1,tienda
C7348,69.52,3,49,app
C7349,172.48,7,58,web
C7350,203.47,14,47,tienda
C7351,199.53,15,45,web
C7352,98.6,2,36,tienda
C7353,77.11,3,39,web
C7354,85.72,3,20,tienda
C7355,118.82,3,48,tienda
C7356,208.85,11,30,app
C7357,269.77,10,5,tienda
C7358,69.54,4,6,app
C7359,58.25,3,13,web
C7360,606.74,5,18,web
C7361,496.83,5,19,tienda
C7362,704.55,5,5,web
C7363,78.45,2,15,tienda
C7364,190.86,10,41,tienda
C7365,221.32,9,22,app
C7366,236.43,10,56,app
C7367,235.47,12,11,web
C7368,225,8,39,app
C7369,80.52,2,19,web
C7370,660.38,5,18,web
C7371,653.5,4,53,tienda
C7372,626.49,4,49,app
C7373,213.54,11,8,app
C7374,490.22,4,38,app
C7375,98.45,2,14,web
C7376,90.16,2,21,tienda
C7377,73.33,3,22,tienda
C7378,234.53,12,7,app
C7379,661.25,4,7,tienda
C7380,75.99,3,39,tienda
C7381,86.7,2,32,web
C7382,66.89,2,46,web
C7383,95.44,2,52,tienda
C7384,75.98,2,43,tienda
C7385,199.98,9,27,app
C7386,556.78,5,35,web
C7387,78.26,2,51,web
C7388,85.3,2,2,tienda
C7389,73.92,2,31,tienda
C7390,207.03,11,19,web
C7391,99.5,2,48,tienda
C7392,198.74,12,29,tienda
C7393,83.56,2,37,tienda
C7394,251.87,15,58,app
C7395,675.21,6,21,web
C7396,772.29,5,52,web
C7397,93.85,3,43,web
C7398,489.59,4,47,web
C7399,464.97,5,45,web
C7400,583.62,6,5,web
C7401,199.63,10,39,web
C7402,241.67,9,12,web
C7403,69.51,2,5,tienda
C7404,97.72,3,19,tienda
C7405,617.25,5,10,web
C7406,680.71,5,49,web
C7407,158.03,12,20,app
C7408,72.76,2,47,tienda
C7409,230.41,12,43,app
C7410,63.45,3,26,tienda
C7411,193.82,11,49,app
C7412,207.95,16,36,app
C7413,198.28,11,15,app
C7414,66.53,3,29,tienda
C7415,94.46,2,50,web
C7416,87.24,2,17,app
C7417,72.2,2,6,tienda
C7418,70.18,2,2,tienda
C7419,69.54,2,1,app
C7420,77.25,3,57,tienda
C7421,274.92,9,4,app
C7422,200.1,16,40,web
C7423,102.34,1,13,tienda
C7424,76.07,2,25,web
C7425,71.82,2,40,tienda
C7426,486.15,5,45,tienda
C7427,208.62,15,11,web
C7428,76.67,2,19,tienda
C7429,614.83,7,5,web
C7430,184.19,17,48,app
C7431,249.37,8,19,web
C7432,298.94,10,30,app
C7433,158.3,8,2,web
C7434,838.64,5,54,web
C7435,65.19,3,42,web
C7436,178.63,12,19,app
C7437,84.96,2,43,web
C7438,660.42,5,16,web
C7439,631.85,5,45,tienda
C7440,278.16,11,25,web
C7441,553.56,4,59,tienda
C7442,232.5,10,3,web
C7443,277.62,12,54,tienda
C7444,106.83,3,13,web
C7445,188.38,22,56,web
C7446,229.55,10,47,app
C7447,584.26,4,56,tienda
C7448,221.45,12,9,app
C7449,72.42,2,14,web
C7450,278.92,12,4,web
C7451,634.44,5,7,web
C7452,539.84,5,32,web
C7453,179.27,12,19,app
C7454,186.32,18,17,app
C7455,637.68,3,54,web
C7456,65.74,2,11,web
C7457,75.37,2,39,web
C7458,91.47,2,42,tienda
C7459,77.03,3,11,tienda
C7460,91.4,3,53,tienda
C7461,507.09,5,20,tienda
C7462,80.3,3,6,web
C7463,80.42,2,4,tienda
C7464,112.53,3,44,tienda
C7465,93.33,2,24,tienda
C7466,228.74,13,58,app
C7467,513.9,4,37,tienda
C7468,83.98,3,17,tienda
C7469,229.94,12,9,app
C7470,250.9,9,37,tienda
C7471,178.25,9,48,app
C7472,219.52,17,58,tienda
C7473,234,13,2,web
C7474,722.36,5,28,web
C7475,251.74,14,48,app
C7476,68.05,2,6,web
C7477,91.51,2,27,app
C7478,652.78,7,45,web
C7479,249.54,13,44,app
C7480,231.62,15,57,tienda
C7481,486.78,5,29,web
C7482,69.04,2,43,web
C7483,577.07,4,20,tienda
C7484,622.92,5,39,web
C7485,87.87,2,46,app
C7486,247.42,11,34,app
C7487,214.27,9,60,tienda
C7488,556.1,5,48,web
C7489,199.9,9,57,app
C7490,82.11,2,19,tienda
C7491,643.4,6,57,tienda
C7492,227.01,12,5,web
C7493,75.21,5,53,tienda
C7494,70.97,4,37,tienda
C7495,88.47,2,19,tienda
C7496,713.72,6,6,tienda
C7497,271.42,15,48,app
C7498,506.48,7,3,tienda
C7499,488.1,5,39,tienda
C7500,172.22,11,14,web
C7501,184.46,13,10,web
C7502,623.41,4,49,tienda
C7503,156.04,13,44,tienda
C7504,61.87,2,15,web
C7505,242.53,14,32,tienda
C7506,87.47,2,32,web
C7507,89.71,4,25,tienda
C7508,81.26,2,29,web
C7509,566.83,5,24,tienda
C7510,85.66,3,44,tienda
C7511,85.45,2,23,tienda
C7512,591.17,8,53,tienda
C7513,86.62,2,51,tienda
C7514,556.61,6,51,web
C7515,231.87,12,49,tienda
C7516,658.8,5,16,web
C7517,537.12,5,10,tienda
C7518,193.18,12,32,tienda
C7519,80.9,2,13,web
C7520,182.25,12,28,web
C7521,86.59,2,40,web
C7522,513.12,5,44,tienda
C7523,89.19,3,31,tienda
C7524,75.11,2,40,tienda
C7525,247.06,12,15,web
C7526,240.63,12,54,app
C7527,70.79,2,44,tienda
C7528,60.85,4,3,tienda
C7529,83.94,3,39,tienda
C7530,102.5,2,44,tienda
C7531,279.8,12,9,app
C7532,190.54,13,17,tienda
C7533,215.07,21,51,web
C7534,233.46,7,50,web
C7535,242.27,11,16,app
C7536,616.5,5,33,web
C7537,627.66,4,6,tienda
C7538,83.34,3,35,web
C7539,85.44,3,45,tienda
C7540,166.06,10,52,tienda
C7541,632.59,5,52,web
C7542,580.55,4,1,web
C7543,259.36,8,7,web
C7544,222,12,2,app
C7545,92.04,4,40,tienda
C7546,527.07,7,8,web
C7547,218.63,16,2,app
C7548,598.4,6,18,web
C7549,79.42,3,16,tienda
C7550,79.46,2,41,tienda
C7551,219.8,10,40,app
C7552,81.15,4,14,web
C7553,65.84,2,26,app
C7554,93.27,3,49,tienda
C7555,575.31,3,32,tienda
C7556,208.25,11,56,app
C7557,74.49,2,34,tienda
C7558,74.94,2,47,web
C7559,203.9,10,27,app
C7560,76.37,2,59,web
C7561,631.55,7,19,tienda
C7562,682.4,4,38,tienda
C7563,210.15,10,56,app
C7564,229.98,13,57,tienda
C7565,76.13,3,34,web
C7566,228.93,14,58,app
C7567,198.37,11,14,app
C7568,250.35,11,2,app
C7569,73.06,2,5,tienda
C7570,235.41,9,53,web
C7571,252.24,10,47,app
C7572,76.83,3,54,tienda
C7573,235.55,11,14,web
C7574,75.78,2,53,web
C7575,590.15,4,16,tienda
C7576,107.38,2,35,web
C7577,483.68,6,29,web
C7578,66.27,2,54,web
C7579,75.29,3,12,tienda
C7580,288.15,12,51,app
C7581,67.53,3,23,tienda
C7582,71.58,2,7,tienda
C7583,81.34,3,11,tienda
C7584,80.94,2,14,web
C7585,87.1,3,27,tienda
C7586,608.72,5,9,tienda
C7587,71.46,2,57,tienda
C7588,542.77,5,50,app
C7589,207.88,13,43,web
C7590,333.59,10,48,app
C7591,208.74,18,25,web
C7592,95.74,3,12,tienda
C7593,594.73,8,42,web
C7594,285.91,15,7,web
C7595,261.48,9,54,app
C7596,582.97,4,27,tienda
C7597,75.03,3,29,web
C7598,98.72,3,35,web
C7599,217.63,12,48,app
C7600,75.4,2,60,web
C7601,169.01,9,36,app
C7602,60.84,2,14,app
C7603,242.13,14,59,web
C7604,71.01,2,9,app
C7605,105.37,3,31,tienda
C7606,63.93,2,34,web
C7607,71.91,3,57,app
C7608,205.71,10,25,tienda
C7609,83.78,3,30,tienda
C7610,79.12,2,43,web
C7611,204.41,12,60,web
C7612,72.54,2,12,tienda
C7613,669.88,6,8,tienda
C7614,514.03,8,54,web
C7615,679.16,6,54,web
C7616,76.61,3,8,tienda
C7617,83.18,3,5,web
C7618,175.54,14,50,app
C7619,231.21,9,7,app
C7620,216.34,16,47,web
C7621,258.06,11,35,app
C7622,688.31,7,58,app
C7623,639.36,6,33,tienda
C7624,74.16,3,58,tienda
C7625,82.42,2,49,tienda
C7626,239.38,17,2,app
C7627,661.48,4,33,web
C7628,72.48,2,9,tienda
C7629,207.52,15,19,app
C7630,244.32,15,13,app
C7631,72.83,3,8,web
C7632,185.25,11,11,app
C7633,611.51,4,8,web
C7634,65.29,2,37,tienda
C7635,66.89,4,33,web
C7636,69.14,3,25,tienda
C7637,235.89,13,43,app
C7638,184.26,9,51,web
C7639,73.58,2,32,web
C7640,69.68,3,11,tienda
C7641,82.97,3,20,app
C7642,534.23,4,23,tienda
C7643,219.2,16,15,tienda
C7644,223.24,9,35,app
C7645,242.19,11,48,app
C7646,105.14,2,36,tienda
C7647,256.65,12,15,app
C7648,85.54,2,43,tienda
C7649,76.19,4,56,tienda
C7650,672.05,4,53,app
C7651,792.87,5,5,tienda
C7652,180.45,16,10,app
C7653,75.22,2,50,tienda
C7654,79.45,2,3,tienda
C7655,70.88,3,37,web
C7656,77.12,3,24,web
C7657,192.35,10,3,app
C7658,293.26,15,33,app
C7659,650.89,8,57,tienda
C7660,86.59,3,49,web
C7661,74.51,3,53,tienda
C7662,271.14,10,17,tienda
C7663,209.09,13,20,app
C7664,344.48,10,46,app
C7665,216.51,14,5,web
C7666,547.22,5,53,web
C7667,80.06,2,17,web
C7668,72.32,2,32,tienda
C7669,198.57,15,9,web
C7670,453.9,10,41,tienda
C7671,71.45,2,34,tienda
C7672,234.47,10,12,web
C7673,248.47,12,2,tienda
C7674,703.13,3,29,web
C7675,516.32,6,28,web
C7676,90.44,3,19,web
C7677,626.84,3,54,web
C7678,87.54,3,60,tienda
C7679,189.54,12,31,app
C7680,107.32,3,39,tienda
C7681,60.96,3,42,tienda
C7682,185.43,14,32,tienda
C7683,278.54,10,23,app
C7684,69.15,2,3,tienda
C7685,78.16,2,3,tienda
C7686,613.43,5,54,tienda
C7687,208.44,11,48,app
C7688,239.65,9,43,app
C7689,245.13,17,3,app
C7690,615.85,5,59,web
C7691,535.51,6,57,web
C7692,79.02,3,3,web
C7693,78.34,3,52,web
C7694,652.22,5,49,web
C7695,767.35,5,30,web
C7696,558.34,4,45,web
C7697,206.54,11,59,web
C7698,215.02,14,47,app
C7699,215.7,18,59,app
C7700,200.85,16,41,web
C7701,288.95,12,13,web
C7702,190.92,10,20,app
C7703,92.19,3,2,web
C7704,644.39,6,19,tienda
C7705,270.93,9,47,tienda
C7706,322.26,13,31,tienda
C7707,71.28,3,45,tienda
C7708,90.43,2,14,web
C7709,79.76,3,48,tienda
C7710,589.02,5,8,tienda
C7711,661.8,6,18,web
C7712,275.07,12,16,app
C7713,70.05,2,49,tienda
C7714,76.47,2,16,web
C7715,228.46,11,40,app
C7716,313.32,13,36,web
C7717,549.11,6,6,web
C7718,87.93,2,45,tienda
C7719,90.93,3,15,web
C7720,94.11,3,35,app
C7721,81.52,2,40,tienda
C7722,88.35,2,59,tienda
C7723,194.4,11,22,app
C7724,746.72,4,28,web
C7725,81.35,3,39,tienda
C7726,83.07,3,9,tienda
C7727,728.25,5,7,app
C7728,204.51,11,42,web
C7729,71.93,3,30,tienda
C7730,85.66,2,22,web
C7731,728.79,6,36,web
C7732,694.27,3,11,tienda
C7733,97.4,2,26,tienda
C7734,199.05,15,4,app
C7735,89.47,3,1,app
C7736,634.72,6,60,tienda
C7737,79.81,3,11,web
C7738,81.63,2,39,tienda
C7739,246.77,10,48,app
C7740,787.25,4,39,tienda
C7741,461.24,5,29,tienda
C7742,85.15,3,25,web
C7743,232.63,13,34,tienda
C7744,172.23,12,28,web
C7745,226.91,14,17,tienda
C7746,80.62,3,45,tienda
C7747,87.32,3,14,web
C7748,90.64,3,3,app
C7749,62.26,4,60,tienda
C7750,235.04,11,45,web
C7751,245.27,15,3,web
C7752,59.36,2,25,tienda
C7753,87.18,3,11,web
C7754,84.29,2,28,tienda
C7755,703.83,5,32,web
C7756,104.98,2,59,tienda
C7757,212.58,14,41,app
C7758,107.66,2,34,tienda
C7759,526.97,8,16,web
C7760,185.75,10,22,app
C7761,880.94,8,27,app
C7762,178.13,14,28,tienda
C7763,81.48,2,25,web
C7764,646.34,4,56,web
C7765,196.23,13,15,app
C7766,95.02,4,51,tienda
C7767,685.17,5,44,web
C7768,546.45,5,37,tienda
C7769,224.54,10,15,web
C7770,86.37,2,17,app
C7771,88.85,4,41,tienda
C7772,189.75,15,13,app
C7773,72.88,3,6,tienda
C7774,593.81,5,35,web
C7775,73.55,3,47,tienda
C7776,517.57,5,39,app
C7777,496.78,4,50,tienda
C7778,237.23,14,57,web
C7779,92.4,3,33,tienda
C7780,217.41,12,26,app
C7781,104.5,2,26,web
C7782,178.86,13,37,web
C7783,130.47,16,42,tienda
C7784,218.24,12,31,app
C7785,67.6,3,20,app
C7786,619.9,5,44,web
C7787,61.77,2,42,tienda
C7788,673.83,5,59,app
C7789,90.44,3,36,app
C7790,205.16,10,7,app
C7791,198,18,2,app
C7792,189.62,12,46,app
C7793,86.1,3,17,tienda
C7794,194.14,14,11,tienda
C7795,215.35,14,44,web
C7796,213.61,10,29,app
C7797,237.16,11,38,app
C7798,70.68,3,6,web
C7799,774.16,7,53,web
C7800,483.42,5,11,app
C7801,71.86,3,41,web
C7802,180.67,12,1,app
C7803,75.15,2,44,web
C7804,100.87,2,36,tienda
C7805,106.01,2,16,tienda
C7806,72.44,2,7,tienda
C7807,84.21,2,11,web
C7808,92.45,2,35,web
C7809,676.34,4,47,app
C7810,255.23,15,41,tienda
C7811,689.72,8,4,tienda
C7812,96.85,3,38,tienda
C7813,206.65,12,16,app
C7814,223.42,11,9,web
C7815,214.19,16,50,app
C7816,252.6,12,2,app
C7817,235.31,11,53,app
C7818,105.2,3,14,tienda
C7819,148.22,12,31,web
C7820,73.44,3,47,web
C7821,790.71,9,22,web
C7822,511.18,6,34,tienda
C7823,65.82,2,15,tienda
C7824,84.43,2,11,tienda
C7825,81.33,3,40,tienda
C7826,212.09,11,55,web
C7827,186.07,15,43,app
C7828,79.41,4,29,web
C7829,90.2,2,16,tienda
C7830,222.92,11,47,web
C7831,265.85,13,18,app
C7832,99.54,3,33,tienda
C7833,85.91,3,24,app
C7834,245.55,9,35,web
C7835,796.19,5,30,tienda
C7836,82.07,2,2,tienda
C7837,67.11,3,52,web
C7838,221.37,11,8,app
C7839,207.61,14,51,web
C7840,74.31,3,43,tienda
C7841,646.01,6,60,app
C7842,581.42,5,35,web
C7843,93.7,3,37,web
C7844,103.98,3,46,tienda
C7845,265.72,10,60,app
C7846,578.4,4,44,web
C7847,71.04,2,27,tienda
C7848,287.8,14,4,tienda
C7849,68.29,2,27,tienda
C7850,85.33,2,5,tienda
C7851,697.16,6,47,web
C7852,74.67,2,46,tienda
C7853,90.41,2,15,tienda
C7854,517.67,3,45,tienda
C7855,262.6,8,53,app
C7856,71.58,5,3,tienda
C7857,236.06,18,3,web
C7858,212.2,12,14,web
C7859,779.64,5,15,web
C7860,207.12,14,20,app
C7861,258.38,9,6,app
C7862,677.55,4,26,tienda
C7863,681.49,6,32,tienda
C7864,652.54,9,4,web
C7865,75.88,2,54,web
C7866,60.01,3,14,tienda
C7867,59.48,2,53,tienda
C7868,245.04,13,7,web
C7869,90.53,2,58,web
C7870,691.45,4,14,tienda
C7871,69.92,3,35,tienda
C7872,77.68,3,22,web
C7873,652.66,6,58,web
C7874,217.65,15,29,app
C7875,184.36,12,51,tienda
C7876,78.51,3,56,tienda
C7877,638.86,4,36,web
C7878,81.68,3,41,web
C7879,327.97,9,45,web
C7880,589.73,5,58,app
C7881,238.81,11,54,web
C7882,201.09,13,21,app
C7883,318.47,10,58,app
C7884,533.49,5,42,web
C7885,239.47,11,57,app
C7886,170.5,15,27,app
C7887,197.09,8,6,app
C7888,216.4,14,33,app
C7889,74.66,3,35,web
C7890,75.24,3,59,web
C7891,656.76,5,46,web
C7892,237.61,12,44,app
C7893,604.65,6,18,tienda
C7894,76.43,2,53,tienda
C7895,80.6,3,57,tienda
C7896,197.32,10,8,app
C7897,76.64,2,31,tienda
C7898,542.55,4,21,tienda
C7899,265.96,13,12,app
C7900,578.01,5,11,web
C7901,586.24,7,45,app
C7902,199.2,10,19,web
C7903,68.71,2,14,tienda
C7904,198.08,8,16,app
C7905,81.25,3,59,web
C7906,181.35,10,52,app
C7907,188.43,10,3,tienda
C7908,198.27,14,31,app
C7909,88.97,3,41,web
C7910,98.58,3,35,web
C7911,521.8,4,50,tienda
C7912,589.28,6,10,web
C7913,244.53,14,54,app
C7914,612.75,5,6,web
C7915,525.82,5,5,web
C7916,196.6,16,8,tienda
C7917,86.29,2,43,web
C7918,82.77,3,53,tienda
C7919,160.35,14,14,web
C7920,265.45,11,39,app
C7921,215.09,21,39,app
C7922,169.4,19,8,app
C7923,79.85,2,16,tienda
C7924,656.82,4,56,tienda
C7925,176.31,11,53,app
C7926,86.24,2,5,app
C7927,75.66,3,13,tienda
C7928,96.37,3,11,tienda
C7929,118.56,2,17,app
C7930,526.83,7,41,web
C7931,93.35,2,18,app
C7932,179.31,13,42,app
C7933,201.94,10,56,app
C7934,625.14,5,8,tienda
C7935,183.48,14,43,app
C7936,664.67,4,38,web
C7937,79.48,3,54,tienda
C7938,201.75,16,48,app
C7939,84.58,2,49,tienda
C7940,669.03,5,1,web
C7941,184.53,16,32,web
C7942,229.29,9,42,app
C7943,219.54,9,15,web
C7944,232.31,16,56,app
C7945,80.24,4,10,tienda
C7946,256.19,16,6,app
C7947,88.44,2,43,tienda
C7948,581.1,5,23,web
C7949,67.21,4,45,tienda
C7950,195.71,10,20,app
C7951,76.3,3,1,web
C7952,660.53,5,23,tienda
C7953,584.15,6,34,tienda
C7954,653.63,6,31,web
C7955,639.55,3,19,tienda
C7956,847.14,6,2,tienda
C7957,227.73,19,35,web
C7958,99.71,2,45,tienda
C7959,80.07,2,5,app
C7960,575.08,4,48,web
C7961,611.16,5,1,web
C7962,690.27,7,4,tienda
C7963,73.37,2,43,app
C7964,64.86,3,27,web
C7965,177.89,9,2,app
C7966,654.33,5,13,web
C7967,557.03,7,50,web
C7968,77.55,2,29,tienda
C7969,74.81,2,20,tienda
C7970,246.41,11,6,app
C7971,531.94,5,21,tienda
C7972,205.42,10,23,app
C7973,66.89,3,27,tienda
C7974,195.86,10,11,web
C7975,89.27,3,35,tienda
C7976,107.65,2,37,app
C7977,84.39,2,10,app
C7978,258.68,11,44,app
C7979,270,13,14,app
C7980,78.75,2,12,tienda
C7981,672.74,4,13,web
C7982,75.23,2,34,web
C7983,201.44,11,17,web
C7984,216.2,16,44,app
C7985,153.23,18,56,web
C7986,73.25,2,41,tienda
C7987,99.22,4,58,tienda
C7988,525.36,6,36,tienda
C7989,225.17,25,22,app
C7990,579.45,5,12,tienda
C7991,679.49,4,40,web
C7992,74.05,2,46,tienda
C7993,213.64,11,59,tienda
C7994,186.85,13,60,app
C7995,106.98,2,5,tienda
C7996,175.75,8,46,app
C7997,658.09,6,59,web
C7998,70.69,2,46,web
C7999,575.8,5,37,web
C8000,280.98,17,52,app
C8001,77.41,3,21,web
C8002,82.91,3,55,tienda
C8003,588.59,5,47,tienda
C8004,245.16,11,50,web
C8005,78.06,2,19,app
C8006,190.54,13,53,app
C8007,94.16,3,60,tienda
C8008,813.54,4,13,tienda
C8009,584.62,4,29,tienda
C8010,88.58,2,11,tienda
C8011,195.86,11,57,app
C8012,695.75,4,33,web
C8013,78.33,2,21,tienda
C8014,97.46,3,13,tienda
C8015,752.32,4,3,app
C8016,642.75,4,30,web
C8017,192.7,12,59,web
C8018,639.03,5,14,web
C8019,165.65,13,10,web
C8020,244.52,16,4,app
C8021,84.18,2,49,tienda
C8022,265.42,13,13,app
C8023,62.15,3,14,web
C8024,246.98,11,56,tienda
C8025,77.72,2,27,web
C8026,274.74,11,5,app
C8027,59.49,3,58,tienda
C8028,186.72,9,59,web
C8029,311.17,15,23,web
C8030,209.26,16,53,app
C8031,216.25,17,60,web
C8032,232.55,11,27,tienda
C8033,82.18,3,28,web
C8034,582.37,5,19,tienda
C8035,93.78,3,37,tienda
C8036,661.58,5,34,web
C8037,194.88,13,41,app
C8038,576.72,5,29,app
C8039,215.46,8,25,tienda
C8040,235.57,12,45,app
C8041,81.57,2,58,tienda
C8042,186.17,11,29,web
C8043,91.01,2,43,app
C8044,62.38,3,7,tienda
C8045,231.63,14,30,web
C8046,761.4,4,50,tienda
C8047,197.04,25,5,tienda
C8048,185.49,13,50,app
C8049,191.02,9,38,tienda
C8050,78.65,2,17,tienda
C8051,229.93,12,21,app
C8052,84.5,3,24,tienda
C8053,703.7,4,58,web
C8054,291.57,15,11,web
C8055,76.73,2,8,web
C8056,190.96,15,49,web
C8057,220.45,15,28,tienda
C8058,69.21,2,58,tienda
C8059,180.68,12,41,web
C8060,214.45,14,48,app
C8061,73.57,3,52,web
C8062,512.15,5,31,web
C8063,217.8,13,56,tienda
C8064,83.36,3,50,app
C8065,74.73,4,40,tienda
C8066,234.75,10,21,web
C8067,590.3,6,34,tienda
C8068,98.61,2,9,tienda
C8069,174.68,13,18,app
C8070,619.99,4,31,tienda
C8071,209.68,13,1,web
C8072,759.64,5,41,web
C8073,181.42,12,52,app
C8074,688.42,4,5,app
C8075,290.21,12,15,web
C8076,200.51,9,49,web
C8077,112.48,3,29,web
C8078,73.24,2,3,web
C8079,581.63,3,60,tienda
C8080,82.85,3,30,tienda
C8081,207.86,15,28,web
C8082,168.76,16,20,web
C8083,82.65,4,47,app
C8084,598.07,3,23,tienda
C8085,96.39,4,26,web
C8086,69.86,2,50,tienda
C8087,58.62,2,58,web
C8088,90.5,3,13,web
C8089,712.5,6,53,tienda
C8090,183.63,12,31,app
C8091,279.94,15,1,web
C8092,75.31,4,11,tienda
C8093,78.83,3,41,web
C8094,185.42,12,55,web
C8095,672.99,6,59,tienda
C8096,87.69,2,39,tienda
C8097,222.48,14,16,app
C8098,621.68,5,20,web
C8099,204.79,16,23,web
C8100,214.36,11,48,tienda
C8101,210.45,9,40,web
C8102,544.63,6,19,web
C8103,76.21,2,39,tienda
C8104,236.32,12,44,web
C8105,281.51,11,40,app
C8106,87.45,2,31,tienda
C8107,215.65,13,58,app
C8108,182.51,13,48,tienda
C8109,206.23,10,5,web
C8110,85.04,3,20,tienda
C8111,696.1,4,48,web
C8112,257.39,8,59,app
C8113,536.05,6,52,tienda
C8114,84.44,3,54,tienda
C8115,178.58,15,39,app
C8116,209.73,8,52,web
C8117,78.41,3,48,tienda
C8118,61.19,2,35,tienda
C8119,610.38,4,9,web
C8120,93.83,3,18,tienda
C8121,226.14,9,12,app
C8122,210.48,13,60,app
C8123,671.23,5,17,web
C8124,209.22,13,53,tienda
C8125,69.54,3,35,tienda
C8126,80.61,3,46,web
C8127,237.86,14,46,web
C8128,66.79,2,25,web
C8129,224.76,17,35,app
C8130,82.19,4,6,web
C8131,205.45,12,41,app
C8132,286.03,10,43,web
C8133,84.23,2,30,tienda
C8134,201.99,10,33,app
C8135,250.74,14,60,web
C8136,221.98,10,35,app
C8137,239.04,8,42,app
C8138,234.84,11,34,tienda
C8139,69.98,2,29,web
C8140,69.6,2,52,tienda
C8141,84.28,2,5,tienda
C8142,222.85,8,34,web
C8143,213.01,10,50,web
C8144,60.58,4,45,tienda
C8145,243.96,10,16,tienda
C8146,76.05,2,27,tienda
C8147,82.5,3,10,tienda
C8148,728.47,5,34,web
C8149,62.85,3,46,app
C8150,652.4,7,19,tienda
C8151,575.47,6,47,tienda
C8152,95.98,2,36,web
C8153,564.34,5,3,web
C8154,83.89,2,7,web
C8155,805.29,6,5,web
C8156,105.46,3,60,tienda
C8157,590.86,4,48,tienda
C8158,602.67,5,43,tienda
C8159,688.52,4,7,web
C8160,87.05,3,32,tienda
C8161,193.64,12,27,web
C8162,773.81,6,26,tienda
C8163,249.76,11,37,web
C8164,75.36,2,35,web
C8165,240.71,8,9,app
C8166,270.04,11,16,web
C8167,76.19,3,41,tienda
C8168,238.12,13,59,tienda
C8169,282.04,10,13,app
C8170,97.25,2,39,tienda
C8171,679.68,4,50,web
C8172,573.63,4,51,app
C8173,60.87,1,13,web
C8174,837.44,6,35,web
C8175,78.1,4,19,tienda
C8176,675.37,5,55,web
C8177,252.47,11,49,app
C8178,74.44,4,35,web
C8179,104.71,3,38,web
C8180,101.81,2,8,web
C8181,543.88,6,33,web
C8182,69.24,2,32,tienda
C8183,205.29,12,15,app
C8184,81.52,2,14,web
C8185,69.3,3,41,web
C8186,80.79,2,16,tienda
C8187,70.16,2,59,web
C8188,210.74,15,31,app
C8189,738.32,5,14,web
C8190,102.74,3,50,tienda
C8191,78.41,3,7,tienda
C8192,65.75,2,58,web
C8193,98.43,2,51,web
C8194,152.45,9,26,web
C8195,222.79,16,21,app
C8196,236.18,12,49,web
C8197,244.41,9,59,web
C8198,186.25,16,7,app
C8199,653.43,6,40,web
C8200,81.26,2,54,tienda
C8201,73.84,3,8,tienda
C8202,212.49,10,37,web
C8203,675.65,5,5,app
C8204,58.06,3,13,tienda
C8205,210.52,9,24,web
C8206,93.29,4,43,tienda
C8207,84.51,2,32,tienda
C8208,750.16,5,35,tienda
C8209,75.12,3,39,web
C8210,71.73,2,3,tienda
C8211,561.33,4,29,web
C8212,89.48,3,11,tienda
C8213,206.9,12,3,app
C8214,231.49,13,43,app
C8215,508.66,4,7,tienda
C8216,748.93,3,35,tienda
C8217,79.8,2,59,tienda
C8218,552.36,6,21,app
C8219,159.52,10,35,app
C8220,63.5,3,47,tienda
C8221,189.38,12,23,web
C8222,216.24,12,56,tienda
C8223,167.83,10,50,web
C8224,602.44,4,56,app
C8225,175.15,10,36,web
C8226,511.31,5,50,tienda
C8227,253.67,12,11,app
C8228,77.54,3,52,tienda
C8229,115.97,2,31,tienda
C8230,783.9,5,54,tienda
C8231,212.22,11,43,web
C8232,704.42,5,16,web
C8233,76.48,3,59,tienda
C8234,632.05,4,19,web
C8235,93.95,3,47,web
C8236,242.12,16,30,web
C8237,628.44,5,10,tienda
C8238,87.5,2,59,tienda
C8239,711.48,6,22,web
C8240,96.05,3,10,tienda
C8241,98.47,3,53,tienda
C8242,71.4,2,40,tienda
C8243,575.93,5,4,tienda
C8244,85.86,3,56,app
C8245,83.52,2,41,tienda
C8246,80.91,3,17,app
C8247,585.57,5,9,tienda
C8248,85.83,3,3,web
C8249,684.62,6,41,tienda
C8250,168.24,10,5,web
C8251,73.08,2,31,app
C8252,234.68,15,52,app
C8253,83.72,2,50,app
C8254,73.99,2,4,tienda
C8255,87.66,2,15,app
C8256,87.18,3,10,tienda
C8257,72.95,2,21,tienda
C8258,690.33,5,29,app
C8259,485.06,4,31,web
C8260,70.91,3,46,tienda
C8261,234.97,12,44,tienda
C8262,86.6,3,1,web
C8263,488.93,4,10,tienda
C8264,57.23,3,50,app
C8265,91.82,2,43,tienda
C8266,75.36,3,47,web
C8267,70.49,3,60,web
C8268,221.03,7,27,app
C8269,560.12,6,11,web
C8270,232.8,13,50,tienda
C8271,213.82,13,56,tienda
C8272,186.93,11,57,web
C8273,78.42,2,27,web
C8274,253.61,12,40,app
C8275,87.66,2,30,tienda
C8276,215.4,12,52,tienda
C8277,68.38,3,2,tienda
C8278,110.75,2,24,tienda
C8279,541.07,5,37,tienda
C8280,295.46,10,48,tienda
C8281,228.7,12,51,app
C8282,297.51,12,13,app
C8283,223.38,12,9,web
C8284,166.55,10,22,web
C8285,213.73,9,33,app
C8286,82.58,3,7,web
C8287,66.72,3,29,tienda
C8288,81.06,3,12,app
C8289,155.79,13,52,web
C8290,216.17,14,37,app
C8291,75.41,3,31,web
C8292,743.78,5,59,web
C8293,249.74,8,29,web
C8294,624.01,4,27,app
C8295,91.36,2,14,tienda
C8296,72.37,2,25,tienda
C8297,541.84,5,2,web
C8298,202.65,12,48,tienda
C8299,99.6,3,47,web
C8300,103.1,2,58,web
C8301,767.38,4,19,app
C8302,81.66,2,16,tienda
C8303,544.08,4,46,web
C8304,84.26,3,49,tienda
C8305,246.4,12,4,app
C8306,264.86,13,28,app
C8307,478.52,3,36,tienda
C8308,618.06,6,55,app
C8309,208.49,11,8,app
C8310,86,2,53,tienda
C8311,80.79,3,9,tienda
C8312,249.04,12,40,web
C8313,200.24,14,21,web
C8314,163.88,10,23,web
C8315,233.95,10,5,app
C8316,591.99,9,39,tienda
C8317,82.83,2,47,tienda
C8318,92.5,3,12,app
C8319,495.06,3,16,web
C8320,203.25,15,57,app
C8321,203.12,12,51,app
C8322,75.95,2,58,web
C8323,622.27,7,11,tienda
C8324,81.96,3,9,tienda
C8325,85.31,2,11,tienda
C8326,594.17,6,23,tienda
C8327,98.29,2,53,tienda
C8328,607.51,7,45,tienda
C8329,651.09,5,30,web
C8330,86.16,3,7,tienda
C8331,103.14,2,1,web
C8332,83.89,2,16,web
C8333,69.64,4,52,web
C8334,198.98,11,44,app
C8335,540.03,5,23,tienda
C8336,647.66,5,40,web
C8337,215.87,16,27,app
C8338,582.02,5,12,web
C8339,242.98,10,22,app
C8340,224.7,11,26,app
C8341,540.92,6,10,web
C8342,82.81,2,23,tienda
C8343,220.62,13,30,web
C8344,297.3,10,40,app
C8345,764.32,6,34,web
C8346,82.29,3,5,tienda
C8347,183.06,14,38,app
C8348,208.3,19,51,app
C8349,75.42,3,51,tienda
C8350,243.41,14,38,tienda
C8351,193.14,13,43,tienda
C8352,66.89,2,17,tienda
C8353,214.97,9,42,web
C8354,655.84,5,53,app
C8355,99.39,3,38,tienda
C8356,200.12,12,3,app
C8357,492.76,5,18,tienda
C8358,295.68,13,49,app
C8359,707.49,5,56,web
C8360,168.84,12,57,app
C8361,86.17,3,26,web
C8362,196.94,12,18,app
C8363,267.08,8,23,app
C8364,214.24,12,37,app
C8365,569.16,3,16,web
C8366,450.92,5,29,tienda
C8367,226.13,13,11,app
C8368,81.32,3,40,app
C8369,641.18,6,48,tienda
C8370,660.1,6,45,tienda
C8371,821.9,4,15,tienda
C8372,75.42,4,22,tienda
C8373,188.88,9,41,app
C8374,160.62,9,9,web
C8375,83.33,2,3,app
C8376,127.59,2,7,tienda
C8377,85.22,3,19,tienda
C8378,84.31,2,10,tienda
C8379,92.77,3,15,tienda
C8380,700.3,4,6,web
C8381,95.94,3,18,tienda
C8382,66.3,2,22,tienda
C8383,614.27,4,3,tienda
C8384,216.11,10,10,app
C8385,703.44,4,30,web
C8386,659.71,3,14,tienda
C8387,87.83,3,59,tienda
C8388,755,5,21,tienda
C8389,911.25,4,37,tienda
C8390,212.59,16,1,tienda
C8391,71.99,2,58,tienda
C8392,66.54,3,60,tienda
C8393,511.18,5,32,tienda
C8394,95.04,1,23,tienda
C8395,234.01,10,10,web
C8396,62.69,2,3,app
C8397,75.11,3,51,app
C8398,651.12,3,46,tienda
C8399,226.88,10,58,web
C8400,225.11,19,56,tienda
C8401,244.6,11,43,app
C8402,89.13,4,43,tienda
C8403,75.33,2,24,web
C8404,280.47,11,36,app
C8405,200.84,14,11,web
C8406,65.15,2,57,web
C8407,90.13,3,19,tienda
C8408,280.09,10,23,app
C8409,212.52,19,44,web
C8410,568.65,5,25,tienda
C8411,190.66,9,31,app
C8412,188.9,10,55,app
C8413,82.18,3,15,tienda
C8414,725.23,6,34,tienda
C8415,91.68,4,48,tienda
C8416,99.59,3,30,tienda
C8417,247.84,15,51,app
C8418,666.78,3,13,web
C8419,584.42,4,17,tienda
C8420,78.52,2,18,tienda
C8421,661.47,5,52,tienda
C8422,71.31,2,8,web
C8423,731.3,4,23,web
C8424,612.77,3,37,tienda
C8425,217.69,10,15,app
C8426,717.03,5,30,tienda
C8427,65.43,3,10,web
C8428,94.41,2,50,web
C8429,674.16,5,10,tienda
C8430,81.46,2,48,tienda
C8431,493.53,5,28,web
C8432,70.47,3,51,web
C8433,584.02,4,28,web
C8434,83.64,1,34,tienda
C8435,75.44,3,30,web
C8436,206.52,15,60,app
C8437,197.27,11,14,app
C8438,71.03,2,7,app
C8439,63.71,3,58,web
C8440,85.16,2,41,web
C8441,72.06,3,50,tienda
C8442,668.06,4,43,web
C8443,60.62,3,37,tienda
C8444,611.66,3,4,app
C8445,72.89,3,15,tienda
C8446,96.21,2,7,tienda
C8447,647.76,4,3,tienda
C8448,268.37,14,56,web
C8449,525.29,3,59,tienda
C8450,74.05,2,36,web
C8451,70.01,3,13,web
C8452,63.13,2,42,tienda
C8453,65.97,2,9,tienda
C8454,75.43,4,27,tienda
C8455,82.33,2,38,tienda
C8456,81.86,3,38,web
C8457,88.75,2,5,web
C8458,535.2,5,52,tienda
C8459,82.82,2,12,tienda
C8460,263.79,11,48,app
C8461,670.53,4,6,web
C8462,173.9,13,1,web
C8463,241.23,17,9,web
C8464,65.75,2,30,tienda
C8465,74.37,2,3,web
C8466,592.89,5,21,tienda
C8467,202.37,9,6,app
C8468,90.45,2,36,web
C8469,80.85,3,40,tienda
C8470,487.9,3,25,web
C8471,693.49,5,51,web
C8472,228.57,11,10,app
C8473,623.12,4,29,web
C8474,79.94,3,37,app
C8475,77.82,2,19,tienda
C8476,239.39,11,11,app
C8477,586.7,5,59,app
C8478,656.23,4,51,web
C8479,967.7,5,29,web
C8480,67.14,3,32,tienda
C8481,93.31,3,36,web
C8482,83.88,3,58,tienda
C8483,524.67,5,39,tienda
C8484,83.08,3,28,tienda
C8485,78.1,2,58,tienda
C8486,247.8,14,39,web
C8487,89.54,3,16,app
C8488,73.14,3,56,web
C8489,68.26,3,25,tienda
C8490,82.03,3,59,tienda
C8491,631.32,5,29,web
C8492,607.23,5,13,web
C8493,97.54,2,22,tienda
C8494,209.62,9,27,web
C8495,660.64,4,1,tienda
C8496,87.28,4,29,tienda
C8497,96.5,2,57,web
C8498,232.47,13,35,tienda
C8499,193.63,10,38,app
C8500,77.64,3,45,tienda
C8501,103.34,3,39,web
C8502,179.36,12,42,app
C8503,269.85,14,25,app
C8504,74.46,2,23,tienda
C8505,224.59,7,36,app
C8506,640.55,6,30,web
C8507,68.39,2,59,app
C8508,302.35,11,60,tienda
C8509,199.72,12,29,app
C8510,79.07,3,41,app
C8511,71.67,2,14,web
C8512,77.18,2,60,app
C8513,220.78,16,24,web
C8514,226.26,16,34,app
C8515,86.97,3,14,tienda
C8516,691.72,4,46,tienda
C8517,523.16,4,40,web
C8518,197.94,17,48,tienda
C8519,63.49,2,45,web
C8520,63.79,2,49,web
C8521,244.72,8,5,app
C8522,73.04,2,5,tienda
C8523,80.66,3,27,tienda
C8524,220.68,12,55,web
C8525,73.27,4,60,web
C8526,70.05,2,39,tienda
C8527,68.95,2,23,web
C8528,610.75,7,59,web
C8529,896.44,7,44,app
C8530,681.21,4,2,web
C8531,247.19,6,20,app
C8532,79.67,3,36,tienda
C8533,76.52,2,6,tienda
C8534,169.21,12,49,web
C8535,811.64,4,17,web
C8536,196.55,15,42,app
C8537,71.48,2,26,tienda
C8538,66.77,3,56,web
C8539,560.53,4,49,tienda
C8540,83.53,2,4,web
C8541,259.89,14,43,web
C8542,202.3,17,28,web
C8543,92.83,3,7,app
C8544,57.47,3,7,tienda
C8545,75.52,3,32,tienda
C8546,83.86,3,5,web
C8547,76.78,2,11,tienda
C8548,115.61,3,30,tienda
C8549,77.54,3,22,web
C8550,194.42,10,48,web
C8551,693.18,6,21,tienda
C8552,244.18,8,50,app
C8553,197.66,14,22,app
C8554,176.02,11,50,web
C8555,95.63,3,32,tienda
C8556,72.09,2,44,web
C8557,183.39,11,14,app
C8558,81.86,1,23,web
C8559,629.56,5,32,tienda
C8560,271.3,14,50,app
C8561,66.54,2,1,tienda
C8562,60.59,2,29,app
C8563,225.3,10,5,app
C8564,71.66,2,28,web
C8565,72.22,3,46,web
C8566,688.4,5,2,web
C8567,215.33,20,41,app
C8568,242.3,11,13,web
C8569,217.62,11,47,app
C8570,81.15,3,50,tienda
C8571,653.88,8,44,web
C8572,93.11,3,18,tienda
C8573,82.3,2,31,web
C8574,317.44,15,15,tienda
C8575,204.38,10,60,app
C8576,235.93,15,25,app
C8577,74.47,2,38,tienda
C8578,87.89,2,29,tienda
C8579,809.09,4,50,tienda
C8580,80.7,2,21,tienda
C8581,596.83,6,46,web
C8582,225.51,11,58,app
C8583,212,11,30,web
C8584,186.56,14,59,web
C8585,612.84,6,11,web
C8586,119.4,2,39,tienda
C8587,70.04,3,2,tienda
C8588,621.64,5,45,tienda
C8589,82.9,4,25,web
C8590,90.63,2,33,tienda
C8591,161.83,11,46,web
C8592,218.41,13,48,app
C8593,75.82,2,8,tienda
C8594,70.02,3,60,tienda
C8595,729.9,6,45,tienda
C8596,80.05,2,42,tienda
C8597,216.13,17,32,app
C8598,82.45,2,9,web
C8599,81.05,3,47,tienda
C8600,96.29,2,13,web
C8601,220.13,9,21,app
C8602,269.52,19,35,tienda
C8603,97.01,3,16,tienda
C8604,74.77,2,52,web
C8605,200.28,10,40,tienda
C8606,210.23,10,22,web
C8607,79.64,2,24,tienda
C8608,92.24,3,11,tienda
C8609,74.52,4,29,tienda
C8610,235.17,14,27,app
C8611,79.67,3,18,tienda
C8612,83.59,3,53,web
C8613,100.08,2,12,tienda
C8614,90.84,3,9,tienda
C8615,201.5,19,19,web
C8616,634.5,4,36,web
C8617,208.77,13,39,app
C8618,78.79,2,26,tienda
C8619,242.81,11,7,app
C8620,79.08,2,31,web
C8621,240.02,20,52,app
C8622,83.37,2,26,tienda
C8623,615.59,5,47,web
C8624,75.58,2,10,web
C8625,83.7,2,35,tienda
C8626,82.61,4,8,tienda
C8627,794.53,5,13,tienda
C8628,82.22,3,44,tienda
C8629,71.18,3,41,tienda
C8630,108.84,3,35,app
C8631,702.84,5,53,web
C8632,154.51,13,6,app
C8633,263.82,12,58,app
C8634,173.88,8,19,tienda
C8635,88.86,3,44,web
C8636,201.06,15,40,app
C8637,73.03,2,16,web
C8638,58.44,3,19,tienda
C8639,62.34,3,52,tienda
C8640,70.79,3,7,tienda
C8641,303,10,29,web
C8642,444.87,4,15,web
C8643,586.02,4,42,web
C8644,98.43,2,50,tienda
C8645,525.89,6,52,tienda
C8646,241.36,16,12,app
C8647,77.02,2,37,tienda
C8648,71.19,3,41,tienda
C8649,492.12,5,2,tienda
C8650,921.17,6,40,tienda
C8651,600.56,5,1,web
C8652,69.25,2,31,tienda
C8653,712.13,6,25,tienda
C8654,217.65,14,35,app
C8655,175.68,10,40,app
C8656,167.32,8,47,web
C8657,76.39,4,29,tienda
C8658,85.75,4,33,tienda
C8659,65.87,3,60,web
C8660,199.61,19,11,app
C8661,235.43,11,26,web
C8662,79.48,3,38,tienda
C8663,216.28,12,36,tienda
C8664,248.27,17,34,app
C8665,210.12,11,24,web
C8666,212.83,15,25,tienda
C8667,65.68,3,27,tienda
C8668,109.23,2,40,tienda
C8669,85.73,2,3,tienda
C8670,74.06,2,21,app
C8671,74.09,2,48,app
C8672,205.24,14,12,app
C8673,720.35,8,51,web
C8674,58.35,3,57,tienda
C8675,198.34,11,54,app
C8676,94.19,2,11,tienda
C8677,75.76,2,17,tienda
C8678,223.15,13,7,web
C8679,75.29,2,19,web
C8680,184.91,10,29,app
C8681,82.6,2,10,tienda
C8682,177.6,8,53,app
C8683,641.16,5,45,web
C8684,576.33,5,15,app
C8685,838.07,6,50,web
C8686,100.49,3,39,tienda
C8687,272.35,12,58,tienda
C8688,79.97,3,41,app
C8689,240.42,12,56,tienda
C8690,213.16,13,33,app
C8691,228.9,9,55,app
C8692,547.68,7,49,tienda
C8693,595.81,5,9,web
C8694,570.4,5,10,web
C8695,204.34,17,44,web
C8696,498.01,5,52,web
C8697,91.53,3,19,tienda
C8698,84.19,2,31,tienda
C8699,231.65,7,28,app
C8700,239.03,14,14,app
C8701,180.22,11,60,web
C8702,88.87,2,11,tienda
C8703,177.97,13,2,web
C8704,79.79,2,22,tienda
C8705,650.72,6,29,tienda
C8706,728.06,4,9,web
C8707,217.14,11,7,app
C8708,687.58,6,41,tienda
C8709,628.44,5,21,tienda
C8710,579.62,5,28,tienda
C8711,68.44,2,29,tienda
C8712,70.86,3,22,web
C8713,576.77,5,16,tienda
C8714,253.17,11,21,app
C8715,861.99,5,10,tienda
C8716,246.74,16,58,web
C8717,248.23,12,24,app
C8718,260.7,13,41,web
C8719,591.91,8,12,tienda
C8720,79.4,3,50,tienda
C8721,66.79,2,57,web
C8722,75.1,2,33,app
C8723,72.6,2,11,web
C8724,189.62,11,40,app
C8725,89.76,3,12,tienda
C8726,573.2,5,4,tienda
C8727,83.98,3,58,tienda
C8728,82.72,2,38,tienda
C8729,195.11,12,39,web
C8730,190.9,15,51,web
C8731,673.05,4,47,web
C8732,683.27,5,32,tienda
C8733,213.38,12,28,app
C8734,206.92,9,24,web
C8735,111.92,4,45,tienda
C8736,235.36,13,25,app
C8737,93.96,2,40,web
C8738,88.68,2,19,tienda
C8739,199.9,13,55,app
C8740,77.3,2,11,tienda
C8741,266.05,12,9,web
C8742,67.23,2,12,web
C8743,95.12,3,47,web
C8744,663.52,5,45,web
C8745,241.39,12,23,tienda
C8746,192.4,8,52,tienda
C8747,728.02,5,18,web
C8748,82.82,2,59,web
C8749,187.4,11,15,app
C8750,642.48,5,59,web
C8751,74.88,1,31,web
C8752,74.99,3,11,tienda
C8753,73.07,3,29,tienda
C8754,595.78,4,29,tienda
C8755,74.57,2,24,tienda
C8756,108.14,2,33,web
C8757,84.43,2,13,tienda
C8758,77.46,2,4,tienda
C8759,192.41,13,15,web
C8760,63.18,3,45,app
C8761,277.99,11,20,app
C8762,228.46,13,54,app
C8763,220.67,13,33,web
C8764,262.75,12,24,tienda
C8765,68.75,2,4,tienda
C8766,73.34,3,54,tienda
C8767,214.59,10,20,app
C8768,276.36,11,53,app
C8769,75.69,4,38,tienda
C8770,71.81,2,2,tienda
C8771,64.38,2,47,app
C8772,75.86,3,21,tienda
C8773,210.27,14,21,tienda
C8774,690.47,7,18,web
C8775,188.22,12,15,web
C8776,84.29,2,17,tienda
C8777,696.7,4,17,web
C8778,226.91,15,51,app
C8779,83.8,3,32,tienda
C8780,253.04,12,48,app
C8781,715.42,5,43,tienda
C8782,75.23,3,51,web
C8783,200.55,10,43,app
C8784,561.75,6,20,tienda
C8785,224.35,12,42,web
C8786,436.25,5,16,tienda
C8787,574.62,5,53,web
C8788,224.5,14,53,web
C8789,209.44,13,59,app
C8790,65.77,2,6,tienda
C8791,562.77,4,40,app
C8792,71.08,3,1,tienda
C8793,596.27,4,4,web
C8794,90.91,3,3,app
C8795,82.24,3,1,app
C8796,70.63,3,43,web
C8797,98.46,2,5,web
C8798,99.95,2,7,web
C8799,70.56,2,25,tienda
C8800,248.5,11,8,app
C8801,66.36,3,9,web
C8802,235.71,14,10,app
C8803,89.95,2,57,web
C8804,796.26,4,20,web
C8805,103.35,3,26,web
C8806,65.66,2,59,web
C8807,708.38,7,35,web
C8808,302.49,14,55,web
C8809,243.48,14,30,web
C8810,82.74,3,32,web
C8811,191.02,15,48,tienda
C8812,202.37,10,38,app
C8813,273.84,12,4,web
C8814,674.73,4,31,tienda
C8815,189.26,10,19,app
C8816,101.93,2,59,tienda
C8817,489.55,7,11,web
C8818,77.66,2,57,tienda
C8819,603.56,5,7,tienda
C8820,549.99,5,6,tienda
C8821,540.75,5,5,web
C8822,77.69,2,37,tienda
C8823,657.37,5,49,web
C8824,652.29,7,38,tienda
C8825,585.37,5,2,tienda
C8826,68.86,1,8,tienda
C8827,75.26,3,19,web
C8828,265.66,15,56,app
C8829,78.89,2,56,tienda
C8830,194.96,11,3,app
C8831,217.52,12,30,app
C8832,81.74,3,28,tienda
C8833,717.23,5,49,web
C8834,233.6,16,8,tienda
C8835,88.75,3,17,web
C8836,685.06,5,60,tienda
C8837,592.76,5,31,web
C8838,583.9,4,8,tienda
C8839,277.65,15,8,web
C8840,219.56,12,26,web
C8841,76.04,2,49,app
C8842,581.96,7,11,web
C8843,87.33,2,55,tienda
C8844,218.97,10,18,app
C8845,193.61,9,41,app
C8846,155.35,15,6,web
C8847,266.43,12,50,tienda
C8848,65.95,2,52,tienda
C8849,190.13,17,48,app
C8850,277.5,8,27,app
C8851,67.34,3,52,tienda
C8852,495.49,5,55,tienda
C8853,95.77,3,26,tienda
C8854,78.44,3,49,web
C8855,523.92,4,35,web
C8856,203.41,10,54,app
C8857,218.08,12,40,web
C8858,233.92,15,41,app
C8859,67.74,2,5,app
C8860,333.5,23,27,tienda
C8861,249.76,12,16,app
C8862,219.15,13,56,app
C8863,234.65,13,6,app
C8864,84.62,3,8,tienda
C8865,265.08,10,23,web
C8866,236.35,15,29,tienda
C8867,219.91,12,31,web
C8868,205.93,11,30,app
C8869,210.99,10,53,app
C8870,210.74,11,41,tienda
C8871,81.66,2,22,web
C8872,570,7,26,web
C8873,179.89,10,42,app
C8874,635.56,4,29,tienda
C8875,274.01,15,9,web
C8876,170.88,18,29,web
C8877,210.31,10,41,app
C8878,862.36,5,53,tienda
C8879,103.62,2,15,tienda
C8880,812.23,7,3,web
C8881,572.03,7,29,tienda
C8882,85.99,3,19,web
C8883,779.12,5,55,web
C8884,747.65,5,43,tienda
C8885,82.14,2,60,web
C8886,591.26,7,5,web
C8887,106.42,3,43,tienda
C8888,234.89,12,30,app
C8889,180.2,14,23,web
C8890,234.15,13,58,app
C8891,653.53,5,44,app
C8892,51.18,3,42,web
C8893,87.98,3,19,web
C8894,649.85,7,17,tienda
C8895,73.74,3,1,tienda
C8896,505.7,5,32,web
C8897,77.5,3,33,tienda
C8898,615.18,5,10,web
C8899,87.45,2,56,web
C8900,241.27,10,14,app
C8901,86.55,3,55,web
C8902,81.41,2,14,tienda
C8903,585.87,4,13,tienda
C8904,275.04,12,4,web
C8905,188.47,15,53,app
C8906,200.47,14,33,tienda
C8907,73.66,3,58,tienda
C8908,85.21,2,5,tienda
C8909,68.06,3,4,web
C8910,74.29,3,15,tienda
C8911,175.42,12,43,web
C8912,75.96,2,13,tienda
C8913,242.74,14,24,app
C8914,77.11,2,20,tienda
C8915,55.31,2,45,web
C8916,89.32,3,45,tienda
C8917,273.33,12,26,web
C8918,172.02,15,59,app
C8919,87.34,4,4,tienda
C8920,305.83,12,40,app
C8921,651.29,3,40,tienda
C8922,525.23,6,24,app
C8923,808.64,5,7,web
C8924,79.02,2,40,tienda
C8925,197.02,15,2,app
C8926,164,13,20,tienda
C8927,598.5,6,4,tienda
C8928,175.45,19,30,app
C8929,70.24,3,6,web
C8930,672.09,3,51,tienda
C8931,252.85,20,51,tienda
C8932,75.17,2,21,tienda
C8933,693.6,5,18,web
C8934,64.53,2,22,app
C8935,66.63,2,41,web
C8936,269.92,10,45,web
C8937,493.72,4,11,web
C8938,248.7,13,1,app
C8939,74.26,2,24,web
C8940,85.89,2,7,app
C8941,575.84,4,13,web
C8942,79.27,3,9,tienda
C8943,583.51,5,22,tienda
C8944,260.29,15,39,web
C8945,662.31,5,37,tienda
C8946,226.59,14,7,app
C8947,83.4,2,35,tienda
C8948,505.67,6,25,tienda
C8949,73.28,3,25,tienda
C8950,279.59,8,11,tienda
C8951,629.36,5,7,web
C8952,74.17,2,5,tienda
C8953,723.55,4,11,tienda
C8954,80.69,3,50,tienda
C8955,168.41,18,34,app
C8956,739.49,4,34,web
C8957,76.04,2,54,web
C8958,109.05,2,60,web
C8959,580.98,5,53,app
C8960,76.89,2,57,tienda
C8961,77.42,3,44,tienda
C8962,194.3,17,49,app
C8963,629.13,7,13,web
C8964,217.99,15,13,app
C8965,195.6,16,60,app
C8966,524.69,8,10,tienda
C8967,584.63,5,19,web
C8968,62.34,3,55,tienda
C8969,217.45,16,48,tienda
C8970,568.31,5,33,tienda
C8971,209.58,16,56,web
C8972,60,2,30,web
C8973,258,20,1,app
C8974,673.01,4,3,app
C8975,163.88,15,5,app
C8976,634.33,7,51,web
C8977,71.04,2,44,tienda
C8978,84.68,3,5,tienda
C8979,726.55,6,4,web
C8980,74.91,2,36,tienda
C8981,92.45,2,24,tienda
C8982,675.66,5,50,web
C8983,54.59,2,5,tienda
C8984,726.81,4,15,web
C8985,514.48,5,22,web
C8986,97.84,3,6,tienda
C8987,60.4,2,17,tienda
C8988,91.35,2,60,web
C8989,105.55,2,37,tienda
C8990,92.54,2,10,web
C8991,156.24,14,5,app
C8992,214.17,20,39,tienda
C8993,213.04,12,20,app
C8994,58.8,3,17,tienda
C8995,196.6,12,15,app
C8996,510.25,5,17,tienda
C8997,78.61,3,10,web
C8998,637.61,5,25,web
C8999,170.99,17,4,web
C9000,788.37,6,17,app
